id	name	wiki_title	description	wiki_url
DOID:0050156	xơ phổi vô căn	Idiopathic pulmonary fibrosis	Xơ phổi vô căn (IPF), trước đây gọi là viêm phế nang xơ hóa ẩn, là một bệnh tiến triển hiếm gặp của hệ hô hấp, đặc trưng bởi sự dày lên và cứng lại của mô phổi, bao quanh các túi khí và có liên quan đến sự hình thành mô sẹo. Đây là một loại xơ phổi mãn tính được đặc trưng bởi sự suy giảm chức năng phổi tiến triển và không thể đảo ngược. Các triệu chứng thường bao gồm khó thở dần dần và ho khan. Những thay đổi khác có thể bao gồm cảm giác mệt mỏi và cảm giác dùi cui (ngón tay và móng chân có hình vòm và to bất thường). Các biến chứng có thể bao gồm tăng huyết áp phổi, suy tim, viêm phổi hoặc tắc mạch phổi. Nguyên nhân chưa được biết rõ, do đó có thuật ngữ vô căn. Các yếu tố nguy cơ bao gồm hút thuốc lá, bệnh trào ngược dạ dày thực quản, một số bệnh nhiễm virus và khuynh hướng di truyền. Cơ chế cơ bản liên quan đến sẹo phổi. Chẩn đoán đòi hỏi phải loại trừ các nguyên nhân tiềm ẩn khác. Nó có thể được hỗ trợ bằng chụp CT độ phân giải cao hoặc sinh thiết phổi cho thấy viêm phổi kẽ thông thường. Đây là một loại bệnh phổi kẽ. Mọi người thường được hưởng lợi từ việc phục hồi chức năng phổi và bổ sung oxy. Thuốc chống rung như pirfenidone hoặc nintedanib có thể làm chậm sự tiến triển của bệnh. Ghép phổi cũng có thể là một lựa chọn. Khoảng 5 triệu người bị ảnh hưởng trên toàn cầu. Bệnh mới xảy ra ở khoảng 12 trên 100.000 người mỗi năm. Những người ở độ tuổi 60 và 70 thường bị ảnh hưởng nhiều nhất. Nam giới bị ảnh hưởng thường xuyên hơn nữ giới. Tuổi thọ trung bình sau chẩn đoán là khoảng bốn năm. Các hướng dẫn quốc tế cập nhật đã được xuất bản vào năm 2022, giúp đơn giản hóa việc chẩn đoán và loại bỏ thuốc kháng axit như một liệu pháp bổ trợ khả thi.	https://en.wikipedia.org/wiki/Idiopathic_pulmonary_fibrosis
DOID:0050425	hội chứng chân bồn chồn	Restless legs syndrome	Hội chứng chân không yên (RLS), còn được gọi là bệnh Willis–Ekbom (WED), là một chứng rối loạn thần kinh, thường là mãn tính, gây ra cảm giác thôi thúc muốn cử động chân quá mức. Thường có một cảm giác khó chịu ở chân được cải thiện tạm thời bằng cách di chuyển chúng. Cảm giác này thường được mô tả là đau nhức, ngứa ran hoặc bò lổm ngổm. Thỉnh thoảng, cánh tay cũng có thể bị ảnh hưởng. Cảm giác thường xảy ra khi nghỉ ngơi và do đó có thể khiến bạn khó ngủ. Giấc ngủ bị gián đoạn có thể khiến những người mắc RLS buồn ngủ vào ban ngày, năng lượng thấp và cáu kỉnh hoặc trầm cảm. Ngoài ra, nhiều người còn bị co giật chân tay khi ngủ, một tình trạng được gọi là rối loạn vận động chân tay định kỳ (PLMD). RLS không giống như thói quen dậm chân hoặc lắc chân.	https://en.wikipedia.org/wiki/Restless_legs_syndrome
DOID:0050741	nghiện rượu	Alcohol dependence	Nghiện rượu là chẩn đoán tâm thần trước đây (DSM-IV và ICD-10), trong đó một cá nhân phụ thuộc về thể chất hoặc tâm lý vào rượu (còn được gọi là ethanol về mặt hóa học). Vào năm 2013, nó được phân loại lại thành rối loạn sử dụng rượu trong DSM-5, kết hợp giữa nghiện rượu và lạm dụng rượu trong chẩn đoán này.	https://en.wikipedia.org/wiki/Alcohol_dependence
DOID:0050742	sự phụ thuộc vào nicotin	Nicotine dependence	"Sự phụ thuộc vào nicotin là tình trạng phụ thuộc chất vào nicotin. Đây là một căn bệnh mãn tính, tái phát, đặc trưng bởi cảm giác thèm sử dụng ma túy bất chấp hậu quả xã hội, mất kiểm soát việc sử dụng ma túy và xuất hiện các triệu chứng cai nghiện. Sự dung nạp là một thành phần khác của sự phụ thuộc vào ma túy. Sự phụ thuộc vào nicotin phát triển theo thời gian khi một cá nhân tiếp tục sử dụng nicotin. Mặc dù thuốc lá là sản phẩm thuốc lá được sử dụng phổ biến nhất nhưng tất cả các hình thức sử dụng thuốc lá—bao gồm cả thuốc lá không khói và thuốc lá điện tử—đều có thể gây nghiện. Sự phụ thuộc vào nicotin là một vấn đề sức khỏe cộng đồng nghiêm trọng vì nó dẫn đến việc tiếp tục sử dụng thuốc lá và những ảnh hưởng tiêu cực liên quan đến sức khỏe. Sử dụng thuốc lá là một trong những nguyên nhân gây tử vong hàng đầu có thể phòng ngừa được trên toàn thế giới, gây ra hơn 8 triệu ca tử vong mỗi năm và giết chết một nửa số người sử dụng thuốc lá không bỏ thuốc lá. Người ta ước tính rằng những người đang hút thuốc sẽ chết sớm hơn trung bình 10 năm so với những người không hút thuốc. Theo Tổ chức Y tế Thế giới, ""Sự phụ thuộc vào nicotine nhiều hơn đã được chứng minh là có liên quan đến động lực bỏ thuốc thấp hơn, khó cố gắng bỏ thuốc và không thể bỏ thuốc, cũng như hút điếu thuốc đầu tiên sớm hơn trong ngày và hút nhiều thuốc hơn mỗi ngày."" WHO ước tính có 1,24 tỷ người sử dụng thuốc lá trên toàn cầu vào năm 2022, con số này dự kiến ​​sẽ giảm xuống còn 1,2 tỷ vào năm 2025. Trong số 34 triệu người hút thuốc ở Hoa Kỳ vào năm 2018, 74,6% hút thuốc mỗi ngày, cho thấy khả năng phụ thuộc vào nicotin ở một mức độ nào đó. Tỷ lệ phụ thuộc nicotin ngày càng tăng ở những người bị rối loạn tâm thần, chẳng hạn như rối loạn lo âu và rối loạn sử dụng chất gây nghiện. Có nhiều phương pháp khác nhau để đo lường sự phụ thuộc vào nicotin. Các thang đánh giá phổ biến dành cho người hút thuốc lá bao gồm Thử nghiệm Fagerström về sự phụ thuộc vào Nicotine, Cẩm nang chẩn đoán và thống kê các tiêu chí Rối loạn tâm thần, Thang đo mức độ phụ thuộc vào thuốc lá, Thang đo hội chứng phụ thuộc vào Nicotine và Bản kiểm kê động cơ phụ thuộc vào thuốc lá của Wisconsin. Nicotine là một chất kích thích đối giao cảm, liên kết với các thụ thể acetylcholine nicotinic trong não. Tính dẻo thần kinh trong hệ thống khen thưởng của não, bao gồm sự gia tăng số lượng thụ thể nicotin, xảy ra do sử dụng nicotin lâu dài và dẫn đến sự phụ thuộc vào nicotin. Ngược lại, tác dụng của nicotin lên cấu trúc não người (ví dụ: chất xám và chất trắng) chưa rõ ràng. Các yếu tố nguy cơ di truyền góp phần vào sự phát triển của sự phụ thuộc. Ví dụ, các dấu hiệu di truyền đối với các loại thụ thể nicotinic cụ thể (các thụ thể nicotinic α5–α3–β4) có liên quan đến việc tăng nguy cơ phụ thuộc. Các phương pháp điều trị dựa trên bằng chứng—bao gồm các loại thuốc như liệu pháp thay thế nicotin, bupropion, varenicline hoặc cytisine và tư vấn hành vi—có thể tăng gấp đôi hoặc gấp ba cơ hội cai thuốc thành công của người hút thuốc."	https://en.wikipedia.org/wiki/Nicotine_dependence
DOID:0060073	ung thư hệ bạch huyết		Không tìm thấy mô tả.	
DOID:0060119	ung thư vòm họng	Head and neck cancer	Ung thư đầu và cổ là một thuật ngữ chung bao gồm nhiều bệnh ung thư có thể phát triển ở vùng đầu và cổ. Chúng bao gồm ung thư miệng, lưỡi, nướu và môi (ung thư miệng), hộp thoại (thanh quản), họng (mũi họng, hầu họng, hạ họng), tuyến nước bọt, mũi và xoang. Ung thư đầu và cổ có thể biểu hiện nhiều triệu chứng khác nhau tùy thuộc vào nơi ung thư phát triển. Chúng có thể bao gồm vết loét trong miệng không lành, thay đổi giọng nói, khó nuốt, mảng đỏ hoặc trắng trong miệng và u ở cổ.  Phần lớn ung thư đầu cổ là do sử dụng rượu hoặc thuốc lá (kể cả thuốc lá không khói). Ngày càng có nhiều trường hợp do vi rút u nhú ở người (HPV) gây ra. Các yếu tố nguy cơ khác bao gồm virus Epstein–Barr, nhai trầu (paan), phơi nhiễm phóng xạ, dinh dưỡng kém và phơi nhiễm tại nơi làm việc với một số chất độc hại. Khoảng 90% được phân loại bệnh lý là ung thư tế bào vảy. Chẩn đoán được xác nhận bằng sinh thiết mô. Mức độ xâm lấn mô xung quanh và lan rộng có thể được xác định bằng hình ảnh y tế và xét nghiệm máu. Không sử dụng thuốc lá hoặc rượu có thể làm giảm nguy cơ ung thư đầu và cổ. Khám răng định kỳ có thể giúp xác định các dấu hiệu trước khi ung thư phát triển. Vắc-xin HPV giúp ngăn ngừa ung thư vòm họng liên quan đến HPV. Điều trị có thể bao gồm sự kết hợp của phẫu thuật, xạ trị, hóa trị và liệu pháp nhắm mục tiêu. Ở giai đoạn đầu, ung thư đầu và cổ thường có thể chữa khỏi nhưng 50% số người đến gặp bác sĩ khi bệnh đã ở giai đoạn nặng.  Trên toàn cầu, ung thư đầu cổ trung bình gây ra 650.000 ca ung thư mới và trung bình 330.000 ca tử vong hàng năm. Năm 2018, đây là căn bệnh ung thư phổ biến thứ bảy trên toàn thế giới, với 890.000 trường hợp mới được ghi nhận và 450.000 người chết vì căn bệnh này. Độ tuổi thông thường khi chẩn đoán là từ 55 đến 65 tuổi. Tỷ lệ sống sót trung bình 5 năm sau chẩn đoán ở các nước phát triển là 42–64%.	https://en.wikipedia.org/wiki/Head_and_neck_cancer
DOID:10021	ung thư tá tràng		Không tìm thấy mô tả.	
DOID:10153	ung thư hồi tràng		Không tìm thấy mô tả.	
DOID:1024	bệnh cùi	Leprosy	"Bệnh phong, còn được gọi là bệnh Hansen (HD), là một bệnh nhiễm trùng lâu dài do vi khuẩn Mycobacteria leprae hoặc Mycobacteria lepromatosis. Nhiễm trùng có thể dẫn đến tổn thương dây thần kinh, đường hô hấp, da và mắt. Tổn thương thần kinh này có thể dẫn đến mất khả năng hấp thụ, có thể dẫn đến mất các bộ phận ở tứ chi của một người do bị thương nhiều lần hoặc nhiễm trùng do vết thương không được chú ý. Người bị nhiễm bệnh cũng có thể bị yếu cơ và mất thị lực. Các triệu chứng bệnh phong có thể bắt đầu trong vòng một năm hoặc mất 20 năm hoặc hơn. Bệnh phong lây lan giữa mọi người, mặc dù cần phải tiếp xúc rộng rãi. Bệnh phong có khả năng gây bệnh thấp và 95% số người mắc bệnh hoặc tiếp xúc với M. leprae không mắc bệnh. Khả năng lây lan là do ho hoặc tiếp xúc với chất lỏng từ mũi của người bị bệnh phong. Các yếu tố di truyền và chức năng miễn dịch cơ bản đóng một vai trò trong việc một người dễ mắc bệnh như thế nào. Bệnh phong không lây truyền sang thai nhi trong quá trình mang thai hoặc qua quan hệ tình dục qua bộ phận sinh dục. Có hai loại bệnh chính là ít trực khuẩn và đa vi khuẩn, khác nhau về số lượng vi khuẩn hiện diện. Một người mắc bệnh vi khuẩn có ít hơn 5 mảng da kém sắc tố, tê liệt, trong khi một người mắc bệnh đa vi khuẩn có hơn 5 mảng da. Chẩn đoán được xác nhận bằng cách tìm thấy trực khuẩn kháng axit trong sinh thiết da. Bệnh phong có thể chữa khỏi bằng liệu pháp đa thuốc. Điều trị bệnh phong ít trực khuẩn bằng thuốc dapsone, rifampicin và clofazimine trong sáu tháng. Điều trị bệnh phong đa vi khuẩn sử dụng cùng một loại thuốc trong 12 tháng. Một số loại kháng sinh khác cũng có thể được sử dụng. Những phương pháp điều trị này được Tổ chức Y tế Thế giới cung cấp miễn phí. Bệnh phong không có tính lây lan cao. Người mắc bệnh phong có thể sống cùng gia đình, đi học và đi làm. Vào những năm 1980, toàn cầu có 5,2 triệu ca bệnh nhưng đến năm 2020 con số này giảm xuống dưới 200.000. Hầu hết các trường hợp mới xảy ra ở một trong 14 quốc gia, trong đó Ấn Độ chiếm hơn một nửa số trường hợp mới. Trong 20 năm từ 1994 đến 2014, 16 triệu người trên toàn thế giới đã được chữa khỏi bệnh phong. Việc tách những người bị ảnh hưởng bởi bệnh phong bằng cách đặt họ vào các khu dành cho người cùi không có bằng chứng xác đáng nhưng cho đến cuối những năm 2000 vẫn diễn ra ở một số khu vực ở Ấn Độ, Trung Quốc, Nhật Bản, Châu Phi và Thái Lan. Bệnh phong đã ảnh hưởng đến nhân loại trong hàng ngàn năm. Căn bệnh này lấy tên từ tiếng Hy Lạp λέπρα (lépra), từ λεπίς (lepís; 'scale'), trong khi thuật ngữ ""bệnh Hansen"" được đặt theo tên của bác sĩ người Na Uy Gerhard Armauer Hansen. Bệnh phong từ lâu đã gắn liền với sự kỳ thị của xã hội, điều này tiếp tục là rào cản đối với việc tự báo cáo và điều trị sớm. Bệnh phong được xếp vào loại bệnh nhiệt đới bị lãng quên. Ngày Bệnh phong Thế giới được bắt đầu vào năm 1954 nhằm nâng cao nhận thức cho những người bị ảnh hưởng bởi bệnh phong. Nghiên cứu về bệnh phong và cách điều trị bệnh này được gọi là bệnh phong."	https://en.wikipedia.org/wiki/Leprosy
DOID:10283	ung thư tuyến tiền liệt	Prostate cancer	Ung thư tuyến tiền liệt là sự phát triển không kiểm soát của các tế bào ở tuyến tiền liệt, một tuyến trong hệ thống sinh sản nam giới bên dưới bàng quang. Sự phát triển bất thường của mô tuyến tiền liệt thường được phát hiện thông qua các xét nghiệm sàng lọc, điển hình là xét nghiệm máu để kiểm tra mức kháng nguyên đặc hiệu tuyến tiền liệt (PSA). Những người có nồng độ PSA cao trong máu có nguy cơ mắc ung thư tuyến tiền liệt cao hơn.  Chẩn đoán đòi hỏi phải sinh thiết tuyến tiền liệt. Nếu có ung thư, nhà nghiên cứu bệnh học sẽ cho điểm Gleason; điểm cao hơn thể hiện khối u nguy hiểm hơn. Hình ảnh y tế được thực hiện để tìm kiếm ung thư đã lan ra ngoài tuyến tiền liệt. Dựa trên điểm Gleason, mức PSA và kết quả hình ảnh, trường hợp ung thư được phân loại từ giai đoạn 1 đến 4. Giai đoạn cao hơn biểu thị bệnh tiến triển hơn, nguy hiểm hơn. Hầu hết các khối u tuyến tiền liệt đều có kích thước nhỏ và không gây ra vấn đề gì về sức khỏe. Chúng được quản lý bằng sự giám sát tích cực, theo dõi khối u bằng các xét nghiệm thường xuyên để đảm bảo nó không phát triển. Các khối u nguy hiểm hơn có thể bị phá hủy bằng xạ trị hoặc phẫu thuật cắt bỏ tuyến tiền liệt triệt để. Những người bị ung thư lan ra ngoài tuyến tiền liệt sẽ được điều trị bằng liệu pháp hormone, làm giảm nồng độ androgen (hormone giới tính nam hóa) mà tế bào tuyến tiền liệt cần để tồn tại. Cuối cùng, các tế bào ung thư có thể phát triển đề kháng với phương pháp điều trị này. Giai đoạn tiến triển nhất của bệnh, được gọi là ung thư tuyến tiền liệt kháng thiến, được điều trị bằng liệu pháp hormone liên tục cùng với thuốc hóa trị docetaxel.  Một số khối u di căn (lan rộng) sang các khu vực khác của cơ thể, đặc biệt là xương và hạch bạch huyết. Ở đó, các khối u gây đau xương nghiêm trọng, yếu chân hoặc tê liệt và cuối cùng là tử vong. Tiên lượng ung thư tuyến tiền liệt phụ thuộc vào mức độ lan rộng của ung thư khi chẩn đoán. Hầu hết nam giới được chẩn đoán đều có khối u nguy cơ thấp chỉ giới hạn ở tuyến tiền liệt; 99% trong số họ sống sót sau hơn 10 năm kể từ khi được chẩn đoán. Các khối u đã di căn đến các vị trí xa trong cơ thể là nguy hiểm nhất, với tỷ lệ sống sót sau 5 năm là 30–40%. Nguy cơ phát triển ung thư tuyến tiền liệt tăng theo tuổi tác; độ tuổi trung bình được chẩn đoán là 67. Những người có tiền sử gia đình mắc bất kỳ bệnh ung thư nào có nhiều khả năng mắc ung thư tuyến tiền liệt hơn, đặc biệt là những người thừa hưởng các biến thể liên quan đến ung thư của gen BRCA2. Mỗi năm, 1,2 triệu trường hợp ung thư tuyến tiền liệt được chẩn đoán và 350.000 người chết vì căn bệnh này, khiến ung thư trở thành nguyên nhân đứng thứ hai gây ung thư và tử vong do ung thư ở nam giới. Cứ tám người đàn ông thì có một người được chẩn đoán mắc bệnh ung thư tuyến tiền liệt trong đời và cứ bốn mươi người thì có một người chết vì căn bệnh này.  Các khối u tuyến tiền liệt được mô tả lần đầu tiên vào giữa thế kỷ 19, trong các ca phẫu thuật ở nam giới bị tắc nghẽn đường tiết niệu. Ban đầu, phẫu thuật cắt bỏ tuyến tiền liệt là phương pháp điều trị chính cho bệnh ung thư tuyến tiền liệt. Đến giữa thế kỷ 20, phương pháp điều trị bằng bức xạ và liệu pháp hormone đã được phát triển để cải thiện việc điều trị ung thư tuyến tiền liệt. Việc phát minh ra liệu pháp hormone điều trị ung thư tuyến tiền liệt đã được công nhận với Giải thưởng Nobel năm 1966 cho Charles Huggins và Giải thưởng năm 1977 cho Andrzej W. Schally.	https://en.wikipedia.org/wiki/Prostate_cancer
DOID:10534	ung thư dạ dày	Stomach cancer	Ung thư dạ dày hay còn gọi là ung thư dạ dày là một khối u ác tính ở dạ dày. Đó là một loại ung thư phát triển trong niêm mạc dạ dày, gây ra bởi sự phát triển tế bào bất thường. Hầu hết các trường hợp ung thư dạ dày là ung thư biểu mô dạ dày, có thể được chia thành nhiều loại phụ, bao gồm ung thư biểu mô tuyến dạ dày. U lympho và khối u trung mô cũng có thể phát triển trong dạ dày. Các triệu chứng ban đầu có thể bao gồm ợ chua, đau bụng trên, buồn nôn và chán ăn. Các dấu hiệu và triệu chứng sau này có thể bao gồm sụt cân, vàng da và lòng trắng mắt, nôn mửa, khó nuốt và có máu trong phân, cùng nhiều triệu chứng khác. Ung thư có thể lan từ dạ dày đến các bộ phận khác của cơ thể, đặc biệt là gan, phổi, xương, niêm mạc bụng và các hạch bạch huyết. Vi khuẩn Helicobacter pylori chiếm hơn 60% các trường hợp ung thư dạ dày. Một số chủng H. pylori có nguy cơ cao hơn những chủng khác. Hút thuốc, các yếu tố ăn kiêng như rau muối và béo phì là những yếu tố nguy cơ khác. Khoảng 10% trường hợp di truyền trong gia đình và từ 1% đến 3% trường hợp là do hội chứng di truyền di truyền như ung thư dạ dày lan tỏa di truyền. Thông thường, ung thư dạ dày phát triển theo từng giai đoạn trong nhiều năm. Chẩn đoán thường bằng sinh thiết được thực hiện trong quá trình nội soi. Tiếp theo là chụp ảnh y tế để xác định xem ung thư có lan sang các bộ phận khác của cơ thể hay không. Nhật Bản và Hàn Quốc, hai quốc gia có tỷ lệ mắc bệnh cao, sàng lọc ung thư dạ dày. Chế độ ăn Địa Trung Hải làm giảm nguy cơ ung thư dạ dày cũng như không hút thuốc. Bằng chứng dự kiến ​​chỉ ra rằng điều trị H. pylori làm giảm nguy cơ trong tương lai. Nếu ung thư dạ dày được điều trị sớm thì có thể chữa khỏi. Các phương pháp điều trị có thể bao gồm một số sự kết hợp giữa phẫu thuật, hóa trị, xạ trị và liệu pháp nhắm mục tiêu. Đối với một số loại ung thư dạ dày, liệu pháp miễn dịch ung thư cũng là một lựa chọn. Nếu điều trị muộn, chăm sóc giảm nhẹ có thể được khuyên dùng. Một số loại ung thư hạch có thể được chữa khỏi bằng cách loại bỏ H. pylori. Kết quả thường kém, với tỷ lệ sống sót sau 5 năm dưới 10% ở các nước phương Tây đối với các trường hợp nặng. Hầu hết những người mắc bệnh đều có bệnh tiến triển. Tại Hoa Kỳ, tỷ lệ sống sót sau 5 năm là 39,8%, trong khi ở Hàn Quốc là hơn 65% và Nhật Bản là trên 70%, chủ yếu là do nỗ lực sàng lọc. Trên toàn cầu, ung thư dạ dày là loại ung thư đứng thứ năm và là nguyên nhân gây tử vong do ung thư đứng thứ ba, chiếm 7% số ca mắc và 9% số ca tử vong. Năm 2018, bệnh mới xảy ra ở 1,03 triệu người và khiến 783.000 người tử vong. Trước những năm 1930, đây là nguyên nhân hàng đầu gây tử vong do ung thư ở thế giới phương Tây;  tỷ lệ này đã giảm mạnh trong thế hệ trẻ ở phương Tây, mặc dù tỷ lệ này vẫn ở mức cao đối với những người sống ở Đông Á. Sự suy giảm ở phương Tây được cho là do mức tiêu thụ thực phẩm muối và đồ chua giảm, là kết quả của sự phát triển của tủ lạnh như một phương pháp bảo quản thực phẩm. Ung thư dạ dày xảy ra phổ biến nhất ở Đông Á, tiếp theo là Đông Âu. Nó xảy ra thường xuyên gấp đôi ở nam giới so với nữ giới.	https://en.wikipedia.org/wiki/Stomach_cancer
DOID:10608	bệnh celiac	Coeliac disease	Bệnh celiac (tiếng Anh thuộc khối thịnh vượng chung) hay bệnh celiac (tiếng Anh của người Mỹ) là một bệnh tự miễn mãn tính, chủ yếu ảnh hưởng đến ruột non. Nguyên nhân là do phản ứng bất thường của hệ thống miễn dịch với gluten, một loại protein có trong lúa mì và các loại ngũ cốc khác như lúa mạch và lúa mạch đen. Bệnh celiac gây ra nhiều triệu chứng và biến chứng có thể ảnh hưởng đến nhiều cơ quan bên ngoài đường tiêu hóa. Dạng cổ điển của bệnh có thể ảnh hưởng đến mọi lứa tuổi, nhưng thường được chẩn đoán ở thời thơ ấu và gây ra các triệu chứng kém hấp thu như sụt cân, tiêu chảy và chậm phát triển. Bệnh celiac không điển hình thường gặp hơn ở người lớn, đặc trưng bởi các triệu chứng mơ hồ ở bụng và các biến chứng ở các cơ quan bên ngoài đường tiêu hóa, chẳng hạn như bệnh về xương, thiếu máu và các hậu quả khác do thiếu hụt dinh dưỡng. Ở những người có khuynh hướng di truyền mắc bệnh này, ăn gluten sẽ gây viêm ở ruột non, làm tổn thương lớp lót của nó và dẫn đến kém hấp thu. Sự phát triển của bệnh celiac được cho là bị ảnh hưởng bởi các yếu tố môi trường khác, chẳng hạn như nhiễm trùng. Chẩn đoán dựa trên các triệu chứng, xét nghiệm máu và sinh thiết ruột non. Đối với những người đã cắt gluten khỏi chế độ ăn uống của họ, gluten có thể cần được đưa vào lại trước khi xét nghiệm để đảm bảo chẩn đoán chính xác. Việc thiếu nhận thức và các triệu chứng đa dạng, trùng lặp với các rối loạn khác, thường làm phức tạp việc chẩn đoán do dẫn đến chẩn đoán chậm trễ. Nghiên cứu hiện tại chỉ ra rằng không có đủ bằng chứng ủng hộ việc sàng lọc hàng loạt bệnh celiac ở những người không có triệu chứng. Phương pháp điều trị duy nhất cho bệnh celiac là chế độ ăn không chứa gluten suốt đời (GFD). GFD liên quan đến việc loại bỏ tất cả thực phẩm và đồ uống có chứa lúa mì, lúa mạch đen, lúa mạch và các dẫn xuất gluten. Các triệu chứng có thể cải thiện trong vài ngày sau khi áp dụng GFD và chế độ ăn uống có thể cải thiện chất lượng cuộc sống, ngăn ngừa các biến chứng nặng hơn và bình thường hóa một số ảnh hưởng của bệnh như chậm phát triển.  Khoảng 1 trong 200 đến 1 trong 50 người mắc bệnh celiac. Gần đây, việc chẩn đoán bệnh celiac đã tăng lên do nhận thức ngày càng tăng và khả năng xét nghiệm máu sẵn có. Căn bệnh này vẫn được cho là chưa được chẩn đoán rõ ràng, với một số lượng đáng kể những người mắc bệnh này vẫn chưa được chẩn đoán và điều trị. Bệnh thường phát triển trước 10 tuổi; nó phổ biến hơn một chút ở phụ nữ so với nam giới.	https://en.wikipedia.org/wiki/Coeliac_disease
DOID:10652	bệnh Alzheimer	Alzheimer's disease	Bệnh Alzheimer (AD) là một bệnh thoái hóa thần kinh và là nguyên nhân phổ biến nhất gây ra chứng mất trí nhớ, chiếm khoảng 60–70% trường hợp. Triệu chứng ban đầu phổ biến nhất là khó nhớ các sự kiện gần đây. Khi bệnh tiến triển, các triệu chứng có thể bao gồm các vấn đề về ngôn ngữ, mất phương hướng (bao gồm cả việc dễ bị lạc), tâm trạng thất thường, mất động lực, bỏ bê bản thân và các vấn đề về hành vi. Khi thể trạng của một người suy giảm, họ thường rút lui khỏi gia đình và xã hội. Dần dần, các chức năng của cơ thể bị mất đi, cuối cùng dẫn đến tử vong. Tuổi thọ trung bình sau khi được chẩn đoán mắc chứng sa sút trí tuệ là từ 3 đến 12 năm. Rối loạn vận động xảy ra đồng thời, còn được gọi là dấu hiệu ngoại tháp, làm tăng nguy cơ tử vong lên 1,6. Nguyên nhân của bệnh Alzheimer vẫn chưa được hiểu rõ. Có nhiều yếu tố rủi ro môi trường và di truyền liên quan đến sự phát triển của nó. Yếu tố nguy cơ di truyền mạnh nhất là từ alen apolipoprotein E, một loại protein liên quan đến quá trình chuyển hóa chất béo ở động vật có vú. Các yếu tố nguy cơ khác bao gồm tiền sử chấn thương đầu, trầm cảm lâm sàng và huyết áp cao. Sự tiến triển của bệnh chủ yếu được đặc trưng bởi sự tích tụ các protein lắng đọng dị dạng ở vỏ não, được gọi là mảng amyloid và các đám rối sợi thần kinh. Những tập hợp protein không được gấp nếp này sẽ cản trở chức năng bình thường của tế bào và theo thời gian dẫn đến sự thoái hóa không thể phục hồi của các tế bào thần kinh và mất các kết nối khớp thần kinh trong não. Chẩn đoán có thể xảy ra dựa trên tiền sử bệnh và xét nghiệm nhận thức, cùng với hình ảnh y tế và xét nghiệm máu để loại trừ các nguyên nhân có thể khác. Các triệu chứng ban đầu thường bị nhầm lẫn với tình trạng lão hóa não bình thường. Kiểm tra mô não sau khi chết là cách duy nhất để chẩn đoán chính xác bệnh Alzheimer, nhưng các kỹ thuật hình ảnh thần kinh và dấu ấn sinh học chất lỏng đã giúp chẩn đoán bệnh Alzheimer có thể xảy ra trong cơ thể. Không có phương pháp điều trị nào được biết đến có thể ngăn chặn hoặc đảo ngược sự tiến triển của bệnh, mặc dù một số có thể tạm thời cải thiện các triệu chứng. Một chế độ ăn uống lành mạnh, hoạt động thể chất và tham gia xã hội nhìn chung có lợi cho quá trình lão hóa và có thể giúp giảm nguy cơ suy giảm nhận thức và bệnh Alzheimer. Những người bị ảnh hưởng ngày càng phụ thuộc vào người khác để được hỗ trợ, thường đặt gánh nặng lên người chăm sóc. Những áp lực có thể bao gồm các yếu tố xã hội, tâm lý, thể chất và kinh tế. Các chương trình tập thể dục có thể có lợi đối với các hoạt động sinh hoạt hàng ngày và có khả năng cải thiện kết quả. Các vấn đề về hành vi hoặc rối loạn tâm thần do chứng mất trí nhớ đôi khi được điều trị bằng thuốc chống loạn thần, nhưng điều này làm tăng nguy cơ tử vong sớm. Tính đến năm 2020, trên toàn thế giới có khoảng 50 triệu người mắc bệnh Alzheimer. Bệnh thường bắt đầu ở những người trên 65 tuổi, mặc dù có tới 10% trường hợp khởi phát sớm, ảnh hưởng đến những người ở độ tuổi 30 đến giữa 60. Nó ảnh hưởng đến khoảng 6% số người từ 65 tuổi trở lên và phụ nữ thường xuyên hơn nam giới. Căn bệnh này được đặt theo tên của bác sĩ tâm thần và nhà nghiên cứu bệnh học người Đức Alois Alzheimer, người đầu tiên mô tả nó vào năm 1906. Gánh nặng tài chính của bệnh Alzheimer đối với xã hội là rất lớn, với chi phí toàn cầu ước tính hàng năm là 1 nghìn tỷ USD. Bệnh Alzheimer và chứng sa sút trí tuệ liên quan được xếp hạng là nguyên nhân gây tử vong đứng thứ bảy trên toàn thế giới.  Do những tác động lan rộng của bệnh Alzheimer, cả các nhà tài trợ khoa học cơ bản và y tế ở nhiều quốc gia đều hỗ trợ nghiên cứu bệnh Alzheimer ở ​​quy mô lớn. Ví dụ, chương trình nghiên cứu bệnh Alzheimer của Viện Y tế Quốc gia Hoa Kỳ, Kế hoạch Quốc gia nhằm Giải quyết Bệnh Alzheimer, có ngân sách 3,98 tỷ USD cho năm tài chính 2026. Tại Liên minh Châu Âu, chương trình nghiên cứu Horizon Europe năm 2020 đã trao hơn 570 triệu euro cho các dự án liên quan đến chứng mất trí nhớ.	https://en.wikipedia.org/wiki/Alzheimer%27s_disease
DOID:10763	tăng huyết áp	Hypertension	Tăng huyết áp, còn được gọi là huyết áp cao, là một tình trạng bệnh lý lâu dài trong đó huyết áp trong động mạch tăng cao liên tục. Huyết áp cao thường không gây ra triệu chứng. Tuy nhiên, đây là yếu tố nguy cơ chính gây đột quỵ, bệnh động mạch vành, suy tim, rung tâm nhĩ, bệnh động mạch ngoại biên, giảm thị lực, bệnh thận mãn tính và chứng mất trí nhớ. Tăng huyết áp là nguyên nhân chính gây tử vong sớm trên toàn thế giới. Huyết áp cao được phân loại là tăng huyết áp nguyên phát (thiết yếu) hoặc tăng huyết áp thứ phát. Khoảng 90–95% trường hợp là nguyên phát, được xác định là cao huyết áp do lối sống không đặc hiệu và yếu tố di truyền. Các yếu tố lối sống làm tăng nguy cơ bao gồm dư thừa muối trong chế độ ăn uống, trọng lượng cơ thể dư thừa, hút thuốc, không hoạt động thể chất và sử dụng rượu. 5–10% trường hợp còn lại được phân loại là tăng huyết áp thứ phát, được định nghĩa là huyết áp cao do nguyên nhân có thể xác định rõ ràng, chẳng hạn như bệnh thận mãn tính, hẹp động mạch thận, rối loạn nội tiết hoặc sử dụng thuốc tránh thai. Huyết áp được phân loại theo hai số đo, huyết áp tâm thu (số thứ nhất) và huyết áp tâm trương (số thứ hai). Đối với hầu hết người trưởng thành, huyết áp bình thường khi nghỉ ngơi là tâm thu dưới 120 mm thủy ngân (mmHg) và tâm trương 80 mmHg, huyết áp tăng là từ 120 đến 129 mmHg tâm thu và dưới 80 mmHg tâm trương và huyết áp cao sẽ xuất hiện nếu huyết áp khi nghỉ ngơi liên tục ở mức hoặc trên 130/80 (giai đoạn 1) hoặc 140/90 (giai đoạn 2) mmHg. Các con số khác nhau áp dụng cho trẻ em. Theo dõi huyết áp lưu động trong khoảng thời gian 24 giờ có vẻ chính xác hơn so với đo huyết áp tại phòng khám. Thay đổi lối sống và dùng thuốc có thể làm giảm huyết áp và giảm nguy cơ biến chứng về sức khỏe. Thay đổi lối sống bao gồm giảm cân, tập thể dục, giảm lượng muối, giảm lượng rượu và chế độ ăn uống lành mạnh. Nếu thay đổi lối sống là không đủ, thuốc huyết áp sẽ được sử dụng. Tối đa ba loại thuốc dùng đồng thời có thể kiểm soát huyết áp ở 90% số người. Việc điều trị huyết áp động mạch cao vừa phải (được định nghĩa là >160/100 mmHg) bằng thuốc có liên quan đến việc cải thiện tuổi thọ. Hiệu quả của việc điều trị huyết áp trong khoảng từ 130/80 mmHg đến 160/100 mmHg chưa rõ ràng, một số đánh giá cho thấy có lợi còn một số đánh giá khác cho thấy không rõ ràng hoặc không có lợi ích. Huyết áp cao ảnh hưởng đến 33% dân số trên toàn cầu. Khoảng một nửa số người bị huyết áp cao không biết mình mắc bệnh này. Năm 2019, huyết áp cao được cho là nguyên nhân gây ra 19% tổng số ca tử vong (10,4 triệu người trên toàn cầu).	https://en.wikipedia.org/wiki/Hypertension
DOID:10811	ung thư khoang mũi		Không tìm thấy mô tả.	
DOID:10871	thoái hóa điểm vàng liên quan đến tuổi tác	Macular degeneration	"Thoái hóa điểm vàng, còn được gọi là thoái hóa điểm vàng liên quan đến tuổi tác (AMD hoặc ARMD), là một bệnh về mắt làm tổn thương dần dần điểm vàng, phần trung tâm nhỏ của võng mạc chịu trách nhiệm cho tầm nhìn trung tâm sắc nét, chi tiết. Nó chủ yếu ảnh hưởng đến người lớn tuổi và có thể gây khó khăn cho các công việc như đọc, lái xe, nhận dạng khuôn mặt hoặc nhìn thấy các chi tiết nhỏ. AMD thể ướt là khi các mạch máu phát triển bất thường dưới hoàng điểm và rò rỉ chất lỏng hoặc máu, làm tổn thương võng mạc và gây mất thị lực trung tâm nhanh chóng. AMD thể khô là khi hoàng điểm mỏng dần và các chất lắng đọng nhỏ gọi là drusen tích tụ, dẫn đến mất thị lực trung tâm từ từ. Thoái hóa điểm vàng thường xảy ra ở người lớn tuổi và nguyên nhân là do tổn thương điểm vàng của võng mạc. Yếu tố di truyền và hút thuốc có thể đóng một vai trò. Tình trạng này được chẩn đoán thông qua khám mắt toàn diện. Mức độ nghiêm trọng được chia thành các loại sớm, trung bình và muộn. Loại muộn còn được chia thành dạng ""khô"" và dạng ""ướt"", trong đó dạng khô chiếm tới 90% trường hợp. Sự khác biệt giữa hai dạng này được phân loại theo sự thay đổi ở điểm vàng. Những người mắc bệnh AMD thể khô có drusen, mảnh vụn tế bào trong hoàng điểm, dần dần làm tổn thương các tế bào nhạy cảm với ánh sáng và dẫn đến mất thị lực. Trong bệnh AMD thể ướt, các mạch máu phát triển dưới hoàng điểm, khiến máu và dịch rò rỉ vào võng mạc. Tập thể dục, ăn uống lành mạnh và không hút thuốc có thể làm giảm nguy cơ thoái hóa điểm vàng. Không có cách chữa trị hoặc điều trị nào có thể phục hồi thị lực đã bị mất. Ở dạng ướt, yếu tố tăng trưởng nội mô chống mạch máu được tiêm vào mắt hoặc ít phổ biến hơn là đông máu bằng laser hoặc liệu pháp quang động có thể làm chậm tình trạng xấu đi. Các vitamin, khoáng chất và carotenoid chống oxy hóa trong chế độ ăn dường như không ảnh hưởng đến sự khởi phát; tuy nhiên, bổ sung chế độ ăn uống có thể làm chậm sự tiến triển ở những người đã mắc bệnh. Tính đến năm 2022, AMD ảnh hưởng đến hơn 200 triệu người trên toàn cầu với tỷ lệ lưu hành dự kiến ​​sẽ tăng lên 300 triệu người vào năm 2040 khi tỷ lệ người cao tuổi trong dân số tăng lên. Nó phổ biến hơn ở những người có nguồn gốc châu Âu hoặc Bắc Mỹ, và phổ biến như nhau ở nam và nữ. Năm 2013, đây là nguyên nhân gây mù phổ biến thứ tư, sau đục thủy tinh thể, sinh non và tăng nhãn áp. Nó thường xảy ra nhất ở những người trên 50 tuổi và ở Hoa Kỳ là nguyên nhân phổ biến nhất gây mất thị lực ở nhóm tuổi này. Khoảng 0,4% người từ 50 đến 60 tuổi mắc bệnh, trong khi bệnh xảy ra ở 0,7% người từ 60 đến 70 tuổi, 2,3% người từ 70 đến 80 tuổi và gần 12% người trên 80 tuổi."	https://en.wikipedia.org/wiki/Macular_degeneration
DOID:1094	rối loạn tăng động giảm chú ý	Attention deficit hyperactivity disorder	Rối loạn tăng động giảm chú ý (ADHD) là một rối loạn phát triển thần kinh được đặc trưng bởi các triệu chứng thiếu chú ý, hiếu động thái quá, bốc đồng và rối loạn điều hòa cảm xúc quá mức và lan rộng, suy giảm trong nhiều bối cảnh và không phù hợp về mặt phát triển. Các triệu chứng ADHD phát sinh từ rối loạn chức năng điều hành. Những suy giảm do thiếu hụt khả năng tự điều chỉnh như quản lý thời gian, ức chế nhận thức, bắt đầu công việc và duy trì sự chú ý có thể bao gồm hiệu suất chuyên môn kém, khó khăn trong mối quan hệ và nhiều rủi ro về sức khỏe, dẫn đến chất lượng cuộc sống giảm sút và giảm tuổi thọ. Nó có liên quan đến các rối loạn tâm thần khác cũng như các rối loạn không liên quan đến tâm thần, có thể gây ra tình trạng suy yếu thêm. Trong khi ADHD liên quan đến việc thiếu sự chú ý liên tục đến các nhiệm vụ, thì sự thiếu hụt khả năng ức chế cũng có thể dẫn đến khó khăn trong việc làm gián đoạn kiểu phản ứng đang diễn ra, biểu hiện ở việc kiên trì thực hiện các hành động bất chấp sự thay đổi trong bối cảnh mà theo đó cá nhân có ý định chấm dứt các hành động đó. Triệu chứng này được gọi một cách thông tục là siêu tập trung và có liên quan đến các rủi ro như nghiện và các loại hành vi vi phạm. ADHD có thể khó phân biệt với các tình trạng khác. ADHD đại diện cho phần cực thấp của đặc điểm chiều liên tục (đường cong hình chuông) của chức năng điều hành và tự điều chỉnh, được hỗ trợ bởi các nghiên cứu di truyền phân tử, hình ảnh não và sinh đôi.  Điều trị ADHD có hiệu quả nhất khi sử dụng thuốc (chủ yếu là chất kích thích như methylphenidate hoặc amphetamine, cũng như các chất không kích thích như chất chủ vận Atomoxetine hoặc alpha-2), thường kết hợp với liệu pháp tâm lý; tập thể dục và sửa đổi chế độ ăn uống không có lợi ích đã được chứng minh. Nguyên nhân chính xác của ADHD vẫn chưa được biết rõ trong hầu hết các trường hợp riêng lẻ. Các phân tích tổng hợp đã chỉ ra rằng rối loạn này chủ yếu là do di truyền với tỷ lệ di truyền là 70–80%, trong đó các yếu tố nguy cơ có tính tích lũy cao. Rủi ro môi trường không liên quan đến yếu tố xã hội hoặc gia đình; chúng phát huy tác dụng từ rất sớm trong cuộc đời, trong giai đoạn trước khi sinh hoặc đầu sau khi sinh. Tuy nhiên, trong một số ít trường hợp, ADHD có thể được gây ra bởi một sự kiện đơn lẻ bao gồm chấn thương sọ não, tiếp xúc với các nguy cơ sinh học khi mang thai hoặc đột biến gen lớn. Vì đây là một rối loạn phát triển thần kinh nên không có ADHD khởi phát ở người lớn về mặt sinh học, ngoại trừ khi ADHD xảy ra sau chấn thương sọ não.	https://en.wikipedia.org/wiki/Attention_deficit_hyperactivity_disorder
DOID:10941	chứng phình động mạch nội sọ	Intracranial aneurysm	Chứng phình động mạch nội sọ, còn được gọi là chứng phình động mạch não, là một rối loạn mạch máu não được đặc trưng bởi sự giãn nở cục bộ hoặc phồng lên của mạch máu trong não do thành mạch yếu. Những chứng phình động mạch này có thể xảy ra ở bất kỳ phần nào của não nhưng thường được tìm thấy nhiều nhất trong các động mạch của vòng động mạch não, còn được gọi là Vòng tròn Willis. Nguy cơ vỡ thay đổi tùy theo kích thước và vị trí của chứng phình động mạch, những người ở tuần hoàn sau dễ bị vỡ hơn. Chứng phình động mạch não được phân loại theo kích thước thành nhỏ, lớn, khổng lồ và siêu khổng lồ, và theo hình dạng thành túi (quả mọng), dạng hình thoi và vi phình động mạch. Chứng phình động mạch túi là loại phổ biến nhất và có thể xuất phát từ nhiều yếu tố nguy cơ khác nhau, bao gồm tình trạng di truyền, tăng huyết áp, hút thuốc và lạm dụng thuốc. Các triệu chứng của chứng phình động mạch chưa vỡ thường rất ít, nhưng chứng phình động mạch vỡ có thể gây xuất huyết dưới nhện, có thể gây đau đầu dữ dội, buồn nôn, suy giảm thị lực và mất ý thức. Các lựa chọn điều trị bao gồm phẫu thuật cắt bỏ và cuộn dây nội mạch, cả hai đều nhằm mục đích ngăn ngừa chảy máu thêm. Chẩn đoán thường bao gồm các kỹ thuật hình ảnh như chụp động mạch CT hoặc MR và chọc dò tủy sống để phát hiện xuất huyết dưới nhện. Tiên lượng phụ thuộc vào các yếu tố như kích thước và vị trí của chứng phình động mạch cũng như tuổi tác và sức khỏe của bệnh nhân, với chứng phình động mạch lớn hơn có nguy cơ vỡ cao hơn và kết quả kém hơn.  Những tiến bộ trong hình ảnh y tế đã dẫn đến việc tăng cường phát hiện các chứng phình động mạch chưa vỡ, thúc đẩy nghiên cứu liên tục về cách quản lý chúng và phát triển các công cụ dự đoán nguy cơ vỡ.	https://en.wikipedia.org/wiki/Intracranial_aneurysm
DOID:10976	viêm cầu thận màng	Membranous glomerulonephritis	Viêm cầu thận màng (MGN) là một bệnh thận tiến triển chậm, ảnh hưởng đến hầu hết những người trong độ tuổi từ 30 đến 50, thường là người da trắng (tức là những người gốc Châu Âu, Trung Đông hoặc Bắc Phi.).  Đây là nguyên nhân phổ biến thứ hai của hội chứng thận hư ở người lớn, trong đó bệnh xơ cứng cầu thận khu trú (FSGS) gần đây đã trở thành nguyên nhân phổ biến nhất.	https://en.wikipedia.org/wiki/Membranous_glomerulonephritis
DOID:11054	ung thư bàng quang tiết niệu	Bladder cancer	Ung thư bàng quang là sự phát triển bất thường của các tế bào trong bàng quang. Những tế bào này có thể phát triển thành khối u, cuối cùng lan rộng, làm tổn thương bàng quang và các cơ quan khác. Hầu hết những người bị ung thư bàng quang được chẩn đoán sau khi nhận thấy có máu trong nước tiểu. Những người nghi ngờ mắc bệnh ung thư bàng quang thường được kiểm tra bàng quang bằng một camera y tế mỏng, một thủ thuật gọi là nội soi bàng quang. Các khối u nghi ngờ sẽ được loại bỏ và kiểm tra để xác định xem chúng có phải là ung thư hay không. Dựa trên mức độ lan rộng của khối u, trường hợp ung thư được phân độ từ 0 đến 4; giai đoạn cao hơn cho thấy bệnh lan rộng và nguy hiểm hơn.  Những người có khối u bàng quang không lan ra ngoài bàng quang có tiên lượng tốt nhất. Những khối u này thường được phẫu thuật cắt bỏ và người bệnh được điều trị bằng hóa trị hoặc một trong một số liệu pháp kích thích miễn dịch. Những người có khối u tiếp tục phát triển hoặc khối u đã xâm lấn vào cơ bàng quang thường phải phẫu thuật cắt bỏ bàng quang (cắt bàng quang triệt để). Những người có khối u lan ra ngoài bàng quang có tiên lượng xấu nhất; trung bình họ sống sót sau một năm kể từ khi được chẩn đoán. Những người này được điều trị bằng hóa trị và thuốc ức chế điểm kiểm soát miễn dịch, sau đó là enfortumab vedotin. Khoảng 500.000 người được chẩn đoán mắc bệnh ung thư bàng quang mỗi năm và 200.000 người chết vì căn bệnh này. Nguy cơ ung thư bàng quang tăng theo độ tuổi và độ tuổi trung bình khi chẩn đoán là 73. Hút thuốc lá là nguyên nhân lớn nhất gây ra nguy cơ ung thư bàng quang và gây ra khoảng một nửa số trường hợp ung thư bàng quang. Tiếp xúc với một số hóa chất độc hại hoặc bệnh sán máng nhiễm trùng bàng quang nhiệt đới cũng làm tăng nguy cơ.	https://en.wikipedia.org/wiki/Bladder_cancer
DOID:11119	Hội chứng Gilles de la Tourette	Tourette syndrome	"Hội chứng Tourette (TS), hay đơn giản là Tourette, là một chứng rối loạn vận động bắt đầu ở thời thơ ấu hoặc thanh thiếu niên. Nó được đặc trưng bởi nhiều tic chuyển động (vận động) và ít nhất một tic phát âm (ngữ âm). Các tật máy giật thường gặp là chớp mắt, ho, hắng giọng, đánh hơi và cử động trên khuôn mặt. Tics thường xảy ra trước bởi một sự thôi thúc hoặc cảm giác không mong muốn ở vùng bị ảnh hưởng, được gọi là sự thôi thúc báo trước, đôi khi có thể bị ức chế tạm thời và thay đổi đặc trưng về vị trí, cường độ và tần số. Tourette nằm ở mức độ nghiêm trọng hơn của rối loạn máy giật. Các máy giật thường không được chú ý bởi những người quan sát bình thường. Tourette từng được coi là một hội chứng hiếm gặp và kỳ lạ và thường được gắn với coprolalia (lời nói tục tĩu hoặc những nhận xét xúc phạm và không phù hợp về mặt xã hội). Nó không còn được coi là hiếm nữa; Ước tính khoảng 1% trẻ em và thanh thiếu niên trong độ tuổi đi học mắc bệnh Tourette, mặc dù bệnh coprolalia chỉ xảy ra ở một thiểu số. Không có xét nghiệm cụ thể nào để chẩn đoán bệnh Tourette; nó không phải lúc nào cũng được xác định chính xác, bởi vì hầu hết các trường hợp đều ở mức độ nhẹ và mức độ nghiêm trọng của chứng giật cơ giảm dần đối với hầu hết trẻ em khi chúng bước qua tuổi thiếu niên. Vì vậy, nhiều người không được chẩn đoán hoặc có thể không bao giờ tìm kiếm sự chăm sóc y tế. Chứng Tourette cực độ ở tuổi trưởng thành, thường được giật gân trên các phương tiện truyền thông, rất hiếm, nhưng đối với một thiểu số nhỏ, chứng giật cơ suy nhược nghiêm trọng có thể tồn tại đến tuổi trưởng thành.  Không có cách chữa trị bệnh Tourette và không có loại thuốc nào hiệu quả nhất. Trong hầu hết các trường hợp, thuốc điều trị chứng máy giật là không cần thiết và các liệu pháp hành vi là phương pháp điều trị đầu tay. Giáo dục là một phần quan trọng của bất kỳ kế hoạch điều trị nào và chỉ giải thích thôi cũng đủ đảm bảo rằng không cần điều trị nào khác. Các tình trạng khác, chẳng hạn như rối loạn tăng động giảm chú ý (ADHD) và rối loạn ám ảnh cưỡng chế (OCD), có nhiều khả năng xuất hiện ở những người được chuyển đến các phòng khám chuyên khoa hơn là trong số những người mắc bệnh Tourette. Những tình trạng xảy ra đồng thời này thường gây ra nhiều tổn hại cho cá nhân hơn là tật máy giật; do đó điều quan trọng là phải phân biệt chính xác các tình trạng xảy ra đồng thời và điều trị chúng. Hội chứng Tourette được nhà thần kinh học người Pháp Jean-Martin Charcot đặt tên cho bác sĩ thực tập của ông, Georges Gilles de la Tourette, người đã xuất bản năm 1885 một báo cáo về 9 bệnh nhân mắc ""rối loạn co giật máy giật"". Mặc dù nguyên nhân chính xác vẫn chưa được biết nhưng người ta tin rằng nó có liên quan đến sự kết hợp của các yếu tố di truyền và môi trường. Cơ chế này dường như liên quan đến rối loạn chức năng trong các mạch thần kinh giữa hạch nền và các cấu trúc liên quan trong não."	https://en.wikipedia.org/wiki/Tourette_syndrome
DOID:1115	u ác tính	Sarcoma	"Sarcoma là một loại ung thư hiếm gặp phát sinh từ các tế bào có nguồn gốc trung mô. Bắt nguồn từ tế bào trung mô có nghĩa là sarcoma là ung thư của các mô liên kết như xương, sụn, cơ, mỡ hoặc mô mạch máu.  Sarcomas là một trong năm loại ung thư khác nhau, được phân loại theo loại tế bào mà chúng bắt nguồn. Mặc dù có năm loại thuộc loại này, nhưng sarcoma thường được so sánh với ung thư biểu mô phổ biến hơn nhiều. Sarcomas khá hiếm, chiếm khoảng 1% tổng số chẩn đoán ung thư ở người trưởng thành và 15% chẩn đoán ung thư ở trẻ em. Có nhiều loại sarcoma, được phân loại dựa trên mô và loại tế bào cụ thể mà khối u bắt nguồn. Các ví dụ phổ biến của sarcoma bao gồm liposarcoma, leiomyosarcoma và sarcoma xương. Sarcomas là khối u mô liên kết nguyên phát, nghĩa là chúng phát sinh trong các mô liên kết. Điều này trái ngược với các khối u mô liên kết thứ cấp (hoặc ""di căn""), xảy ra khi ung thư từ nơi khác trong cơ thể (chẳng hạn như phổi, mô vú hoặc tuyến tiền liệt) lan sang mô liên kết.   Từ sarcoma có nguồn gốc từ tiếng Hy Lạp σάρκωμα sarkōma 'thịt hoặc chất', chính nó từ σάρξ sarx có nghĩa là 'thịt'."	https://en.wikipedia.org/wiki/Sarcoma
DOID:11239	ung thư ruột thừa	Appendix cancer	Ung thư ruột thừa, còn được gọi là ung thư ruột thừa, là một khối u ác tính rất hiếm hình thành trong ruột thừa dạng giun. Các khối u mô đệm đường tiêu hóa là những khối u hiếm gặp có khả năng ác tính. U lympho nguyên phát có thể xảy ra ở ruột thừa. Ung thư vú, ung thư ruột kết và các khối u ở đường sinh dục nữ có thể di căn đến ruột thừa.	https://en.wikipedia.org/wiki/Appendix_cancer
DOID:11476	chứng loãng xương	Osteoporosis	"Loãng xương là một rối loạn hệ thống của xương được đặc trưng bởi khối lượng xương thấp, sự suy giảm cấu trúc vi mô của mô xương dẫn đến xương xốp hơn và hậu quả là tăng nguy cơ gãy xương. Xương trải qua quá trình tái tạo liên tục: các nguyên bào xương hấp thụ xương cũ và các nguyên bào xương tổng hợp xương mới. Khi tuổi càng cao, tốc độ tiêu xương vượt quá tốc độ tạo xương, khiến xương mất đi mật độ và dễ bị gãy hơn. Từ ""loãng xương"" có nguồn gốc từ tiếng Hy Lạp có nghĩa là ""xương xốp"". Loãng xương là nguyên nhân phổ biến nhất gây gãy xương ở người cao tuổi. Các xương thường bị gãy bao gồm đốt sống ở cột sống, xương cẳng tay, cổ tay và xương hông. Cho đến khi xương bị gãy, thường không có triệu chứng. Xương có thể yếu đi đến mức có thể bị gãy khi bị căng thẳng nhẹ hoặc tự phát. Sau khi xương gãy lành lại, một số người có thể bị đau mãn tính và giảm khả năng thực hiện các hoạt động bình thường. Loãng xương có thể do khối lượng xương tối đa thấp hơn bình thường và mất xương nhiều hơn bình thường. Tình trạng mất xương tăng lên sau thời kỳ mãn kinh ở phụ nữ do nồng độ estrogen thấp hơn và ở nam giới lớn tuổi hơn do nồng độ testosterone thấp hơn. Loãng xương cũng có thể xảy ra do một số bệnh hoặc do phương pháp điều trị, bao gồm nghiện rượu, chán ăn, cường giáp, bệnh thận và sau phẫu thuật cắt bỏ buồng trứng (phẫu thuật cắt bỏ buồng trứng). Một số loại thuốc làm tăng tỷ lệ mất xương, bao gồm hóa trị, glucocorticosteroid. Hút thuốc và lối sống ít vận động cũng được coi là yếu tố nguy cơ chính. Loãng xương được định nghĩa là mật độ xương thấp hơn 2,5 độ lệch chuẩn so với mật độ của người trẻ tuổi. Điều này thường được đo bằng quét mật độ xương DXA (hoặc DEXA). Phòng ngừa loãng xương bao gồm chế độ ăn uống hợp lý trong thời thơ ấu, liệu pháp thay thế hormone cho phụ nữ mãn kinh và nỗ lực tránh các loại thuốc làm tăng tỷ lệ mất xương. Những nỗ lực ngăn ngừa gãy xương ở những người bị loãng xương bao gồm chế độ ăn uống tốt, tập thể dục và phòng ngừa té ngã. Thay đổi lối sống như ngừng hút thuốc và không uống rượu có thể hữu ích. Thuốc bisphosphonate rất hữu ích để giảm tình trạng gãy xương trong tương lai ở những người bị gãy xương trước đó do loãng xương. Ở những người bị loãng xương nhưng không bị gãy xương trước đó, chúng được chứng minh là kém hiệu quả hơn. Chúng dường như không ảnh hưởng đến nguy cơ tử vong. Chứng loãng xương trở nên phổ biến hơn theo tuổi tác. Khoảng 15% người da trắng ở độ tuổi 50 và 70% những người trên 80 tuổi bị ảnh hưởng. Nó phổ biến ở phụ nữ hơn nam giới. Ở các nước phát triển, tùy thuộc vào phương pháp chẩn đoán, 2% đến 8% nam giới và 9% đến 38% nữ giới bị ảnh hưởng. Tỷ lệ bệnh tật ở các nước đang phát triển không rõ ràng. Người da trắng và người châu Á có nguy cơ cao hơn về mật độ khoáng xương thấp do nồng độ vitamin D trong huyết thanh thấp hơn và khả năng tổng hợp vitamin D ít hơn ở một số vĩ độ nhất định."	https://en.wikipedia.org/wiki/Osteoporosis
DOID:11555	Bệnh loạn dưỡng nội mô Fuchs	Fuchs' dystrophy	Chứng loạn dưỡng giác mạc Fuchs, còn được gọi là chứng loạn dưỡng nội mô giác mạc Fuchs (FECD) và chứng loạn dưỡng nội mô Fuchs (FED), là một chứng loạn dưỡng giác mạc tiến triển chậm, thường ảnh hưởng đến cả hai mắt và phổ biến hơn một chút ở phụ nữ so với nam giới. Mặc dù các dấu hiệu ban đầu của chứng loạn dưỡng Fuchs đôi khi được thấy ở những người ở độ tuổi 30 và 40, nhưng căn bệnh này hiếm khi ảnh hưởng đến thị lực cho đến khi mọi người đạt đến độ tuổi 50 và 60.	https://en.wikipedia.org/wiki/Fuchs%27_dystrophy
DOID:11612	hội chứng buồng trứng đa nang	Polyendocrine metabolic ovarian syndrome	Hội chứng buồng trứng chuyển hóa đa nội tiết (PMOS), trước đây gọi là hội chứng buồng trứng đa nang (PCOS), là chứng rối loạn nội tiết tố phổ biến nhất ở phụ nữ trong độ tuổi sinh sản. PMOS được chẩn đoán khi một phụ nữ có ít nhất hai trong ba đặc điểm sau: kinh nguyệt không đều, testosterone cao hoặc các triệu chứng liên quan (như lông mặt quá mức) hoặc thừa nang buồng trứng trên siêu âm; Những người mắc PMOS không có nhiều khả năng bị u nang buồng trứng thực sự hơn những người không có. Xét nghiệm máu để tìm nồng độ hormone chống Müllerian cao có thể thay thế siêu âm trong chẩn đoán. Các triệu chứng khác liên quan đến PMOS là kinh nguyệt nhiều, mụn trứng cá, khó mang thai và các mảng da sẫm màu hơn. Nguyên nhân chính xác của PMOS vẫn chưa chắc chắn. Có một thành phần di truyền rõ ràng, nhưng các yếu tố môi trường cũng được cho là góp phần. PMOS xảy ra ở khoảng 5% đến 18% phụ nữ. Rối loạn này có liên quan đến tình trạng kháng insulin, tình trạng này càng trầm trọng hơn do béo phì. Tình trạng kháng insulin và mức insulin dư thừa có liên quan làm tăng nguy cơ biến chứng như bệnh tiểu đường loại 2 và bệnh gan. Những người sống chung với PMOS cũng có nguy cơ mắc ung thư nội mạc tử cung cao hơn.  Việc quản lý tập trung vào việc làm giảm các triệu chứng và giảm thiểu rủi ro lâu dài. Một lối sống lành mạnh và kiểm soát cân nặng được khuyến khích để quản lý chung. Ngoài ra, biện pháp tránh thai nội tiết tố có thể giúp điều hòa chu kỳ kinh nguyệt và giảm mụn trứng cá cũng như lông mọc quá mức. Metformin, một loại thuốc trị đái tháo đường phổ biến, làm tăng độ nhạy insulin. Để có khả năng sinh sản, có thể gây rụng trứng bằng letrozole, cùng với các phương pháp khác. Ngoài ra, những người bị ảnh hưởng có thể được theo dõi các nguy cơ chuyển hóa tim và trong khi mang thai.	https://en.wikipedia.org/wiki/Polyendocrine_metabolic_ovarian_syndrome
DOID:11615	ung thư dương vật	Penile cancer	Ung thư dương vật, hay ung thư biểu mô dương vật, là một loại ung thư hiếm gặp phát triển ở da hoặc mô của dương vật. Các triệu chứng có thể bao gồm sự phát triển bất thường, loét hoặc đau trên da dương vật, chảy máu hoặc tiết dịch có mùi hôi. Các yếu tố nguy cơ bao gồm hẹp bao quy đầu (không có khả năng co rút bao quy đầu), viêm mãn tính, hút thuốc, nhiễm trùng HPV, condylomata acuminate, có nhiều bạn tình và quan hệ tình dục sớm. Khoảng 95% bệnh ung thư dương vật là ung thư biểu mô tế bào vảy. Các loại ung thư dương vật khác, chẳng hạn như ung thư biểu mô tế bào Merkel, ung thư biểu mô tế bào nhỏ và khối u ác tính, thường rất hiếm. Năm 2020, nó xảy ra ở 36.000 nam giới và khiến 13.000 người tử vong.	https://en.wikipedia.org/wiki/Penile_cancer
DOID:11714	tiểu đường thai kỳ	Gestational diabetes	Bệnh tiểu đường thai kỳ là tình trạng một người không mắc bệnh tiểu đường phát triển lượng đường trong máu cao khi mang thai. Bệnh tiểu đường thai kỳ thường có ít triệu chứng. Béo phì làm tăng tỷ lệ tiền sản giật, mổ lấy thai, thai to và tiểu đường thai kỳ. Trẻ sinh ra từ những người mắc bệnh tiểu đường thai kỳ được điều trị kém có nguy cơ mắc bệnh thai to, bị hạ đường huyết sau khi sinh và vàng da. Nếu không được điều trị, bệnh tiểu đường cũng có thể dẫn đến thai chết lưu. Về lâu dài, trẻ có nguy cơ thừa cân và mắc bệnh tiểu đường tuýp 2 cao hơn. Bệnh tiểu đường thai kỳ có thể xảy ra trong thai kỳ do tình trạng kháng insulin hoặc giảm sản xuất insulin. Các yếu tố nguy cơ bao gồm thừa cân, trước đây mắc bệnh tiểu đường thai kỳ, tiền sử gia đình mắc bệnh tiểu đường loại 2 và mắc hội chứng buồng trứng đa nang. Chẩn đoán bằng xét nghiệm máu. Đối với những người có nguy cơ bình thường, nên sàng lọc từ tuần thứ 24 đến tuần thứ 28 của thai kỳ. Đối với những người có nguy cơ cao, xét nghiệm có thể được thực hiện ở lần khám thai đầu tiên. Duy trì cân nặng khỏe mạnh và tập thể dục trước khi mang thai sẽ giúp phòng ngừa. Bệnh tiểu đường thai kỳ được điều trị bằng kế hoạch ăn uống lành mạnh, tập thể dục, dùng thuốc (chẳng hạn như metformin) và đôi khi là tiêm insulin. Hầu hết mọi người quản lý lượng đường trong máu bằng chế độ ăn kiêng và tập thể dục. Kiểm tra lượng đường trong máu ở những người bị ảnh hưởng thường được khuyến nghị bốn lần mỗi ngày. Việc cho con bú được khuyến khích càng sớm càng tốt sau khi sinh. Bệnh tiểu đường thai kỳ ảnh hưởng đến 3–9% số ca mang thai, tùy thuộc vào đối tượng được nghiên cứu. Nó đặc biệt phổ biến trong tam cá nguyệt thứ ba. Nó ảnh hưởng đến 1% những người dưới 20 tuổi và 13% những người trên 44 tuổi. Một số nhóm dân tộc bao gồm người châu Á, người Mỹ da đỏ, người Úc bản địa và người dân đảo Thái Bình Dương có nguy cơ cao hơn. Tuy nhiên, sự khác biệt về tỷ lệ lưu hành cũng là do các chiến lược sàng lọc và tiêu chuẩn chẩn đoán khác nhau. Trong 90% trường hợp, bệnh tiểu đường thai kỳ sẽ khỏi sau khi em bé chào đời. Tuy nhiên, những người bị ảnh hưởng có nguy cơ mắc bệnh tiểu đường loại 2 cao hơn.	https://en.wikipedia.org/wiki/Gestational_diabetes
DOID:11819	ung thư niệu quản	Ureteral cancer	"Ung thư niệu quản là ung thư niệu quản, ống cơ đẩy nước tiểu từ thận đến bàng quang.  Nó còn được gọi là ung thư niệu quản, ung thư vùng thận và hiếm khi là ung thư niệu quản hoặc ung thư niệu quản. Ung thư ở vị trí này rất hiếm. Ung thư niệu quản có nhiều khả năng xảy ra ở người lớn tuổi, thường ở độ tuổi 70–80, những người trước đây đã được chẩn đoán mắc bệnh ung thư bàng quang. Ung thư niệu quản thường là ung thư biểu mô tế bào chuyển tiếp. Ung thư biểu mô tế bào chuyển tiếp là ""nguyên nhân phổ biến gây ung thư niệu quản và các bệnh ung thư đường tiết niệu (vùng chậu) khác."" Vì bên trong niệu quản và bên trong bàng quang chứa cùng loại tế bào nên những người được chẩn đoán mắc bệnh ung thư niệu quản có nhiều khả năng được chẩn đoán mắc bệnh ung thư bàng quang và ngược lại. Ung thư niệu quản thường không có bất kỳ triệu chứng bất thường nào cho đến khi ung thư tiến triển. Một khi ung thư đã tiến triển, nó thường gây ra tiểu máu, đi tiểu thường xuyên, tiểu đêm và nhiều vấn đề về tiểu tiện khác, cũng như sụt cân và mệt mỏi bất thường. Các bác sĩ vẫn chưa rõ nguyên nhân cụ thể gây ra căn bệnh này nhưng có nhiều yếu tố nguy cơ đã được biết đến, trong đó có nhiều yếu tố phổ biến đối với nhiều loại bệnh ung thư. Chẩn đoán có thể được thực hiện theo nhiều cách khác nhau, nhưng một số công cụ chẩn đoán phổ biến nhất là chụp bể thận qua đường tĩnh mạch và chụp cắt lớp vi tính tiết niệu. Sau khi chẩn đoán được thực hiện, có nhiều phương pháp điều trị khác nhau, tùy thuộc vào tính chất của bệnh ung thư và mong muốn của bệnh nhân."	https://en.wikipedia.org/wiki/Ureteral_cancer
DOID:119	ung thư âm đạo	Vaginal cancer	Ung thư âm đạo là một dạng ung thư cực kỳ hiếm gặp phát triển trong mô của âm đạo. Ung thư âm đạo nguyên phát bắt nguồn từ mô âm đạo - thường gặp nhất là ung thư biểu mô tế bào vảy, nhưng ung thư biểu mô tuyến âm đạo nguyên phát, sarcoma và khối u ác tính cũng đã được báo cáo - trong khi ung thư âm đạo thứ phát liên quan đến sự di căn của ung thư bắt nguồn từ một bộ phận khác của cơ thể. Ung thư âm đạo thứ phát phổ biến hơn. Các dấu hiệu của ung thư âm đạo có thể bao gồm chảy máu âm đạo bất thường, khó tiểu, mót rặn hoặc đau vùng chậu, mặc dù có đến 20% phụ nữ được chẩn đoán mắc bệnh ung thư âm đạo không có triệu chứng tại thời điểm chẩn đoán. Ung thư âm đạo xảy ra thường xuyên hơn ở phụ nữ trên 50 tuổi và độ tuổi chẩn đoán ung thư âm đạo trung bình là 60 tuổi. Nó thường có thể được chữa khỏi nếu được phát hiện và điều trị ở giai đoạn đầu. Phẫu thuật đơn thuần hoặc phẫu thuật kết hợp với xạ trị vùng chậu thường được sử dụng để điều trị ung thư âm đạo.	https://en.wikipedia.org/wiki/Vaginal_cancer
DOID:1192	tân sinh hệ thần kinh ngoại biên		Không tìm thấy mô tả.	
DOID:11920	ung thư khí quản	Lung cancer	Ung thư phổi là một khối u ác tính có nguồn gốc từ các mô của phổi. Ung thư phổi là do tổn thương di truyền đối với DNA của các tế bào trong đường hô hấp, thường do hút thuốc lá hoặc hít phải hóa chất gây hại. Các tế bào đường hô hấp bị tổn thương có khả năng nhân lên mà không được kiểm soát, gây ra sự phát triển của khối u. Nếu không điều trị, các khối u sẽ lan rộng khắp phổi, gây tổn hại chức năng phổi. Cuối cùng, khối u phổi di căn, lan sang các bộ phận khác của cơ thể. Ung thư phổi giai đoạn đầu thường không có triệu chứng và chỉ có thể được phát hiện bằng hình ảnh y tế. Khi ung thư tiến triển, hầu hết mọi người đều gặp các vấn đề về hô hấp không đặc hiệu: ho, khó thở hoặc đau ngực. Các triệu chứng khác phụ thuộc vào vị trí và kích thước của khối u. Những người nghi ngờ mắc bệnh ung thư phổi thường trải qua một loạt các xét nghiệm hình ảnh để xác định vị trí và mức độ lan rộng của bất kỳ khối u nào. Chẩn đoán xác định ung thư phổi đòi hỏi phải sinh thiết khối u nghi ngờ và được bác sĩ giải phẫu bệnh kiểm tra dưới kính hiển vi. Ngoài việc nhận biết các tế bào ung thư, nhà nghiên cứu bệnh học có thể phân loại khối u theo loại tế bào mà nó bắt nguồn. Khoảng 15% trường hợp là ung thư phổi tế bào nhỏ (SCLC) và 85% còn lại (ung thư phổi không phải tế bào nhỏ hoặc NSCLC) là ung thư biểu mô tuyến, ung thư biểu mô tế bào vảy và ung thư biểu mô tế bào lớn. Sau khi chẩn đoán, hình ảnh và sinh thiết tiếp theo sẽ được thực hiện để xác định giai đoạn ung thư dựa trên mức độ lan rộng của nó. Điều trị ung thư phổi giai đoạn đầu bao gồm phẫu thuật cắt bỏ khối u, đôi khi sau đó là xạ trị và hóa trị để tiêu diệt bất kỳ tế bào ung thư nào còn sót lại. Ung thư giai đoạn sau được điều trị bằng xạ trị và hóa trị cùng với các phương pháp điều trị bằng thuốc nhắm vào các loại ung thư cụ thể. Ngay cả khi được điều trị, chỉ có khoảng 20% ​​số người sống sót sau 5 năm kể từ khi được chẩn đoán. Tỷ lệ sống sót cao hơn ở những người được chẩn đoán ở giai đoạn sớm hơn, được chẩn đoán ở độ tuổi trẻ hơn và ở phụ nữ so với nam giới. Hầu hết các trường hợp ung thư phổi là do hút thuốc lá. Phần còn lại là do tiếp xúc với các chất độc hại như amiăng và khí radon hoặc do đột biến gen ngẫu nhiên phát sinh. Do đó, những nỗ lực phòng ngừa ung thư phổi khuyến khích mọi người tránh các hóa chất độc hại và bỏ thuốc lá. Bỏ hút thuốc vừa làm giảm nguy cơ phát triển ung thư phổi vừa cải thiện kết quả điều trị ở những người đã được chẩn đoán mắc bệnh ung thư phổi. Ung thư phổi là loại ung thư được chẩn đoán nhiều nhất và nguy hiểm nhất trên toàn thế giới, với 2,2 triệu ca mắc vào năm 2020 và 1,8 triệu ca tử vong. Ung thư phổi hiếm gặp ở những người dưới 40 tuổi; độ tuổi trung bình khi được chẩn đoán là 70 tuổi và độ tuổi trung bình khi tử vong là 72. Tỷ lệ mắc bệnh và kết quả rất khác nhau trên khắp thế giới, tùy thuộc vào mô hình sử dụng thuốc lá. Trước khi hút thuốc lá xuất hiện vào thế kỷ 20, ung thư phổi là một căn bệnh hiếm gặp. Trong những năm 1950 và 1960, ngày càng có nhiều bằng chứng liên quan đến ung thư phổi và việc sử dụng thuốc lá, đỉnh điểm là hầu hết các cơ quan y tế quốc gia lớn đều đưa ra tuyên bố không khuyến khích việc sử dụng thuốc lá.	https://en.wikipedia.org/wiki/Lung_cancer
DOID:11934	ung thư đầu và cổ	Head and neck cancer	Ung thư đầu và cổ là một thuật ngữ chung bao gồm nhiều bệnh ung thư có thể phát triển ở vùng đầu và cổ. Chúng bao gồm ung thư miệng, lưỡi, nướu và môi (ung thư miệng), hộp thoại (thanh quản), họng (mũi họng, hầu họng, hạ họng), tuyến nước bọt, mũi và xoang. Ung thư đầu và cổ có thể biểu hiện nhiều triệu chứng khác nhau tùy thuộc vào nơi ung thư phát triển. Chúng có thể bao gồm vết loét trong miệng không lành, thay đổi giọng nói, khó nuốt, mảng đỏ hoặc trắng trong miệng và u ở cổ.  Phần lớn ung thư đầu cổ là do sử dụng rượu hoặc thuốc lá (kể cả thuốc lá không khói). Ngày càng có nhiều trường hợp do vi rút u nhú ở người (HPV) gây ra. Các yếu tố nguy cơ khác bao gồm virus Epstein–Barr, nhai trầu (paan), phơi nhiễm phóng xạ, dinh dưỡng kém và phơi nhiễm tại nơi làm việc với một số chất độc hại. Khoảng 90% được phân loại bệnh lý là ung thư tế bào vảy. Chẩn đoán được xác nhận bằng sinh thiết mô. Mức độ xâm lấn mô xung quanh và lan rộng có thể được xác định bằng hình ảnh y tế và xét nghiệm máu. Không sử dụng thuốc lá hoặc rượu có thể làm giảm nguy cơ ung thư đầu và cổ. Khám răng định kỳ có thể giúp xác định các dấu hiệu trước khi ung thư phát triển. Vắc-xin HPV giúp ngăn ngừa ung thư vòm họng liên quan đến HPV. Điều trị có thể bao gồm sự kết hợp của phẫu thuật, xạ trị, hóa trị và liệu pháp nhắm mục tiêu. Ở giai đoạn đầu, ung thư đầu và cổ thường có thể chữa khỏi nhưng 50% số người đến gặp bác sĩ khi bệnh đã ở giai đoạn nặng.  Trên toàn cầu, ung thư đầu cổ trung bình gây ra 650.000 ca ung thư mới và trung bình 330.000 ca tử vong hàng năm. Năm 2018, đây là căn bệnh ung thư phổ biến thứ bảy trên toàn thế giới, với 890.000 trường hợp mới được ghi nhận và 450.000 người chết vì căn bệnh này. Độ tuổi thông thường khi chẩn đoán là từ 55 đến 65 tuổi. Tỷ lệ sống sót trung bình 5 năm sau chẩn đoán ở các nước phát triển là 42–64%.	https://en.wikipedia.org/wiki/Head_and_neck_cancer
DOID:11949	Bệnh Creutzfeldt-Jakob	Creutzfeldt–Jakob disease	"Bệnh Creutzfeldt–Jakob (CJD) là một bệnh thoái hóa thần kinh không thể chữa khỏi, luôn gây tử vong, thuộc nhóm bệnh não xốp truyền nhiễm (TSE), còn được gọi là bệnh prion. Các triệu chứng ban đầu bao gồm các vấn đề về trí nhớ, thay đổi hành vi, phối hợp kém, rối loạn thị giác và rối loạn thính giác.  Các triệu chứng sau này bao gồm mất trí nhớ, cử động không chủ ý, mù, điếc, suy nhược và hôn mê. Khoảng 70% bệnh nhân tử vong trong vòng một năm sau khi được chẩn đoán. Tình trạng này được mô tả lần đầu tiên vào năm 1920. Tên ""bệnh Creutzfeldt–Jakob"" được Walther Spielmeyer đưa ra vào năm 1922, theo tên các nhà thần kinh học người Đức Hans Gerhard Creutzfeldt và Alfons Maria Jakob. CJD là do prion gây ra, một biến thể lây nhiễm, gấp nếp bất thường của một loại protein gọi là protein prion. Khoảng 85% trường hợp mắc CJD xảy ra không rõ nguyên nhân ('CJD lẻ tẻ'), trong khi khoảng 10–15% trường hợp được di truyền theo kiểu gen trội. Trong một số trường hợp hiếm hoi, việc tiếp xúc với mô não hoặc cột sống từ người bị nhiễm bệnh đã dẫn đến truyền bệnh và một dạng biến thể của CJD là do tiếp xúc với thịt của những con bò mắc bệnh não xốp dạng bò (""bệnh bò điên""). Không có bằng chứng nào cho thấy bệnh CJD lẻ tẻ có thể lây lan giữa người với người thông qua tiếp xúc thông thường hoặc truyền máu, mặc dù điều này có thể xảy ra ở biến thể bệnh Creutzfeldt–Jakob. Chẩn đoán CJD liên quan đến việc loại trừ các nguyên nhân tiềm ẩn khác. Điện não đồ, tủy sống hoặc chụp cộng hưởng từ (MRI) có thể hỗ trợ chẩn đoán. Một kỹ thuật chẩn đoán khác là xét nghiệm chuyển đổi do rung lắc theo thời gian thực, có thể phát hiện bệnh ở giai đoạn đầu. Hiện tại không có phương pháp điều trị cụ thể nào cho bệnh CJD. Opioid có thể được sử dụng để giảm đau, trong khi clonazepam hoặc natri valproate có thể giúp giảm các cử động không tự chủ. CJD ảnh hưởng đến khoảng một người trên một triệu người mỗi năm. Sự khởi phát của bệnh CJD lẻ tẻ thường vào khoảng 60 tuổi."	https://en.wikipedia.org/wiki/Creutzfeldt%E2%80%93Jakob_disease
DOID:12185	chứng xơ cứng tai	Otosclerosis	Xơ cứng tai là tình trạng của tai giữa và tai trong, nơi các phần của lớp màng sụn dày đặc của mê cung xương biến đổi thành một hoặc nhiều tổn thương xương xốp có vị trí không đều. Khi tổn thương đến xương bàn đạp, xương bị tiêu hủy, sau đó cứng lại (xơ cứng), làm hạn chế khả năng di chuyển của xương và dẫn đến mất thính giác, ù tai, chóng mặt hoặc kết hợp các triệu chứng này. Thuật ngữ xơ cứng tai là một cách gọi sai: phần lớn diễn biến lâm sàng được đặc trưng bởi những thay đổi trong xương chứ không phải xơ cứng, vì vậy bệnh còn được gọi là bệnh xốp xơ tai.	https://en.wikipedia.org/wiki/Otosclerosis
DOID:12236	xơ gan mật nguyên phát	Primary biliary cholangitis	"Viêm đường mật nguyên phát (PBC), trước đây gọi là xơ gan mật nguyên phát, là một bệnh tự miễn của gan. Nó là kết quả của sự phá hủy dần dần các ống mật nhỏ của gan, khiến mật và các chất độc khác tích tụ trong gan, một tình trạng gọi là ứ mật. Tổn thương chậm hơn ở mô gan có thể dẫn đến sẹo, xơ hóa và cuối cùng là xơ gan. Các triệu chứng thường gặp là mệt mỏi, ngứa và trong những trường hợp nặng hơn là vàng da. Trong những trường hợp đầu, những thay đổi duy nhất có thể là những thay đổi được thấy trong xét nghiệm máu. PBC là một căn bệnh tương đối hiếm gặp, ảnh hưởng đến 1/3.000–4.000 người.  Cũng như nhiều bệnh tự miễn khác, bệnh này phổ biến hơn ở phụ nữ với tỷ lệ giới tính ít nhất là 9:1 nữ/nam. Lý do cho sự chênh lệch này vẫn chưa rõ ràng, nhưng có thể liên quan đến sự biểu hiện của các hormone giới tính như estrogen, tác động đến phản ứng của hệ miễn dịch. Tình trạng này đã được công nhận ít nhất là từ năm 1851 và được đặt tên là ""xơ gan mật nguyên phát"" vào năm 1949. Bởi vì xơ gan chỉ là một đặc điểm của bệnh tiến triển nên việc đổi tên thành ""viêm đường mật nguyên phát"" đã được các nhóm vận động bệnh nhân đề xuất vào năm 2014."	https://en.wikipedia.org/wiki/Primary_biliary_cholangitis
DOID:12306	bệnh bạch biến	Vitiligo	Bệnh bạch biến (VIT-ih-LY-goh) là một rối loạn tự miễn dịch mãn tính khiến da mất sắc tố (cụ thể là melanin, tạo ra màu da) thành các mảng có kích thước khác nhau và có thể xuất hiện ở bất cứ đâu trên cơ thể. Sự phát triển của bệnh bạch biến có liên quan đến sự gắn kết bất thường giữa các tế bào hắc tố (sản xuất melanin) và laminin, một loại protein ngoại bào. Rối loạn này được cho là do sự thay đổi của hệ thống miễn dịch với các yếu tố di truyền tiềm ẩn. Thường xuất hiện lần đầu tiên ở tuổi trưởng thành trẻ, nó có thể được kích hoạt bởi các yếu tố môi trường, tiếp xúc với ánh nắng mặt trời hoặc hóa chất, căng thẳng và chấn thương thể chất. Dạng phổ biến nhất có xu hướng ảnh hưởng đến da nhiều hơn theo thời gian, với các phương pháp điều trị tiềm năng bao gồm thuốc bôi và liệu pháp ánh sáng. Vào thời cổ đại, chứng rối loạn này thường bị nhầm lẫn với bệnh phong, một bệnh truyền nhiễm. Một số nhân vật của công chúng đã mắc bệnh bạch biến, chẳng hạn như ca sĩ Michael Jackson, người đã che giấu tình trạng bệnh của mình cho đến khi nó ảnh hưởng đến toàn bộ cơ thể.	https://en.wikipedia.org/wiki/Vitiligo
DOID:12361	bệnh Graves	Graves' disease	Bệnh Graves, còn được gọi là bướu cổ lan tỏa độc hại, bệnh Basedow hoặc bệnh Flajani-Graves-Basedow, là một bệnh tự miễn ảnh hưởng đến tuyến giáp. Nó thường dẫn đến và là nguyên nhân phổ biến nhất của bệnh cường giáp. Nó cũng thường dẫn đến tuyến giáp mở rộng. Các dấu hiệu và triệu chứng của cường giáp có thể bao gồm khó chịu, yếu cơ, khó ngủ, nhịp tim nhanh, khả năng chịu nhiệt kém, tiêu chảy và giảm cân không chủ ý. Các triệu chứng khác có thể bao gồm da dày lên ở cẳng chân, được gọi là phù niêm trước xương chày và lồi mắt, một tình trạng do bệnh mắt Graves gây ra. Khoảng 25 đến 30% số người mắc bệnh này sẽ phát triển các vấn đề về mắt. Nguyên nhân chính xác của bệnh vẫn chưa rõ ràng, nhưng các triệu chứng là kết quả của việc kháng thể liên kết với các thụ thể trên tuyến giáp, gây ra sự biểu hiện quá mức của hormone tuyến giáp. Mọi người có nhiều khả năng bị ảnh hưởng hơn nếu họ có một thành viên trong gia đình mắc bệnh. Nếu một cặp song sinh đơn nhân (sinh đôi giống hệt nhau) bị ảnh hưởng thì có 30% khả năng cặp song sinh còn lại cũng mắc bệnh. Sự khởi đầu của bệnh có thể được kích hoạt bởi căng thẳng về thể chất hoặc tinh thần, nhiễm trùng hoặc do sinh nở. Những người mắc các bệnh tự miễn dịch khác như tiểu đường loại 1 và viêm khớp dạng thấp có nhiều khả năng bị ảnh hưởng hơn. Hút thuốc làm tăng nguy cơ mắc bệnh và có thể làm trầm trọng thêm các vấn đề về mắt. Rối loạn này là do một kháng thể, được gọi là globulin miễn dịch kích thích tuyến giáp (TSI), có tác dụng tương tự như hormone kích thích tuyến giáp (TSH). Những kháng thể TSI này khiến tuyến giáp sản xuất quá nhiều hormone tuyến giáp. Chẩn đoán có thể bị nghi ngờ dựa trên các triệu chứng và được xác nhận bằng xét nghiệm máu và hấp thu iốt phóng xạ. Thông thường, xét nghiệm máu cho thấy T3 và T4 tăng, TSH thấp, tăng hấp thu iod phóng xạ ở tất cả các vùng của tuyến giáp và kháng thể TSI. Ba lựa chọn điều trị là liệu pháp iốt phóng xạ, dùng thuốc và phẫu thuật tuyến giáp. Liệu pháp iốt phóng xạ bao gồm việc dùng iốt-131 bằng đường uống, sau đó tập trung ở tuyến giáp và phá hủy nó trong vài tuần đến vài tháng. Suy giáp kết quả được điều trị bằng hormone tuyến giáp tổng hợp. Các loại thuốc như thuốc chẹn beta có thể kiểm soát một số triệu chứng và thuốc kháng giáp như methimazole có thể giúp ích tạm thời cho mọi người, trong khi các phương pháp điều trị khác đang có tác dụng. Phẫu thuật cắt bỏ tuyến giáp là một lựa chọn khác. Các vấn đề về mắt có thể cần điều trị bổ sung. Bệnh Graves phát triển ở khoảng 0,5% nam giới và 3,0% nữ giới. Nó xảy ra thường xuyên hơn ở phụ nữ khoảng 7,5 lần so với nam giới. Thông thường, nó bắt đầu ở độ tuổi từ 40 đến 60, nhưng có thể bắt đầu ở mọi lứa tuổi. Đây là nguyên nhân phổ biến nhất gây ra bệnh cường giáp ở Hoa Kỳ (khoảng 50 đến 80% trường hợp). Tình trạng này được đặt theo tên của bác sĩ phẫu thuật người Ireland Robert Graves, người đã mô tả nó vào năm 1835. Nhiều mô tả trước đây cũng tồn tại.	https://en.wikipedia.org/wiki/Graves%27_disease
DOID:12365	bệnh sốt rét	Malaria	Sốt rét là một bệnh truyền nhiễm do muỗi truyền qua vết đốt của muỗi Anopheles. Các triệu chứng sốt rét ở người thường bao gồm sốt, mệt mỏi, nôn mửa và đau đầu. Trong trường hợp nặng, bệnh có thể gây vàng da, co giật, hôn mê hoặc tử vong. Các triệu chứng thường bắt đầu từ 10 đến 15 ngày sau khi bị muỗi Anopheles nhiễm bệnh đốt. Nếu không được điều trị đúng cách, người bệnh có thể tái phát bệnh nhiều tháng sau đó. Những người sống sót sau khi bị nhiễm trùng sẽ phát triển khả năng miễn dịch một phần, dễ bị tái nhiễm mặc dù có các triệu chứng nhẹ hơn. Sự đề kháng một phần này biến mất sau nhiều tháng đến nhiều năm nếu người đó không tiếp tục tiếp xúc với bệnh sốt rét. Bệnh sốt rét do ký sinh trùng đơn bào thuộc chi Plasmodium gây ra, thường lây lan qua vết đốt của muỗi cái Anopheles bị nhiễm bệnh. Vết muỗi đốt đưa ký sinh trùng từ nước bọt của muỗi vào máu. Ký sinh trùng ban đầu sinh sản và trưởng thành ở gan mà không gây ra triệu chứng. Sau vài ngày, ký sinh trùng trưởng thành lây lan vào máu, nơi chúng lây nhiễm và phá hủy các tế bào hồng cầu, gây ra các triệu chứng nhiễm trùng. Năm loài Plasmodium thường lây nhiễm sang người. Ba loài có liên quan đến các ca bệnh nặng hơn là P. falciparum (gây ra phần lớn các ca tử vong do sốt rét), P. vivax và P. Knowlesi (một loại bệnh sốt rét lây sang hàng nghìn người mỗi năm). P. ovale và P. sốt rét thường gây ra dạng sốt rét nhẹ hơn. Bệnh sốt rét thường được chẩn đoán bằng cách kiểm tra máu bằng kính hiển vi bằng màng máu hoặc bằng các xét nghiệm chẩn đoán nhanh dựa trên kháng nguyên. Các phương pháp sử dụng phản ứng chuỗi polymerase để phát hiện DNA của ký sinh trùng đã được phát triển nhưng chúng không được sử dụng rộng rãi ở những khu vực phổ biến bệnh sốt rét do chi phí cao và độ phức tạp. Nguy cơ mắc bệnh có thể giảm bằng cách ngăn ngừa muỗi đốt thông qua việc sử dụng màn chống muỗi và thuốc chống côn trùng hoặc bằng các biện pháp kiểm soát muỗi như phun thuốc trừ sâu và xả nước đọng. Một số loại thuốc dự phòng có sẵn để ngăn ngừa bệnh sốt rét ở những khu vực nơi bệnh phổ biến. Tính đến năm 2023, hai loại vắc xin sốt rét đã được Tổ chức Y tế Thế giới xác nhận. Sự kháng thuốc giữa các ký sinh trùng đã phát triển đối với một số loại thuốc chống sốt rét; ví dụ, P. falciparum kháng chloroquine đã lan rộng đến hầu hết các khu vực dễ bị sốt rét và tình trạng kháng artemisinin đã trở thành một vấn đề ở một số vùng ở Đông Nam Á. Vì lý do này, thuốc điều trị nhiễm trùng sốt rét phải được điều chỉnh để phù hợp nhất với các loài Plasmodium có liên quan và vị trí địa lý nơi lây nhiễm.  Bệnh phổ biến ở các vùng nhiệt đới và cận nhiệt đới, tồn tại thành dải rộng quanh xích đạo. Điều này bao gồm phần lớn châu Phi cận Sahara, châu Á và châu Mỹ Latinh. Vào năm 2024, khoảng 282 triệu ca sốt rét trên toàn thế giới dẫn đến khoảng 610.000 ca tử vong. Khoảng 95% số ca nhiễm và tử vong xảy ra ở châu Phi cận Sahara. Bệnh sốt rét thường gắn liền với nghèo đói và có tác động tiêu cực đáng kể đến sự phát triển kinh tế; ở Châu Phi, người ta ước tính gây ra thiệt hại kinh tế (ước tính khoảng 12 tỷ USD một năm vào năm 2005) do chi phí chăm sóc sức khỏe tăng, mất khả năng lao động và ảnh hưởng xấu đến du lịch.	https://en.wikipedia.org/wiki/Malaria
DOID:1245	ung thư âm hộ	Vulvar cancer	Ung thư âm hộ là bệnh ung thư ở âm hộ, phần bên ngoài của bộ phận sinh dục nữ. Nó thường ảnh hưởng nhất đến môi lớn. Ít gặp hơn là môi bé, âm vật hoặc tuyến Bartholin bị ảnh hưởng. Các triệu chứng bao gồm nổi cục, ngứa, thay đổi trên da hoặc chảy máu từ âm hộ. Các yếu tố nguy cơ bao gồm tân sinh nội biểu mô âm hộ (VIN), nhiễm trùng HPV, mụn cóc sinh dục, hút thuốc và nhiều bạn tình. Hầu hết các bệnh ung thư âm hộ là ung thư tế bào vảy. Các loại khác bao gồm ung thư biểu mô tuyến, khối u ác tính, sarcoma và ung thư biểu mô tế bào đáy. Chẩn đoán được nghi ngờ dựa trên khám thực thể và được xác nhận bằng sinh thiết mô. Việc kiểm tra định kỳ không được khuyến khích. Phòng ngừa có thể bao gồm tiêm phòng HPV. Các phương pháp điều trị tiêu chuẩn có thể bao gồm phẫu thuật, xạ trị, hóa trị và liệu pháp sinh học. Ung thư âm hộ mới ảnh hưởng đến khoảng 44.200 người và khiến 15.200 người tử vong trên toàn cầu vào năm 2018. Tại Hoa Kỳ, căn bệnh này mới xảy ra ở khoảng 6.070 người với 1.280 ca tử vong mỗi năm. Bệnh khởi phát thường sau 45 tuổi. Tỷ lệ sống sót sau 5 năm đối với bệnh ung thư âm hộ là khoảng 70% tính đến năm 2022. Tuy nhiên, kết quả bị ảnh hưởng bởi liệu sự lây lan có xảy ra đến các hạch bạch huyết hay không.	https://en.wikipedia.org/wiki/Vulvar_cancer
DOID:12849	rối loạn tự kỷ	Classic autism	"Chứng tự kỷ cổ điển—còn gọi là chứng tự kỷ ở trẻ em, chứng rối loạn tự kỷ hoặc hội chứng Kanner—là một chứng rối loạn phát triển thần kinh được chẩn đoán trước đây được Leo Kanner mô tả lần đầu tiên vào năm 1943. Nó được đặc trưng bởi sự phát triển không điển hình và suy giảm trong tương tác và giao tiếp xã hội cũng như các hành vi, hoạt động và sở thích bị hạn chế và lặp đi lặp lại. Những triệu chứng này xuất hiện lần đầu tiên trong thời thơ ấu và tồn tại suốt cuộc đời. Tự kỷ cổ điển được công nhận lần cuối là chẩn đoán trong DSM-IV và ICD-10, và đã được thay thế bằng chứng rối loạn phổ tự kỷ trong DSM-5 (2013) và ICD-11 (2022). Trên toàn cầu, bệnh tự kỷ cổ điển ước tính ảnh hưởng đến 24,8 triệu người vào năm 2015. Bệnh tự kỷ có thể do sự kết hợp giữa các yếu tố di truyền và môi trường, trong đó các yếu tố di truyền được cho là chiếm ưu thế hơn nhiều. Một số nguyên nhân môi trường được đề xuất gây ra bệnh tự kỷ đã gặp phải nhiều tranh cãi, chẳng hạn như giả thuyết gian lận về vắc-xin, mặc dù đã bị bác bỏ nhưng đã tác động tiêu cực đến tỷ lệ tiêm chủng ở trẻ em. Kể từ DSM-5/ICD-11, thuật ngữ ""tự kỷ"" thường đề cập đến phổ tự kỷ rộng hơn."	https://en.wikipedia.org/wiki/Classic_autism
DOID:12930	bệnh cơ tim giãn nở	Dilated cardiomyopathy	Bệnh cơ tim giãn nở (DCM) là tình trạng tim trở nên to ra và không thể bơm máu hiệu quả. Các triệu chứng khác nhau từ không có triệu chứng đến cảm thấy mệt mỏi, sưng chân và khó thở. Nó cũng có thể dẫn đến đau ngực hoặc ngất xỉu. Các biến chứng có thể bao gồm suy tim, bệnh van tim hoặc nhịp tim không đều. Các nguyên nhân bao gồm di truyền, rượu, cocaine, một số chất độc, biến chứng khi mang thai và một số bệnh nhiễm trùng. Bệnh động mạch vành và huyết áp cao có thể đóng một vai trò nào đó nhưng không phải là nguyên nhân chính. Trong nhiều trường hợp nguyên nhân vẫn chưa rõ ràng. Đó là một loại bệnh cơ tim, một nhóm bệnh chủ yếu ảnh hưởng đến cơ tim. Chẩn đoán có thể được hỗ trợ bằng điện tâm đồ, chụp X-quang ngực hoặc siêu âm tim. Ở những người bị suy tim, việc điều trị có thể bao gồm các loại thuốc thuộc nhóm thuốc ức chế ACE, thuốc chẹn beta và thuốc lợi tiểu. Chế độ ăn ít muối cũng có thể hữu ích. Ở những người có một số loại nhịp tim không đều, có thể nên dùng thuốc làm loãng máu hoặc máy khử rung tim cấy ghép. Liệu pháp tái đồng bộ tim (CRT) có thể cần thiết. Nếu các biện pháp khác không hiệu quả, ghép tim có thể là một lựa chọn ở một số trường hợp. Trong hai thập kỷ qua, số lượng bệnh nhân được chẩn đoán đã gia tăng và DCM là dạng bệnh cơ tim phổ biến nhất ở người lớn. Những số liệu gần đây nhất cho thấy khoảng 3 trên 1.000 nam giới và 1 trên 1.000 phụ nữ bị ảnh hưởng. Nó có liên quan đến tỷ lệ tử vong vượt mức đáng kể so với dân số nói chung, từ tỷ lệ tử vong cao hơn khoảng 32 lần ở những người trưởng thành trẻ tuổi mắc DCM đến mức tăng gấp 2 lần ở những bệnh nhân lớn tuổi nhất. Nó cũng có thể xảy ra ở trẻ em và là loại bệnh cơ tim phổ biến nhất ở lứa tuổi này. DCM chủ yếu ảnh hưởng đến tâm thất trái vì nó có tải trọng cao nhất. So sánh bên trái và bên phải, tâm thất phải chỉ cần lưu thông máu đến các động mạch phổi nằm tương đối gần nhau. Tuy nhiên, tâm thất trái chịu trách nhiệm bơm máu đến các bộ phận còn lại của cơ thể không phải là phổi. Sự chênh lệch tải trọng này khiến cơ tim của tâm thất trái bị hao mòn và căng thẳng nhiều hơn trong suốt cả ngày, dẫn đến khả năng dễ bị DCM cao hơn tâm thất phải.	https://en.wikipedia.org/wiki/Dilated_cardiomyopathy
DOID:12995	rối loạn hành vi	Conduct disorder	Rối loạn hành vi (CD) là một rối loạn tâm thần được chẩn đoán ở thời thơ ấu hoặc thanh thiếu niên, được đặc trưng bởi mô hình hành vi chống đối xã hội lặp đi lặp lại và dai dẳng liên quan đến việc vi phạm các quyền cơ bản của người khác hoặc các chuẩn mực chính phù hợp với lứa tuổi. Những hành vi này có thể bao gồm trộm cắp, nói dối, bạo lực thể xác, phá hoại và vi phạm quy tắc. Rối loạn hành vi thường được coi là dấu hiệu báo trước của rối loạn nhân cách chống đối xã hội; tuy nhiên, theo định nghĩa, bệnh sau không thể được chẩn đoán cho đến khi cá nhân đó 18 tuổi.  Rối loạn hành vi có thể là kết quả của sự từ chối và bỏ bê của cha mẹ và trong những trường hợp như vậy có thể được điều trị bằng liệu pháp gia đình, cũng như điều chỉnh hành vi và liệu pháp dùng thuốc. Nó cũng có thể được gây ra bởi sự tiếp xúc với chì trong môi trường. Rối loạn hành vi được ước tính sẽ ảnh hưởng đến 51,1 triệu người trên toàn cầu tính đến năm 2013.	https://en.wikipedia.org/wiki/Conduct_disorder
DOID:1312	xơ cứng cầu thận từng đoạn khu trú	Focal segmental glomerulosclerosis	Xơ cứng cầu thận từng đoạn khu trú (FSGS) là một phát hiện mô bệnh học về sẹo (xơ cứng) của cầu thận và tổn thương tế bào nang thận. Quá trình này làm tổn thương chức năng lọc của thận, dẫn đến sự hiện diện của protein trong nước tiểu do mất protein. FSGS là nguyên nhân hàng đầu gây mất protein quá mức—hội chứng thận hư—ở trẻ em và người lớn ở Hoa Kỳ. Các dấu hiệu và triệu chứng bao gồm protein niệu và phù nề.  Suy thận là một biến chứng lâu dài thường gặp của bệnh. FSGS có thể được phân loại thành nguyên phát, thứ phát hoặc di truyền, tùy thuộc vào nguyên nhân có thể được xác định là nguyên nhân do một yếu tố gây căng thẳng bệnh lý hoặc độc hại cụ thể hoặc khuynh hướng di truyền. Chẩn đoán được xác định bằng sinh thiết thận và điều trị bao gồm glucocorticoid và các thuốc điều hòa miễn dịch khác. Đáp ứng với điều trị rất khác nhau, với một phần đáng kể bệnh nhân tiến triển đến suy thận giai đoạn cuối. Một nghiên cứu dịch tễ học của Mỹ cách đây 20 năm đã chứng minh rằng FSGS ước tính xảy ra ở 7 người trên một triệu người, trong đó nam giới người Mỹ gốc Phi có nguy cơ cao hơn.	https://en.wikipedia.org/wiki/Focal_segmental_glomerulosclerosis
DOID:13189	bệnh gout	Gout	"Bệnh gút ( GOWT), còn được gọi là bệnh gút thấp khớp, là một dạng viêm khớp đặc trưng bởi các cơn đau tái phát ở khớp đỏ, đau, nóng và sưng, gây ra bởi sự lắng đọng các tinh thể hình kim của muối mononatri của axit uric. Cơn đau thường xuất hiện nhanh chóng và đạt cường độ tối đa trong vòng chưa đầy 12 giờ.  Trong khoảng một nửa số trường hợp, khớp ở gốc ngón chân cái bị ảnh hưởng (podagra). Nó cũng có thể dẫn đến tophi, sỏi thận hoặc tổn thương thận. Bệnh gút là do nồng độ axit uric (urat) trong máu tăng cao liên tục (tăng axit uric máu). Điều này xảy ra do sự kết hợp của chế độ ăn uống, các vấn đề sức khỏe khác và yếu tố di truyền. Ở mức độ cao, axit uric kết tinh và lắng đọng trong các khớp, gân và các mô xung quanh, dẫn đến cơn gút tấn công. Bệnh gút xảy ra phổ biến hơn ở những người thường xuyên uống bia hoặc đồ uống có đường, ăn thực phẩm chứa nhiều purin như gan, động vật có vỏ, cá cơm hoặc thừa cân. Chẩn đoán bệnh gút có thể được xác nhận bằng sự hiện diện của các tinh thể trong dịch khớp hoặc trong chất lắng đọng bên ngoài khớp. Nồng độ axit uric trong máu có thể bình thường trong một cuộc tấn công. Điều trị bằng thuốc chống viêm không steroid (NSAID), glucocorticoid hoặc colchicine giúp cải thiện các triệu chứng. Khi cơn cấp tính thuyên giảm, nồng độ axit uric có thể giảm xuống thông qua thay đổi lối sống và ở những người bị cơn cấp tính thường xuyên, allopurinol hoặc thăm dò sẽ có tác dụng phòng ngừa lâu dài. Uống vitamin C và có chế độ ăn nhiều sản phẩm từ sữa ít béo có thể phòng ngừa được. Bệnh gút ảnh hưởng đến khoảng 1–2% người trưởng thành ở các nước phát triển tại một thời điểm nào đó trong cuộc đời của họ. Nó đã trở nên phổ biến hơn trong những thập kỷ gần đây. Điều này được cho là do các yếu tố nguy cơ ngày càng tăng trong dân số, chẳng hạn như hội chứng chuyển hóa, tuổi thọ dài hơn và thay đổi chế độ ăn uống. Nam giới lớn tuổi thường bị ảnh hưởng nhất. Bệnh gút trong lịch sử được gọi là ""căn bệnh của vua"" hay ""căn bệnh của người giàu"" vì mối quan hệ của nó với chế độ ăn uống phong phú và béo phì. Nó đã được công nhận ít nhất kể từ thời Ai Cập cổ đại."	https://en.wikipedia.org/wiki/Gout
DOID:1319	ung thư não	Brain tumor	Khối u não (đôi khi được gọi là ung thư não) xảy ra khi một nhóm tế bào trong não phát triển ngoài tầm kiểm soát, tạo thành một khối. Có hai loại khối u chính: khối u ác tính (ung thư) và khối u lành tính (không ung thư). Chúng có thể được phân loại thêm thành các khối u nguyên phát, bắt đầu trong não và các khối u thứ cấp, thường lây lan từ các khối u nằm bên ngoài não, được gọi là khối u di căn não. Tất cả các loại khối u não có thể tạo ra các triệu chứng khác nhau tùy thuộc vào kích thước của khối u và phần não liên quan. Khi có các triệu chứng, chúng có thể bao gồm đau đầu, co giật, các vấn đề về thị lực, nôn mửa và thay đổi tâm thần. Các triệu chứng khác có thể bao gồm khó đi lại, khó nói, có cảm giác hoặc bất tỉnh. Nguyên nhân của hầu hết các khối u não vẫn chưa được biết rõ, mặc dù có tới 4% trường hợp ung thư não có thể do bức xạ chụp CT gây ra. Các yếu tố nguy cơ không phổ biến bao gồm tiếp xúc với vinyl clorua, vi rút Epstein–Barr, bức xạ ion hóa và các hội chứng di truyền như bệnh u xơ thần kinh, bệnh xơ cứng củ và bệnh von Hippel-Lindau. Các nghiên cứu về việc tiếp xúc với điện thoại di động chưa cho thấy nguy cơ rõ ràng. Các loại khối u nguyên phát phổ biến nhất ở người lớn là u màng não (thường là lành tính) và u tế bào hình sao như u nguyên bào thần kinh đệm. Ở trẻ em, loại phổ biến nhất là u nguyên bào tủy ác tính. Chẩn đoán thường bằng cách kiểm tra y tế cùng với chụp cắt lớp vi tính (CT) hoặc chụp cộng hưởng từ (MRI). Kết quả sau đó thường được xác nhận bằng sinh thiết. Dựa trên những phát hiện, các khối u được chia thành các mức độ nghiêm trọng khác nhau. Điều trị có thể bao gồm một số sự kết hợp của phẫu thuật, xạ trị và hóa trị. Nếu cơn động kinh xảy ra, có thể cần dùng thuốc chống co giật. Dexamethasone và furosemide là những loại thuốc có thể được sử dụng để giảm sưng quanh khối u. Một số khối u phát triển dần dần, chỉ cần theo dõi và có thể không cần can thiệp gì thêm. Các phương pháp điều trị sử dụng hệ thống miễn dịch của một người đang được nghiên cứu. Kết quả đối với các khối u ác tính thay đổi đáng kể tùy thuộc vào loại khối u và mức độ lan rộng của nó khi chẩn đoán. Mặc dù các khối u lành tính chỉ phát triển ở một khu vực nhưng chúng vẫn có thể đe dọa tính mạng tùy thuộc vào kích thước và vị trí của chúng. U nguyên bào thần kinh đệm ác tính thường có kết quả rất kém, trong khi u màng não lành tính thường có kết quả tốt. Tỷ lệ sống sót trung bình sau 5 năm đối với tất cả các bệnh ung thư não (ác tính) ở Hoa Kỳ là 33%. Các khối u não thứ phát hoặc di căn có tỷ lệ phổ biến gấp bốn lần so với các khối u não nguyên phát, với khoảng một nửa số di căn đến từ ung thư phổi. Các khối u não nguyên phát xảy ra ở khoảng 250.000 người mỗi năm trên toàn cầu và chiếm chưa đến 2% số ca ung thư. Ở trẻ em dưới 15 tuổi, khối u não chỉ đứng sau bệnh bạch cầu lymphoblastic cấp tính là dạng ung thư phổ biến nhất. Tại New South Wales, Úc vào năm 2005, chi phí kinh tế trung bình suốt đời cho một trường hợp ung thư não là 1,9 triệu đô la Úc, mức chi phí lớn nhất trong số các loại ung thư.	https://en.wikipedia.org/wiki/Brain_tumor
DOID:13223	u xơ tử cung	Uterine fibroid	U xơ tử cung hay còn gọi là u cơ tử cung, u xơ tử cung hay u xơ tử cung là những khối u cơ trơn lành tính của tử cung, một phần của hệ thống sinh sản nữ. Hầu hết phụ nữ bị u xơ tử cung không có triệu chứng, trong khi những người khác có thể bị chảy máu kinh nguyệt nhiều hoặc đau đớn. Nếu đủ lớn, chúng có thể đè lên bàng quang, khiến bạn phải đi tiểu thường xuyên. Chúng cũng có thể gây đau khi quan hệ tình dục thâm nhập hoặc đau lưng dưới. Ai đó có thể bị một hoặc nhiều u xơ tử cung. Điều này không phổ biến nhưng có thể u xơ có thể gây khó khăn cho việc mang thai. Nguyên nhân chính xác của u xơ tử cung là không rõ ràng. Tuy nhiên, u xơ di truyền trong gia đình và dường như được quyết định một phần bởi nồng độ hormone. Các yếu tố nguy cơ bao gồm béo phì và ăn thịt đỏ. Chẩn đoán có thể được thực hiện bằng khám vùng chậu hoặc hình ảnh y tế. Điều trị thường không cần thiết nếu không có triệu chứng. NSAID, chẳng hạn như ibuprofen và acetaminophen (acetaminophen) có thể giúp giảm đau. Theo The Mayo Clinic, NSAID có thể giúp giảm đau do u xơ tử cung. Tuy nhiên, chúng không làm giảm chảy máu do u xơ vì chúng không phải là thuốc nội tiết tố. Có thể cần bổ sung sắt ở những người có kinh nguyệt nhiều. Thuốc thuộc nhóm chất chủ vận hormone giải phóng gonadotropin có thể làm giảm kích thước của u xơ nhưng đắt tiền và có nhiều tác dụng phụ. Nếu có triệu chứng nặng hơn, phẫu thuật cắt bỏ u xơ hoặc tử cung có thể hữu ích. Thuyên tắc động mạch tử cung cũng có thể hữu ích. Các phiên bản ung thư của u xơ tử cung rất hiếm và được gọi là leiomyosarcomas. Chúng dường như không phát triển từ u xơ lành tính. Khoảng 20% ​​đến 80% phụ nữ mắc u xơ tử cung ở tuổi 50. Năm 2013, ước tính có 171 triệu phụ nữ trên toàn thế giới bị ảnh hưởng. Chúng thường được tìm thấy trong những năm sinh sản giữa và sau này. Sau khi mãn kinh, chúng thường giảm kích thước. Tại Hoa Kỳ, u xơ tử cung là nguyên nhân phổ biến khiến phải phẫu thuật cắt bỏ tử cung.	https://en.wikipedia.org/wiki/Uterine_fibroid
DOID:1324	ung thư phổi	Lung cancer	Ung thư phổi là một khối u ác tính có nguồn gốc từ các mô của phổi. Ung thư phổi là do tổn thương di truyền đối với DNA của các tế bào trong đường hô hấp, thường do hút thuốc lá hoặc hít phải hóa chất gây hại. Các tế bào đường hô hấp bị tổn thương có khả năng nhân lên mà không được kiểm soát, gây ra sự phát triển của khối u. Nếu không điều trị, các khối u sẽ lan rộng khắp phổi, gây tổn hại chức năng phổi. Cuối cùng, khối u phổi di căn, lan sang các bộ phận khác của cơ thể. Ung thư phổi giai đoạn đầu thường không có triệu chứng và chỉ có thể được phát hiện bằng hình ảnh y tế. Khi ung thư tiến triển, hầu hết mọi người đều gặp các vấn đề về hô hấp không đặc hiệu: ho, khó thở hoặc đau ngực. Các triệu chứng khác phụ thuộc vào vị trí và kích thước của khối u. Những người nghi ngờ mắc bệnh ung thư phổi thường trải qua một loạt các xét nghiệm hình ảnh để xác định vị trí và mức độ lan rộng của bất kỳ khối u nào. Chẩn đoán xác định ung thư phổi đòi hỏi phải sinh thiết khối u nghi ngờ và được bác sĩ giải phẫu bệnh kiểm tra dưới kính hiển vi. Ngoài việc nhận biết các tế bào ung thư, nhà nghiên cứu bệnh học có thể phân loại khối u theo loại tế bào mà nó bắt nguồn. Khoảng 15% trường hợp là ung thư phổi tế bào nhỏ (SCLC) và 85% còn lại (ung thư phổi không phải tế bào nhỏ hoặc NSCLC) là ung thư biểu mô tuyến, ung thư biểu mô tế bào vảy và ung thư biểu mô tế bào lớn. Sau khi chẩn đoán, hình ảnh và sinh thiết tiếp theo sẽ được thực hiện để xác định giai đoạn ung thư dựa trên mức độ lan rộng của nó. Điều trị ung thư phổi giai đoạn đầu bao gồm phẫu thuật cắt bỏ khối u, đôi khi sau đó là xạ trị và hóa trị để tiêu diệt bất kỳ tế bào ung thư nào còn sót lại. Ung thư giai đoạn sau được điều trị bằng xạ trị và hóa trị cùng với các phương pháp điều trị bằng thuốc nhắm vào các loại ung thư cụ thể. Ngay cả khi được điều trị, chỉ có khoảng 20% ​​số người sống sót sau 5 năm kể từ khi được chẩn đoán. Tỷ lệ sống sót cao hơn ở những người được chẩn đoán ở giai đoạn sớm hơn, được chẩn đoán ở độ tuổi trẻ hơn và ở phụ nữ so với nam giới. Hầu hết các trường hợp ung thư phổi là do hút thuốc lá. Phần còn lại là do tiếp xúc với các chất độc hại như amiăng và khí radon hoặc do đột biến gen ngẫu nhiên phát sinh. Do đó, những nỗ lực phòng ngừa ung thư phổi khuyến khích mọi người tránh các hóa chất độc hại và bỏ thuốc lá. Bỏ hút thuốc vừa làm giảm nguy cơ phát triển ung thư phổi vừa cải thiện kết quả điều trị ở những người đã được chẩn đoán mắc bệnh ung thư phổi. Ung thư phổi là loại ung thư được chẩn đoán nhiều nhất và nguy hiểm nhất trên toàn thế giới, với 2,2 triệu ca mắc vào năm 2020 và 1,8 triệu ca tử vong. Ung thư phổi hiếm gặp ở những người dưới 40 tuổi; độ tuổi trung bình khi được chẩn đoán là 70 tuổi và độ tuổi trung bình khi tử vong là 72. Tỷ lệ mắc bệnh và kết quả rất khác nhau trên khắp thế giới, tùy thuộc vào mô hình sử dụng thuốc lá. Trước khi hút thuốc lá xuất hiện vào thế kỷ 20, ung thư phổi là một căn bệnh hiếm gặp. Trong những năm 1950 và 1960, ngày càng có nhiều bằng chứng liên quan đến ung thư phổi và việc sử dụng thuốc lá, đỉnh điểm là hầu hết các cơ quan y tế quốc gia lớn đều đưa ra tuyên bố không khuyến khích việc sử dụng thuốc lá.	https://en.wikipedia.org/wiki/Lung_cancer
DOID:13241	bệnh Behcet	Behçet's disease	Bệnh Behçet hay hội chứng Behçet (; BD; đôi khi được viết là Behcet) là một loại rối loạn viêm ảnh hưởng đến nhiều bộ phận của cơ thể. Các triệu chứng phổ biến nhất bao gồm vết loét đau đớn trên màng nhầy của miệng và các bộ phận khác của cơ thể, viêm các bộ phận của mắt và viêm khớp. Các vết loét có thể kéo dài từ vài ngày, đến một tuần hoặc hơn. Ít gặp hơn có thể có viêm não hoặc tủy sống, cục máu đông, chứng phình động mạch hoặc mù lòa. Thông thường, các triệu chứng đến và đi. Nguyên nhân chưa được biết. Nó được cho là một phần do di truyền. Bệnh Behcet không lây. Chẩn đoán dựa trên ít nhất ba đợt lở miệng trong một năm, cùng với ít nhất hai trong số các dấu hiệu sau: vết loét ở bộ phận sinh dục, viêm mắt, vết loét trên da, xét nghiệm chích da dương tính. Mặc dù bệnh Behçet có thể được điều trị nhưng không có cách chữa trị. Phương pháp điều trị có thể bao gồm thuốc ức chế miễn dịch như corticosteroid và thuốc chống TNF cũng như thay đổi lối sống. Nước súc miệng lidocain có thể giúp giảm đau. Colchicine có thể làm giảm tần suất các cuộc tấn công. Mặc dù hiếm gặp ở Hoa Kỳ và Châu Âu nhưng nó lại phổ biến hơn ở Trung Đông và Châu Á. Ví dụ ở Thổ Nhĩ Kỳ, khoảng 2 trên 1.000 người bị ảnh hưởng. Khởi phát thường ở độ tuổi hai mươi hoặc bốn mươi của một người. Căn bệnh này lần đầu tiên được mô tả bởi bác sĩ da liễu Thổ Nhĩ Kỳ Hulusi Behçet vào năm 1937.	https://en.wikipedia.org/wiki/Beh%C3%A7et%27s_disease
DOID:13378	bệnh Kawasaki	Kawasaki disease	Bệnh Kawasaki (còn gọi là hội chứng hạch bạch huyết niêm mạc) là một hội chứng không rõ nguyên nhân gây sốt và chủ yếu ảnh hưởng đến trẻ em dưới 5 tuổi. Đó là một dạng viêm mạch, trong đó các mạch máu cỡ trung bình bị viêm khắp cơ thể. Cơn sốt thường kéo dài hơn năm ngày và không bị ảnh hưởng bởi thuốc hạ sốt. Các triệu chứng phổ biến khác bao gồm hạch bạch huyết lớn ở cổ, phát ban ở vùng sinh dục, môi, lòng bàn tay hoặc lòng bàn chân và mắt đỏ. Trong vòng ba tuần kể từ khi khởi phát, da ở tay và chân có thể bong tróc, sau đó quá trình phục hồi thường diễn ra. Căn bệnh này là nguyên nhân hàng đầu gây ra bệnh tim mắc phải ở trẻ em ở các nước phát triển, trong đó bao gồm hình thành chứng phình động mạch vành và viêm cơ tim. Mặc dù nguyên nhân cụ thể vẫn chưa được biết rõ nhưng người ta cho rằng nguyên nhân là do phản ứng miễn dịch quá mức đối với các bệnh nhiễm trùng cụ thể ở trẻ em có khuynh hướng di truyền mắc các bệnh nhiễm trùng đó. Nó không phải là một bệnh truyền nhiễm, nghĩa là nó không lây lan giữa người với người. Chẩn đoán thường dựa trên các dấu hiệu và triệu chứng của một người. Các xét nghiệm khác như siêu âm tim và xét nghiệm máu có thể hỗ trợ chẩn đoán. Chẩn đoán phải tính đến nhiều tình trạng khác có thể biểu hiện các đặc điểm tương tự, bao gồm sốt ban đỏ và viêm khớp dạng thấp ở trẻ vị thành niên. Hội chứng viêm đa hệ thống ở trẻ em, một căn bệnh “giống Kawasaki” liên quan đến COVID-19, dường như có những đặc điểm khác biệt. Một căn bệnh khác ban đầu có thể có các triệu chứng tương tự là bệnh sởi. Điều này là do các triệu chứng tương tự như đỏ mắt, sốt dai dẳng và sưng tay/chân. Tuy nhiên, bệnh Kawasaki không lây lan theo cách bệnh sởi có thể lây từ người sang người. Thông thường, điều trị ban đầu bệnh Kawasaki bao gồm dùng aspirin và globulin miễn dịch liều cao. Thông thường, nếu được điều trị, cơn sốt sẽ hết trong vòng 24 giờ và bệnh sẽ hồi phục hoàn toàn. Nếu có liên quan đến động mạch vành, đôi khi có thể phải điều trị liên tục hoặc phẫu thuật. Nếu không điều trị, chứng phình động mạch vành xảy ra ở 25% và khoảng 1% tử vong. Khi được điều trị, nguy cơ tử vong giảm xuống còn 0,17%. Những người bị chứng phình động mạch vành sau bệnh Kawasaki cần được các đội chuyên khoa theo dõi tim mạch suốt đời. Bệnh Kawasaki rất hiếm. Nó ảnh hưởng từ 8 đến 67 trên 100.000 người dưới 5 tuổi ngoại trừ ở Nhật Bản, nơi nó ảnh hưởng đến 124 trên 100.000. Trẻ em khi sinh là nam thường bị ảnh hưởng nhiều hơn trẻ em nữ khi sinh. Chứng rối loạn này được đặt theo tên của bác sĩ nhi khoa người Nhật Tomisaku Kawasaki, người đầu tiên mô tả nó vào năm 1967.	https://en.wikipedia.org/wiki/Kawasaki_disease
DOID:13499	ung thư hỗng tràng		Không tìm thấy mô tả.	
DOID:14004	phình động mạch chủ ngực	Thoracic aortic aneurysm	"Phình động mạch chủ ngực là chứng phình động mạch chủ biểu hiện chủ yếu ở vùng ngực. Phình động mạch chủ ngực là hiện tượng ""phình to"" ở mặt trên của động mạch chủ, phía trên cơ hoành. Nếu không được điều trị hoặc không được nhận biết, chúng có thể gây tử vong do bị bóc tách hoặc ""bật"" chứng phình động mạch dẫn đến tử vong gần như ngay lập tức. Chứng phình động mạch ngực ít phổ biến hơn chứng phình động mạch chủ bụng. Tuy nhiên, chứng phình động mạch giang mai có nhiều khả năng là chứng phình động mạch chủ ngực hơn là chứng phình động mạch chủ bụng. Tình trạng này thường được điều trị thông qua phương pháp tiếp cận đa ngành chuyên biệt với cả bác sĩ phẫu thuật mạch máu và bác sĩ phẫu thuật tim."	https://en.wikipedia.org/wiki/Thoracic_aortic_aneurysm
DOID:14221	hội chứng chuyển hóa X	Metabolic syndrome	Hội chứng chuyển hóa là tập hợp của ít nhất ba trong số năm tình trạng bệnh lý sau: béo bụng, huyết áp cao, lượng đường trong máu cao, chất béo trung tính huyết thanh cao và lipoprotein mật độ cao (HDL) huyết thanh thấp. Hội chứng chuyển hóa có liên quan đến nguy cơ phát triển bệnh tim mạch và tiểu đường tuýp 2. Ở Hoa Kỳ, khoảng 25% dân số trưởng thành mắc hội chứng chuyển hóa, tỷ lệ này tăng dần theo độ tuổi, đặc biệt là ở các chủng tộc và dân tộc thiểu số. Kháng insulin, hội chứng chuyển hóa và tiền tiểu đường có liên quan chặt chẽ với nhau và có những khía cạnh chồng chéo. Hội chứng này được cho là do rối loạn cơ bản trong việc sử dụng và lưu trữ năng lượng, nhưng nguyên nhân của hội chứng là do một lĩnh vực nghiên cứu y học đang diễn ra. Các nhà nghiên cứu tranh luận liệu việc chẩn đoán hội chứng chuyển hóa có hàm ý điều trị khác biệt hay làm tăng nguy cơ mắc bệnh tim mạch vượt quá những gì được đề xuất bởi tổng các thành phần riêng lẻ của nó.	https://en.wikipedia.org/wiki/Metabolic_syndrome
DOID:14227	vô tinh	Azoospermia	Azoospermia là tình trạng bệnh lý của một người đàn ông có tinh dịch không chứa tinh trùng. Nó có liên quan đến vô sinh ở nam giới, nhưng nhiều dạng có thể điều trị bằng thuốc. Ở người, bệnh vô tinh ảnh hưởng đến khoảng 1% dân số nam giới và có thể gặp ở 20% các trường hợp vô sinh nam ở Canada. Trong bối cảnh không phải bệnh lý, vô tinh cũng là kết quả dự kiến ​​của việc thắt ống dẫn tinh.	https://en.wikipedia.org/wiki/Azoospermia
DOID:14268	viêm đường mật xơ cứng	Primary sclerosing cholangitis	Viêm đường mật xơ cứng nguyên phát (PSC) là một bệnh tiến triển lâu dài của gan và túi mật, đặc trưng bởi tình trạng viêm và sẹo của ống mật, thường khiến mật chảy ra khỏi túi mật. Những người bị ảnh hưởng có thể không có triệu chứng hoặc có thể gặp các dấu hiệu và triệu chứng của bệnh gan, chẳng hạn như vàng da, ngứa và đau bụng. Sẹo ống mật xảy ra trong PSC làm hẹp các ống dẫn mật và cản trở dòng chảy của mật đến tá tràng. Cuối cùng, nó có thể dẫn đến xơ gan và suy gan. PSC làm tăng nguy cơ mắc các bệnh ung thư khác nhau, bao gồm ung thư gan, ung thư biểu mô túi mật, ung thư đại trực tràng và ung thư đường mật.  Nguyên nhân cơ bản của PSC vẫn chưa được biết. Tính nhạy cảm di truyền, rối loạn chức năng hệ thống miễn dịch và thành phần bất thường của hệ thực vật đường ruột có thể đóng một vai trò nào đó. Điều này càng được gợi ý khi quan sát cho thấy khoảng 75% số người mắc PSC cũng mắc bệnh viêm ruột (IBD), thường gặp nhất là viêm loét đại tràng. Không có phương pháp điều trị y tế hiệu quả nào cho bệnh viêm đường mật xơ cứng nguyên phát được biết đến. Phương pháp điều trị dứt điểm nhất là ghép gan, nhưng bệnh tái phát có thể xảy ra ở 25–30% trường hợp. Đối với những bệnh nhân không thể hoặc không muốn được cấy ghép, liệu pháp chủ yếu tập trung vào việc làm giảm các triệu chứng hơn là ngăn chặn sự tiến triển của bệnh. Nếu viêm đường mật xơ cứng là hậu quả thứ phát của một bệnh khác, việc điều trị sẽ hướng tới nguyên nhân cơ bản. PSC là một căn bệnh hiếm gặp và thường ảnh hưởng nhất đến những người mắc IBD. Khoảng 3,0 đến 7,5% số người bị viêm loét đại tràng mắc PSC và 80% số người mắc PSC có một số dạng IBD. Chẩn đoán thường xảy ra ở những người ở độ tuổi 30 hoặc 40. Những người gốc Bắc Âu bị ảnh hưởng thường xuyên hơn những người gốc Nam Âu hoặc châu Á. Đàn ông bị ảnh hưởng thường xuyên hơn phụ nữ. Căn bệnh này ban đầu được mô tả vào giữa những năm 1800, nhưng mãi đến những năm 1970 mới được mô tả đầy đủ. Sự ra đời của các kỹ thuật hình ảnh y tế được cải tiến, chẳng hạn như nội soi mật tụy ngược dòng, cho phép mô tả và hiểu biết đầy đủ hơn.	https://en.wikipedia.org/wiki/Primary_sclerosing_cholangitis
DOID:14330	bệnh Parkinson	Parkinson's disease	"Bệnh Parkinson (PD), hay đơn giản là Parkinson, là một bệnh thoái hóa thần kinh chủ yếu ở hệ thần kinh trung ương, ảnh hưởng đến cả hệ thống vận động và không vận động. Các triệu chứng vận động, được gọi chung là bệnh Parkinson, bao gồm run, bắt đầu chuyển động chậm (chậm vận động), cứng đơ và khó duy trì thăng bằng (mất ổn định tư thế). Các triệu chứng không liên quan đến vận động như suy giảm hệ thần kinh tự chủ (rối loạn thần kinh tự động), giấc ngủ bất thường, giảm khả năng ngửi (anosmia) và thay đổi hành vi hoặc các vấn đề về tâm thần kinh, chẳng hạn như suy giảm nhận thức, rối loạn tâm thần và lo âu, có thể xuất hiện ở bất kỳ giai đoạn nào của bệnh. Các triệu chứng thường phát triển dần dần và các vấn đề không liên quan đến vận động trở nên phổ biến hơn khi bệnh tiến triển. Bệnh Parkinson không có nguyên nhân duy nhất; đúng hơn, các yếu tố di truyền và môi trường tương tác với nhau để ảnh hưởng đến các quá trình quan trọng của tế bào. Bệnh Parkinson liên quan đến sự suy giảm dần dần và mất đi các tế bào thần kinh sản xuất dopamine ở vùng não gọi là chất đen và các nhóm tế bào liên quan khác trong thân não. Các protein bị gấp sai, chẳng hạn như alpha-synuclein, sẽ tập hợp lại thành các khối gọi là thể Lewy, nếu không được loại bỏ khỏi tế bào bởi hệ thống thoái hóa tế bào. Sự tích lũy protein kích thích sự giải phóng các phân tử gây viêm bởi microglia, một phản ứng bảo vệ có thể gây viêm thần kinh, tổn thương tế bào thần kinh thêm và phá vỡ hệ thống trao đổi chất, nếu tình trạng này kéo dài. Chẩn đoán chủ yếu dựa trên các dấu hiệu và triệu chứng, thường liên quan đến vận động, được xác định thông qua khám thần kinh. Các kỹ thuật hình ảnh y tế như quét PET có thể hỗ trợ chẩn đoán. PD thường biểu hiện ở những người trên 60 tuổi, với khoảng 1% bị ảnh hưởng. Ở những người dưới 50 tuổi, tình trạng này được gọi là ""PD khởi phát sớm"". Không có cách chữa trị bệnh PD nào được biết đến và việc điều trị tập trung vào việc giảm bớt các triệu chứng. Điều trị ban đầu thường bao gồm levodopa, thuốc ức chế MAO-B hoặc chất chủ vận dopamine. Khi bệnh tiến triển, những loại thuốc này trở nên kém hiệu quả hơn và có thể gây ra các cử động cơ không tự nguyện. Các liệu pháp ăn kiêng và phục hồi chức năng có thể giúp cải thiện các triệu chứng. Kích thích não sâu được sử dụng để kiểm soát các triệu chứng vận động nghiêm trọng khi thuốc không có hiệu quả. Có rất ít bằng chứng về các phương pháp điều trị nhằm giải quyết các triệu chứng không liên quan đến vận động, chẳng hạn như rối loạn giấc ngủ và tâm trạng không ổn định. Tuổi thọ của những người mắc bệnh PD gần như bình thường nhưng giảm khi khởi phát sớm."	https://en.wikipedia.org/wiki/Parkinson%27s_disease
DOID:1459	suy giáp	Hypothyroidism	Suy giáp là một bệnh nội tiết trong đó tuyến giáp không sản xuất đủ hormone tuyến giáp. Nó có thể gây ra một số triệu chứng, chẳng hạn như khả năng chịu lạnh kém, mệt mỏi cực độ, đau cơ, táo bón, nhịp tim chậm, trầm cảm và tăng cân. Thỉnh thoảng, có thể bị sưng phần trước cổ do bướu cổ. Các trường hợp suy giáp khi mang thai không được điều trị có thể dẫn đến chậm tăng trưởng và phát triển trí tuệ ở trẻ hoặc hội chứng thiếu iốt bẩm sinh. Trên toàn thế giới, quá ít iốt trong chế độ ăn uống là nguyên nhân phổ biến nhất gây ra bệnh suy giáp. Viêm tuyến giáp Hashimoto, một bệnh tự miễn trong đó hệ thống miễn dịch của cơ thể phản ứng với tuyến giáp, là nguyên nhân phổ biến nhất gây suy giáp ở những quốc gia có đủ iốt trong chế độ ăn uống. Các nguyên nhân ít phổ biến hơn bao gồm điều trị trước đó bằng iốt phóng xạ, tổn thương vùng dưới đồi hoặc tuyến yên trước, một số loại thuốc, thiếu tuyến giáp hoạt động khi sinh hoặc phẫu thuật tuyến giáp trước đó. Việc chẩn đoán bệnh suy giáp, khi nghi ngờ, có thể được xác nhận bằng xét nghiệm máu đo nồng độ hormone kích thích tuyến giáp (TSH) và thyroxine (T4). Việc bổ sung i-ốt bằng muối đã ngăn ngừa chứng suy giáp ở nhiều nhóm dân cư. Thay thế hormone tuyến giáp bằng levothyroxine điều trị chứng suy giáp. Các chuyên gia y tế điều chỉnh liều lượng theo triệu chứng và mức độ bình thường hóa của TSH. Thuốc tuyến giáp an toàn trong thai kỳ. Mặc dù một lượng iốt đủ trong chế độ ăn uống là quan trọng, nhưng quá nhiều có thể làm trầm trọng thêm các dạng suy giáp cụ thể. Trên toàn thế giới ước tính có khoảng một tỷ người bị thiếu iốt; tuy nhiên, vẫn chưa biết tần suất điều này dẫn đến suy giáp. Tại Hoa Kỳ, bệnh suy giáp rõ ràng xảy ra ở khoảng 0,3–0,4% số người. Suy giáp cận lâm sàng, một dạng suy giáp nhẹ hơn có đặc điểm là nồng độ thyroxine bình thường và mức TSH tăng cao, được cho là xảy ra ở 4,3–8,5% số người ở Hoa Kỳ. Suy giáp phổ biến ở phụ nữ hơn nam giới. Những người trên 60 tuổi thường bị ảnh hưởng nhiều hơn. Chó cũng được biết là có nguy cơ mắc bệnh suy giáp, cũng như mèo và ngựa, mặc dù hiếm gặp hơn. Từ suy giáp có nguồn gốc từ tiếng Hy Lạp hypo- ('giảm'), thyreos ('lá chắn') và eidos ('dạng'), theo đó hai phần sau đề cập đến tuyến giáp.	https://en.wikipedia.org/wiki/Hypothyroidism
DOID:1595	trầm cảm nội sinh	Endogenous depression	Trầm cảm nội sinh là một phân nhóm không điển hình của rối loạn trầm cảm nặng (trầm cảm lâm sàng). Nó có thể được gây ra bởi các yếu tố di truyền và sinh học. Trầm cảm nội sinh xảy ra do sự hiện diện của yếu tố gây căng thẳng bên trong (nhận thức, sinh học) thay vì yếu tố gây căng thẳng bên ngoài (xã hội, môi trường). Trầm cảm nội sinh bao gồm những bệnh nhân mắc chứng rối loạn trầm cảm nặng, không loạn thần, kháng trị, được đặc trưng bởi hành vi bất thường của hệ thống opioid nội sinh chứ không phải của hệ thống monoaminergic. Các triệu chứng khác nhau về mức độ nghiêm trọng, loại và tần suất và có thể là do các yếu tố nhận thức, xã hội, sinh học hoặc môi trường dẫn đến cảm giác buồn bã và đau khổ dai dẳng. Vì các triệu chứng là do hiện tượng sinh học nên tỷ lệ lưu hành có xu hướng cao hơn ở người lớn tuổi. Do đó, các kế hoạch điều trị tập trung vào sinh học thường được sử dụng trong trị liệu để đảm bảo tiên lượng tốt nhất. Trầm cảm nội sinh là một phần của hệ thống phân đôi Kraepelinian.	https://en.wikipedia.org/wiki/Endogenous_depression
DOID:1612	ung thư vú	Breast cancer	Ung thư vú là bệnh ung thư phát triển từ mô vú. Các dấu hiệu của ung thư vú có thể bao gồm: một khối u ở vú, thay đổi hình dạng vú, da lõm xuống, thải sữa, dịch tiết ra từ núm vú, núm vú mới bị thụt vào trong hoặc một mảng da đỏ hoặc có vảy. Ở những người bệnh lây lan xa, có thể bị đau xương, sưng hạch, khó thở hoặc vàng da. Các yếu tố nguy cơ phát triển ung thư vú bao gồm béo phì, thiếu tập thể dục, uống rượu, liệu pháp thay thế hormone trong thời kỳ mãn kinh, bức xạ ion hóa, có kinh lần đầu sớm, có con muộn (hoặc không có con), tuổi già, có tiền sử ung thư vú và tiền sử gia đình mắc bệnh ung thư vú. Khoảng năm đến mười phần trăm các trường hợp là kết quả của khuynh hướng di truyền, bao gồm đột biến BRCA và những đột biến khác. Ung thư vú thường phát triển nhất trong các tế bào từ niêm mạc ống dẫn sữa và các tiểu thùy cung cấp sữa cho các ống dẫn sữa này. Ung thư phát triển từ các ống dẫn được gọi là ung thư biểu mô ống, trong khi những ung thư phát triển từ tiểu thùy được gọi là ung thư biểu mô tiểu thùy. Có hơn 18 loại ung thư vú khác. Chẩn đoán ung thư vú được xác nhận bằng cách lấy sinh thiết mô liên quan. Sau khi chẩn đoán được thực hiện, các xét nghiệm sâu hơn sẽ được thực hiện để xác định xem ung thư có lan ra ngoài vú hay không và phương pháp điều trị nào có khả năng hiệu quả nhất. Sàng lọc ung thư vú có thể là công cụ vì kích thước của ung thư vú và sự lây lan của nó là một trong những yếu tố quan trọng nhất trong việc dự đoán tiên lượng của bệnh. Ung thư vú được phát hiện trong quá trình sàng lọc thường nhỏ hơn và ít có khả năng lây lan ra ngoài vú. Đào tạo nhân viên y tế khám vú lâm sàng có thể có khả năng phát hiện ung thư vú ở giai đoạn đầu. Một đánh giá của Cochrane năm 2013 cho thấy vẫn chưa rõ liệu sàng lọc bằng chụp nhũ ảnh có hại nhiều hơn có lợi hay không, trong đó phần lớn phụ nữ có kết quả xét nghiệm dương tính hóa ra không mắc bệnh. Một đánh giá năm 2009 của Lực lượng Đặc nhiệm Dịch vụ Phòng ngừa Hoa Kỳ đã tìm thấy bằng chứng về lợi ích ở những người từ 40 đến 70 tuổi và tổ chức này khuyến nghị sàng lọc hai năm một lần ở phụ nữ từ 50 đến 74 tuổi. Thuốc tamoxifen hoặc raloxifene có thể được sử dụng trong nỗ lực ngăn ngừa ung thư vú ở những người có nguy cơ cao mắc bệnh này. Phẫu thuật cắt bỏ cả hai vú là một biện pháp phòng ngừa khác ở một số phụ nữ có nguy cơ cao. Ở những người được chẩn đoán mắc bệnh ung thư, một số phương pháp điều trị có thể được sử dụng, bao gồm phẫu thuật, xạ trị, hóa trị, liệu pháp hormone và liệu pháp nhắm mục tiêu. Các loại phẫu thuật khác nhau từ phẫu thuật bảo tồn vú đến phẫu thuật cắt bỏ vú. Tái tạo vú có thể diễn ra tại thời điểm phẫu thuật hoặc sau đó. Ở những người mà ung thư đã lan sang các bộ phận khác của cơ thể, các phương pháp điều trị chủ yếu nhằm cải thiện chất lượng cuộc sống và sự thoải mái. Kết quả của bệnh ung thư vú khác nhau tùy thuộc vào loại ung thư, mức độ bệnh và độ tuổi của người bệnh. Tỷ lệ sống sót sau 5 năm ở Hoa Kỳ và Anh là trên 90%. Ở các nước đang phát triển, tỷ lệ sống sót sau 5 năm thấp hơn. Trên toàn thế giới, ung thư vú là loại ung thư hàng đầu ở phụ nữ, chiếm 25% tổng số trường hợp. Năm 2018, nó dẫn đến hai triệu ca mắc mới và 627.000 ca tử vong. Nó phổ biến hơn ở các nước phát triển và phổ biến ở phụ nữ hơn 100 lần so với nam giới. Đối với những người chuyển giới đang điều trị bằng hormone khẳng định giới tính, ung thư vú phổ biến hơn ở phụ nữ chuyển giới gấp 5 lần so với nam giới chuyển giới và ở phụ nữ chuyển giới cao gấp 46 lần so với nam giới chuyển giới.	https://en.wikipedia.org/wiki/Breast_cancer
DOID:1686	bệnh tăng nhãn áp	Glaucoma	Bệnh tăng nhãn áp là một nhóm bệnh về mắt có thể dẫn đến tổn thương dây thần kinh thị giác, nơi truyền thông tin thị giác từ mắt đến não. Bệnh tăng nhãn áp có thể gây mất thị lực nếu không được điều trị. Nó được mệnh danh là “kẻ trộm thị giác thầm lặng” vì tình trạng mất thị lực thường diễn ra từ từ trong một thời gian dài. Một yếu tố nguy cơ chính của bệnh tăng nhãn áp là tăng áp lực trong mắt, được gọi là áp lực nội nhãn (IOP). Nó có liên quan đến tuổi già, tiền sử gia đình mắc bệnh tăng nhãn áp và một số tình trạng bệnh lý hoặc việc sử dụng một số loại thuốc. Từ bệnh tăng nhãn áp xuất phát từ tiếng Hy Lạp cổ đại γλαυκός (glaukós), có nghĩa là 'lấp lánh, xanh lam, xám'. Trong số các loại bệnh tăng nhãn áp khác nhau, loại phổ biến nhất được gọi là bệnh tăng nhãn áp góc mở và bệnh tăng nhãn áp góc đóng. Bên trong mắt, một chất lỏng gọi là thủy dịch, được sản xuất bởi cơ thể mi, giúp duy trì hình dạng và cung cấp chất dinh dưỡng. Thủy dịch thường chảy qua lưới phân tử. Trong bệnh tăng nhãn áp góc mở, hệ thống thoát nước bị cản trở, khiến nước tích tụ trong khoang phía trước khiến áp lực bên trong mắt tăng lên. Áp lực tăng cao này có thể làm giảm tưới máu mạch máu trong buồng thủy tinh và có thể làm hỏng dây thần kinh thị giác và các mô thần kinh đệm ngoại biên. Trong bệnh tăng nhãn áp góc đóng, hệ thống thoát nước của mắt bị tắc nghẽn đột ngột, dẫn đến áp lực nội nhãn tăng nhanh. Điều này có thể dẫn đến đau mắt dữ dội, mờ mắt và buồn nôn. Bệnh tăng nhãn áp góc đóng là một trường hợp khẩn cấp cần được chăm sóc ngay lập tức. Nếu được điều trị sớm, sự tiến triển của bệnh tăng nhãn áp có thể bị chậm lại hoặc thậm chí dừng lại. Khám mắt thường xuyên, đặc biệt nếu người đó trên 40 tuổi hoặc có tiền sử gia đình mắc bệnh tăng nhãn áp, là điều cần thiết để phát hiện sớm. Điều trị thường bao gồm kê đơn thuốc nhỏ mắt, dùng thuốc, điều trị bằng laser hoặc phẫu thuật. Mục tiêu của các phương pháp điều trị này là giảm áp lực mắt. Bệnh tăng nhãn áp là nguyên nhân hàng đầu gây mù lòa ở người Mỹ gốc Phi, người Mỹ gốc Tây Ban Nha và người châu Á. Tỷ lệ mắc bệnh tăng theo tuổi tác, lên tới hơn 8% người Mỹ trên 80 tuổi và bệnh tăng nhãn áp góc đóng phổ biến hơn ở phụ nữ.	https://en.wikipedia.org/wiki/Glaucoma
DOID:1725	ung thư phúc mạc		Không tìm thấy mô tả.	
DOID:175	ung thư mạch máu	Angiosarcoma	Angiosarcoma là một loại ung thư hiếm gặp và hung hãn, bắt đầu từ các tế bào nội mô lót thành mạch máu hoặc mạch bạch huyết. Vì chúng được tạo thành từ niêm mạc mạch máu nên chúng có thể xuất hiện ở bất cứ đâu và ở mọi lứa tuổi, nhưng người lớn tuổi thường bị ảnh hưởng nhiều hơn và da là vùng bị ảnh hưởng nhiều nhất, với khoảng 60% trường hợp là da. Cụ thể, da đầu chiếm ~50% các trường hợp ung thư angiosarcoma, nhưng vẫn chiếm <0,1% trong tổng số các khối u ở đầu và cổ. Vì angiosarcoma là thuật ngữ chung cho nhiều loại khối u có nguồn gốc và vị trí khác nhau nên nhiều triệu chứng có thể xảy ra, từ hoàn toàn không có triệu chứng đến các triệu chứng không đặc hiệu như tổn thương da, loét, khó thở và đau bụng. Sự liên quan đến nhiều cơ quan tại thời điểm chẩn đoán là phổ biến và gây khó khăn cho việc xác định nguồn gốc cũng như cách điều trị. Nguyên nhân của angiosarcoma vẫn chưa được biết rõ, mặc dù một số yếu tố nguy cơ đã được biết đến, chẳng hạn như phù bạch huyết mãn tính, xạ trị và các hóa chất khác nhau như asen và vinyl clorua. Angiosarcomas đã được báo cáo có liên quan đến các vật thể lạ tồn tại lâu dài. Chúng hiếm khi xảy ra liên quan đến cấy ghép vú. Bức xạ cực tím và suy giảm miễn dịch cục bộ có thể đóng một vai trò trong cơ chế bệnh sinh của angiosarcoma. Angiosarcoma có thể được nhìn thấy trên MRI, CT và siêu âm, nhưng thường khó phân biệt nó với các bệnh ung thư khác, cần xác nhận chẩn đoán bằng sinh thiết và phân tích hóa mô miễn dịch. Điều trị bao gồm phẫu thuật, hóa trị và xạ trị, thường kết hợp cả ba. Bởi vì những bệnh ung thư này phát sinh từ các tế bào lót trong máu hoặc mạch bạch huyết nên chúng có thể dễ dàng di căn đến các vị trí xa, đặc biệt là gan và phổi. Điều này khiến chúng đặc biệt nguy hiểm và việc chẩn đoán sớm thường là cần thiết để sống sót. Ngay cả khi được điều trị, tiên lượng vẫn kém, tỷ lệ sống sót sau 5 năm là 30–38%. Điều này thậm chí còn tồi tệ hơn ở bệnh angiosarcoma ở tim và angiosarcoma ở gan, khi tiên lượng có thể thấp tới ba tháng. Angiosarcomas chiếm 1–2% sarcoma mô mềm, từ đó chiếm ít hơn 1% ung thư ở người trưởng thành. Do đó, chưa có nghiên cứu lớn nào được công bố về căn bệnh này, thậm chí chỉ có một số ít vượt quá 100 bệnh nhân; tuy nhiên, nhiều báo cáo trường hợp và nghiên cứu đoàn hệ nhỏ đã được xuất bản và chúng cung cấp đủ thông tin tích lũy để có được sự hiểu biết hữu ích về căn bệnh này. Tỷ lệ angiosarcoma đang gia tăng ở Mỹ.	https://en.wikipedia.org/wiki/Angiosarcoma
DOID:1781	ung thư tuyến giáp	Thyroid cancer	Ung thư tuyến giáp là ung thư phát triển từ các mô của tuyến giáp. Đó là một căn bệnh trong đó các tế bào phát triển bất thường và có khả năng lây lan sang các bộ phận khác của cơ thể. Các triệu chứng có thể bao gồm sưng tấy hoặc có khối u ở cổ, khó nuốt hoặc thay đổi giọng nói bao gồm khàn giọng hoặc cảm giác có vật gì đó ở cổ họng do tác động của khối u. Tuy nhiên, hầu hết các trường hợp đều không có triệu chứng. Ung thư cũng có thể xảy ra ở tuyến giáp sau khi lây lan từ các vị trí khác, trong trường hợp này nó không được phân loại là ung thư tuyến giáp. Các yếu tố rủi ro bao gồm tiếp xúc với bức xạ khi còn trẻ, tuyến giáp phì đại, tiền sử gia đình và béo phì. Bốn loại chính là ung thư tuyến giáp thể nhú, ung thư tuyến giáp thể nang, ung thư tuyến giáp thể tuỷ và ung thư tuyến giáp mất biệt hóa. Chẩn đoán thường dựa trên siêu âm và chọc hút bằng kim nhỏ. Không nên sàng lọc những người không có triệu chứng và có nguy cơ mắc bệnh bình thường. Các lựa chọn điều trị có thể bao gồm phẫu thuật, xạ trị bao gồm iốt phóng xạ, hóa trị, hormone tuyến giáp, liệu pháp nhắm mục tiêu và chờ đợi thận trọng. Phẫu thuật có thể liên quan đến việc cắt bỏ một phần hoặc toàn bộ tuyến giáp. Tỷ lệ sống sót sau 5 năm là 98% ở Hoa Kỳ. Trên toàn cầu tính đến năm 2015, có 3,2 triệu người mắc bệnh ung thư tuyến giáp. Năm 2012, có 298.000 trường hợp mới xảy ra. Bệnh thường được chẩn đoán ở độ tuổi từ 20 đến 65. Phụ nữ bị ảnh hưởng nhiều hơn nam giới. Những người gốc Á thường bị ảnh hưởng nhiều hơn; với tỷ lệ tử vong cao hơn ở phụ nữ Philippines. Tỷ lệ đã tăng lên trong vài thập kỷ qua, điều này được cho là do khả năng phát hiện tốt hơn. Vào năm 2015, nó đã khiến 31.900 người tử vong.	https://en.wikipedia.org/wiki/Thyroid_cancer
DOID:1790	u trung biểu mô ác tính	Mesothelioma	Ung thư trung biểu mô là một loại ung thư phát triển từ lớp mô mỏng bao phủ nhiều cơ quan nội tạng (được gọi là trung biểu mô). Khu vực thường bị ảnh hưởng nhất là niêm mạc phổi và thành ngực. Ít gặp hơn là niêm mạc bụng và hiếm khi là túi bao quanh tim hoặc túi bao quanh mỗi tinh hoàn có thể bị ảnh hưởng. Các dấu hiệu và triệu chứng của ung thư trung biểu mô có thể bao gồm khó thở do dịch quanh phổi, bụng sưng, đau thành ngực, ho, cảm thấy mệt mỏi và sụt cân. Những triệu chứng này thường xuất hiện từ từ. Hơn 80% trường hợp ung thư trung biểu mô là do tiếp xúc với amiăng. Mức độ phơi nhiễm càng lớn thì rủi ro càng lớn. Tính đến năm 2013, khoảng 125 triệu người trên toàn thế giới đã tiếp xúc với amiăng tại nơi làm việc. Tỷ lệ mắc bệnh cao xảy ra ở những người khai thác amiăng, sản xuất sản phẩm từ amiăng, làm việc với các sản phẩm amiăng, sống chung với công nhân amiăng hoặc làm việc trong các tòa nhà có chứa amiăng. Phơi nhiễm amiăng và sự khởi phát của bệnh ung thư thường cách nhau khoảng 40 năm. Giặt quần áo của người làm việc với amiăng cũng làm tăng nguy cơ. Các yếu tố nguy cơ khác bao gồm di truyền và nhiễm virus simian 40. Chẩn đoán có thể bị nghi ngờ dựa trên kết quả chụp X-quang ngực và chụp CT và được xác nhận bằng cách kiểm tra chất lỏng do ung thư tạo ra hoặc bằng sinh thiết mô của bệnh ung thư. Phòng ngừa tập trung vào việc giảm tiếp xúc với amiăng. Điều trị thường bao gồm phẫu thuật, xạ trị và hóa trị. Một thủ tục được gọi là làm dính màng phổi, bao gồm việc sử dụng các chất như bột talc để tạo sẹo cho màng phổi, có thể được sử dụng để ngăn chặn nhiều chất lỏng tích tụ xung quanh phổi. Hóa trị thường bao gồm các loại thuốc cisplatin và pemeterxed. Tỷ lệ người sống sót sau 5 năm sau khi chẩn đoán là trung bình 8% ở Hoa Kỳ. Năm 2015, khoảng 60.800 người mắc ung thư trung biểu mô và 32.000 người chết vì căn bệnh này. Tỷ lệ ung thư trung biểu mô khác nhau ở các khu vực khác nhau trên thế giới. Tỷ lệ này cao hơn ở Úc, Vương quốc Anh và thấp hơn ở Nhật Bản. Nó xảy ra ở khoảng 3.000 người mỗi năm ở Hoa Kỳ. Nó xảy ra thường xuyên hơn ở nam giới hơn nữ giới. Tỷ lệ bệnh tật đã tăng lên kể từ những năm 1950. Chẩn đoán thường xảy ra sau 65 tuổi và hầu hết các trường hợp tử vong xảy ra vào khoảng 70 tuổi. Căn bệnh này hiếm gặp trước khi sử dụng amiăng vào mục đích thương mại.	https://en.wikipedia.org/wiki/Mesothelioma
DOID:1793	ung thư tuyến tụy	Pancreatic cancer	"Ung thư tuyến tụy là bất kỳ bệnh ung thư nào có vị trí chính ở tuyến tụy, một cơ quan tuyến nằm phía sau dạ dày. Nó phát sinh khi các tế bào trong tuyến tụy bắt đầu nhân lên ngoài tầm kiểm soát và tạo thành một khối. Những tế bào ung thư này có khả năng xâm lấn hoặc lây lan sang các bộ phận khác của cơ thể. Một số loại ung thư tuyến tụy đã được biết đến. Loại ung thư tuyến tụy phổ biến nhất, ung thư tuyến tụy, chiếm khoảng 90% trường hợp và thuật ngữ ""ung thư tuyến tụy"" đôi khi chỉ được dùng để chỉ loại đó. Những ung thư biểu mô tuyến này bắt đầu trong phần ống của tuyến tụy tạo ra các enzyme tiêu hóa. Một số loại ung thư khác, đại diện cho phần lớn các loại ung thư không phải ung thư tuyến, cũng có thể phát sinh từ các tế bào này. Khoảng 1–2% trường hợp ung thư tuyến tụy là các khối u thần kinh nội tiết, phát sinh từ các tế bào sản xuất hormone của tuyến tụy. Chúng thường ít hung hãn hơn ung thư biểu mô tuyến tụy. Các dấu hiệu và triệu chứng của dạng ung thư tuyến tụy phổ biến nhất có thể bao gồm vàng da, đau bụng hoặc đau lưng, sụt cân không rõ nguyên nhân, phân nhạt màu, nước tiểu sẫm màu và chán ăn. Thông thường, không có triệu chứng nào được thấy ở giai đoạn đầu của bệnh và các triệu chứng đủ cụ thể để gợi ý ung thư tuyến tụy thường không phát triển cho đến khi bệnh đã đến giai đoạn tiến triển. Vào thời điểm được chẩn đoán, ung thư tuyến tụy thường đã lan sang các bộ phận khác của cơ thể. Ung thư tuyến tụy hiếm khi xảy ra trước tuổi 40 và hơn một nửa số trường hợp ung thư tuyến tụy xảy ra ở những người trên 70 tuổi. Tuy nhiên, ung thư tuyến tụy khởi phát sớm (được định nghĩa là ung thư tuyến tụy được chẩn đoán ở người <50 tuổi) đang trở nên phổ biến hơn, đặc biệt là ở phụ nữ trẻ.  Các yếu tố nguy cơ gây ung thư tuyến tụy bao gồm hút thuốc lá, béo phì, tiểu đường và một số tình trạng di truyền hiếm gặp. Khoảng 25% trường hợp có liên quan đến hút thuốc và 5–10% có liên quan đến gen di truyền. Ung thư tuyến tụy thường được chẩn đoán bằng sự kết hợp của các kỹ thuật hình ảnh y tế như siêu âm hoặc chụp cắt lớp vi tính, xét nghiệm máu và kiểm tra các mẫu mô (sinh thiết). Bệnh được chia làm nhiều giai đoạn, từ sớm (giai đoạn I) đến muộn (giai đoạn IV). Sàng lọc dân số nói chung chưa được chứng minh là có hiệu quả. Nguy cơ phát triển ung thư tuyến tụy thấp hơn ở những người không hút thuốc và những người duy trì cân nặng khỏe mạnh và hạn chế tiêu thụ thịt đỏ hoặc thịt chế biến sẵn; nguy cơ cao hơn đối với nam giới, người hút thuốc và những người mắc bệnh tiểu đường. Có một số nghiên cứu cho thấy mối liên hệ giữa việc tiêu thụ nhiều thịt đỏ với việc tăng nguy cơ ung thư tuyến tụy, mặc dù các phân tích tổng hợp thường không tìm thấy bằng chứng rõ ràng về mối quan hệ. Nguy cơ mắc bệnh của người hút thuốc giảm ngay lập tức sau khi bỏ thuốc và gần như quay trở lại mức nguy cơ mắc bệnh của những người còn lại sau 20 năm. Ung thư tuyến tụy có thể được điều trị bằng phẫu thuật, xạ trị, hóa trị, chăm sóc giảm nhẹ hoặc kết hợp các phương pháp này. Các lựa chọn điều trị một phần dựa trên giai đoạn ung thư. Phẫu thuật là phương pháp điều trị duy nhất có thể chữa khỏi ung thư tuyến tụy và cũng có thể được thực hiện để cải thiện chất lượng cuộc sống mà không có khả năng chữa khỏi. Đôi khi cần phải kiểm soát cơn đau và dùng thuốc để cải thiện tiêu hóa. Chăm sóc giảm nhẹ sớm được khuyến khích ngay cả đối với những người được điều trị nhằm mục đích chữa khỏi bệnh. Ung thư tuyến tụy là một trong những dạng ung thư nguy hiểm nhất trên toàn cầu, với tỷ lệ sống sót thấp nhất. Vào năm 2021, các loại ung thư tuyến tụy đã dẫn đến 508.532 (tăng từ 411.600 vào năm 2013) tử vong trên toàn cầu. Đây là nguyên nhân gây tử vong do ung thư phổ biến thứ năm ở Vương quốc Anh và là nguyên nhân phổ biến thứ ba ở Hoa Kỳ.  Bệnh xảy ra thường xuyên nhất ở các nước phát triển, nơi có khoảng 70% số ca mắc mới trong năm 2012 có nguồn gốc. Ung thư biểu mô tuyến tụy thường có tiên lượng rất xấu; sau khi chẩn đoán, 9% sống sót sau 5 năm trên toàn cầu và 14% sống sót sau 5 năm ở Mỹ. Đối với các bệnh ung thư được chẩn đoán sớm, tỷ lệ sống sót sau 5 năm tăng lên khoảng 20%. Ung thư thần kinh nội tiết có kết quả tốt hơn; sau 5 năm kể từ khi chẩn đoán, 65% số người được chẩn đoán vẫn còn sống, mặc dù tỷ lệ sống sót thay đổi đáng kể tùy thuộc vào loại khối u."	https://en.wikipedia.org/wiki/Pancreatic_cancer
DOID:1826	hội chứng động kinh	Epilepsy	Động kinh là một nhóm các rối loạn thần kinh được đặc trưng bởi xu hướng co giật tái phát, vô cớ. Động kinh là sự bùng nổ đột ngột của hoạt động điện bất thường trong não có thể gây ra nhiều triệu chứng khác nhau, từ mất nhận thức trong thời gian ngắn hoặc giật cơ đến co giật kéo dài. Những giai đoạn này có thể dẫn đến chấn thương thể chất, trực tiếp, chẳng hạn như gãy xương hoặc gây ra tai nạn. Việc chẩn đoán bệnh động kinh thường đòi hỏi ít nhất hai cơn động kinh vô cớ xảy ra cách nhau hơn 24 giờ. Trong một số trường hợp, bệnh có thể được chẩn đoán sau một cơn động kinh đơn lẻ nếu bằng chứng lâm sàng cho thấy nguy cơ tái phát cao. Các cơn động kinh đơn lẻ xảy ra mà không có nguy cơ tái phát hoặc bị kích động bởi các nguyên nhân có thể xác định được không được coi là dấu hiệu của bệnh động kinh. Nguyên nhân cơ bản thường không được biết, nhưng bệnh động kinh có thể do chấn thương não, đột quỵ, nhiễm trùng, khối u, tình trạng di truyền, bất thường về phát triển, chấn thương, đuối nước hoặc tình trạng bệnh lý không xác định. Trong hầu hết các trường hợp, không tìm thấy nguyên nhân cấu trúc hoặc độc tính gây tử vong khi khám nghiệm tử thi. SUDEP có thể xảy ra có hoặc không có bằng chứng về cơn động kinh trước đó và thường không được chứng kiến, đặc biệt là trong khi ngủ.  Bệnh động kinh xảy ra do các vấn đề khác có thể phòng ngừa được. Chẩn đoán bao gồm việc loại trừ các tình trạng khác có thể giống với cơn động kinh và có thể bao gồm chẩn đoán hình ảnh thần kinh, xét nghiệm máu và điện não đồ (EEG). Hầu hết các trường hợp động kinh, khoảng 69%, có thể được kiểm soát hiệu quả bằng thuốc chống động kinh và các lựa chọn điều trị rẻ tiền đều có sẵn rộng rãi. Đối với những người bị co giật không đáp ứng với thuốc, có thể xem xét các phương pháp khác, chẳng hạn như phẫu thuật, kích thích thần kinh hoặc thay đổi chế độ ăn uống. Không phải tất cả các trường hợp động kinh đều kéo dài suốt đời và nhiều người đã cải thiện đến mức không cần điều trị nữa. Tính đến năm 2024, có khoảng 50 triệu người trên toàn thế giới mắc bệnh động kinh, với gần 80% trường hợp xảy ra ở các nước có thu nhập thấp và trung bình. Gánh nặng bệnh động kinh ở các nước thu nhập thấp cao hơn gấp đôi so với các nước thu nhập cao, có thể do tiếp xúc nhiều hơn với các yếu tố nguy cơ như chấn thương chu sinh, nhiễm trùng và chấn thương sọ não, kết hợp với khả năng tiếp cận chăm sóc sức khỏe hạn chế. Vào năm 2021, bệnh động kinh là nguyên nhân gây ra khoảng 140.000 ca tử vong, tăng từ 125.000 ca vào năm 1990. Bệnh động kinh phổ biến hơn ở cả trẻ em và người lớn tuổi. Khoảng 5–10% số người sẽ lên cơn động kinh vô cớ ở tuổi 80. Khả năng bị cơn động kinh thứ hai trong vòng hai năm sau lần đầu tiên là khoảng 40%.  Những người mắc bệnh động kinh có thể được điều trị khác nhau ở nhiều khu vực khác nhau trên thế giới và phải chịu những mức độ kỳ thị xã hội khác nhau do tính chất đáng báo động của các triệu chứng của họ. Ở nhiều quốc gia, những người mắc chứng động kinh phải đối mặt với những hạn chế khi lái xe và phải không bị động kinh trong một thời gian nhất định trước khi lấy lại đủ điều kiện lái xe. Từ động kinh có nguồn gốc từ tiếng Hy Lạp cổ ἐπιλαμβάνειν, 'chiếm giữ, sở hữu hoặc gây đau khổ'.	https://en.wikipedia.org/wiki/Epilepsy
DOID:184	ung thư xương	Bone tumor	Khối u xương là sự phát triển bất thường của mô trong xương, theo truyền thống được phân loại là không ung thư (lành tính) hoặc ung thư (ác tính). Các khối u xương ung thư thường bắt nguồn từ ung thư ở một bộ phận khác của cơ thể như phổi, vú, tuyến giáp, thận và tuyến tiền liệt.  Có thể có một khối u, đau hoặc các dấu hiệu thần kinh do áp lực. Một khối u xương có thể xuất hiện cùng với một vết gãy bệnh lý. Các triệu chứng khác có thể bao gồm mệt mỏi, sốt, sụt cân, thiếu máu và buồn nôn. Đôi khi không có triệu chứng và khối u được tìm thấy khi điều tra một vấn đề khác. Chẩn đoán thường bằng chụp X-quang và các xét nghiệm X quang khác như chụp CT, MRI, chụp PET và chụp xạ hình xương. Xét nghiệm máu có thể bao gồm công thức máu toàn phần, dấu hiệu viêm, điện di huyết thanh, PSA, chức năng thận và chức năng gan. Nước tiểu có thể được xét nghiệm protein Bence Jones. Để xác nhận chẩn đoán, có thể cần phải sinh thiết để đánh giá mô học. Khối u xương phổ biến nhất là u xơ không cốt hóa. Tỷ lệ sống sót trung bình 5 năm ở Hoa Kỳ sau khi được chẩn đoán mắc bệnh ung thư xương và khớp là 68%. Khối u xương được biết đến sớm nhất là ung thư xương ở xương bàn chân được phát hiện ở Nam Phi, từ 1,6 đến 1,8 triệu năm trước.	https://en.wikipedia.org/wiki/Bone_tumor
DOID:1909	khối u ác tính	Melanoma	U ác tính là một loại ung thư, điển hình là ung thư da; nó phát triển từ các tế bào sản xuất melanin được gọi là tế bào hắc tố. Nó thường xảy ra ở da, nhưng hiếm khi xảy ra ở miệng, ruột hoặc mắt (u ác tính ở màng bồ đào). Trong một số trường hợp rất hiếm, khối u ác tính cũng có thể xảy ra ở phổi, được gọi là khối u ác tính ở phổi nguyên phát và chỉ xảy ra ở 0,01% khối u phổi nguyên phát. Ở nữ giới, khối u ác tính thường xảy ra nhất ở chân; trong khi ở con đực, ở phía sau. Khối u ác tính thường được gọi là khối u ác tính. Tuy nhiên, cộng đồng y tế nhấn mạnh rằng không có thứ gọi là 'khối u ác tính' và khuyến cáo nên tránh thuật ngữ 'khối u ác tính' vì nó dư thừa. Khoảng 30% khối u ác tính phát triển từ nốt ruồi. Những thay đổi ở nốt ruồi có thể chỉ ra khối u ác tính bao gồm tăng kích thước, đặc biệt là tăng nhanh, các cạnh không đều, thay đổi màu sắc, ngứa hoặc nứt da. Nguyên nhân chính gây ra khối u ác tính là do tiếp xúc với tia cực tím (UV) ở những người có lượng sắc tố da melanin thấp. Tia UV có thể đến từ mặt trời hoặc các nguồn khác, chẳng hạn như thiết bị thuộc da. Những người có nhiều nốt ruồi, tiền sử thành viên trong gia đình bị ảnh hưởng và chức năng miễn dịch kém có nguy cơ cao hơn. Một số tình trạng di truyền hiếm gặp, chẳng hạn như bệnh khô da sắc tố, cũng làm tăng nguy cơ. Chẩn đoán bằng sinh thiết và phân tích bất kỳ tổn thương da nào có dấu hiệu có khả năng gây ung thư. Tránh tia UV và sử dụng kem chống nắng trong điều kiện ánh nắng chói chang có thể ngăn ngừa khối u ác tính. Điều trị thường là loại bỏ bằng phẫu thuật khối u ác tính và các mô lân cận có khả năng bị ảnh hưởng giáp với khối u ác tính. Ở những người mắc bệnh ung thư lớn hơn một chút, các hạch bạch huyết gần đó có thể được kiểm tra sự lây lan (di căn). Hầu hết mọi người đều được chữa khỏi nếu di căn không xảy ra. Đối với những người bị khối u ác tính lan rộng, liệu pháp miễn dịch, liệu pháp sinh học, xạ trị hoặc hóa trị có thể cải thiện khả năng sống sót. Khi được điều trị, tỷ lệ sống sót sau 5 năm ở Hoa Kỳ là 100% ở những người mắc bệnh cục bộ, 76% khi bệnh đã lan đến các hạch bạch huyết và 35% ở những người lây lan xa. Khả năng khối u ác tính sẽ tái phát hoặc lan rộng phụ thuộc vào độ dày của nó, tốc độ phân chia của tế bào và liệu lớp da bên trên có bị phá vỡ hay không. Khối u ác tính là loại ung thư da nguy hiểm nhất. Năm 2015, có 3,1 triệu người mắc bệnh tiến triển, khiến 59.800 người tử vong. Tỷ lệ mắc khối u ác tính dự kiến ​​sẽ tăng từ 331.722 trường hợp trên toàn thế giới vào năm 2022 lên 510.000 trường hợp vào năm 2040. Tuy nhiên, tỷ lệ tử vong đang giảm khi các phương pháp điều trị mới hơn ra đời. Khoảng 80% tổng số ca bệnh trên toàn cầu xảy ra ở người lớn từ 50 tuổi trở lên. Úc và New Zealand có tỷ lệ u ác tính cao nhất thế giới. Tỷ lệ cao cũng xảy ra ở Bắc Âu và Bắc Mỹ, trong khi ít phổ biến hơn ở Châu Á, Châu Phi và Châu Mỹ Latinh. Tại Hoa Kỳ, khối u ác tính xảy ra ở nam giới nhiều hơn nữ giới khoảng 1,6 lần. Khối u ác tính đã trở nên phổ biến hơn kể từ những năm 1960 ở những khu vực có đông người gốc châu Âu sinh sống.	https://en.wikipedia.org/wiki/Melanoma
DOID:1936	xơ vữa động mạch	Atherosclerosis	Xơ vữa động mạch là một dạng bệnh xơ cứng động mạch, đặc trưng bởi sự phát triển của các mảng xơ vữa trên thành động mạch. Đây là một bệnh viêm mãn tính liên quan đến nhiều loại tế bào khác nhau và được thúc đẩy bởi nồng độ cholesterol trong máu tăng cao, chủ yếu là LDL. Những tổn thương này dẫn đến thu hẹp các động mạch. Khi bắt đầu, thường không có triệu chứng, nhưng nếu chúng phát triển, các triệu chứng thường bắt đầu ở độ tuổi trung niên. Trong trường hợp nghiêm trọng, nó có thể dẫn đến bệnh động mạch vành, đột quỵ, bệnh động mạch ngoại biên hoặc rối loạn thận, tùy thuộc vào (các) bộ phận cơ thể nơi có động mạch bị ảnh hưởng. Nguyên nhân chính xác của chứng xơ vữa động mạch vẫn chưa được biết và được cho là có nhiều yếu tố. Các yếu tố nguy cơ bao gồm nồng độ cholesterol bất thường, nồng độ dấu ấn sinh học gây viêm tăng cao, huyết áp cao, tiểu đường, hút thuốc (cả hút thuốc chủ động và thụ động), béo phì, yếu tố di truyền, tiền sử gia đình, thói quen sinh hoạt và chế độ ăn uống không lành mạnh. Mảng bám được tạo thành từ chất béo, cholesterol, tế bào miễn dịch, canxi và các chất khác có trong máu. Việc thu hẹp các động mạch sẽ hạn chế lưu lượng máu giàu oxy đến các bộ phận của cơ thể. Chẩn đoán dựa trên khám thực thể, điện tâm đồ và kiểm tra mức độ gắng sức, cùng nhiều phương pháp khác, tùy thuộc vào động mạch hoặc các động mạch bị ảnh hưởng. Hướng dẫn phòng ngừa bao gồm ăn uống lành mạnh, tập thể dục, không hút thuốc và duy trì trọng lượng cơ thể bình thường. Điều trị bệnh xơ vữa động mạch đã thành lập có thể bao gồm các loại thuốc làm giảm cholesterol như statin, thuốc huyết áp và liệu pháp chống đông máu để giảm nguy cơ hình thành cục máu đông. Khi tình trạng bệnh tiến triển, các chiến lược xâm lấn hơn sẽ được áp dụng, chẳng hạn như can thiệp mạch vành qua da, ghép bắc cầu động mạch vành hoặc cắt bỏ nội mạc động mạch cảnh. Ở một số cá nhân, yếu tố di truyền cũng liên quan đến quá trình bệnh và gây ra xu hướng phát triển xơ vữa động mạch tăng mạnh. Xơ vữa động mạch thường bắt đầu khi một người còn trẻ và xấu đi theo tuổi tác. Hầu như tất cả mọi người đều bị ảnh hưởng ở một mức độ nào đó ở độ tuổi 65. Đây là nguyên nhân số một gây tử vong và tàn tật ở các nước phát triển. Mặc dù nó được mô tả lần đầu tiên vào năm 1575, nhưng có bằng chứng cho thấy tình trạng bệnh này vốn có về mặt di truyền trong quần thể loài người rộng hơn, với nguồn gốc của nó bắt nguồn từ đột biến gen CMAH có thể đã xảy ra hơn hai triệu năm trước trong quá trình tiến hóa của tổ tiên hominin của con người hiện đại.	https://en.wikipedia.org/wiki/Atherosclerosis
DOID:1964	ung thư ống dẫn trứng	Fallopian tube cancer	Ung thư ống dẫn trứng nguyên phát (PFTC), còn được gọi là ung thư ống dẫn trứng, là một khối u ác tính có nguồn gốc từ ống dẫn trứng. Cùng với ung thư biểu mô buồng trứng và phúc mạc nguyên phát, nó được xếp vào nhóm ung thư buồng trứng biểu mô; ung thư buồng trứng có nguồn gốc từ tiền thân ống dẫn trứng.	https://en.wikipedia.org/wiki/Fallopian_tube_cancer
DOID:1993	ung thư trực tràng	Colorectal cancer	Ung thư đại trực tràng, còn được gọi là ung thư ruột, ung thư ruột kết hoặc ung thư trực tràng, là sự phát triển của ung thư từ đại tràng hoặc trực tràng (các bộ phận của ruột già), trong đó diễn ra sự phát triển không kiểm soát của các tế bào ruột kết có thể xâm lấn/lan rộng sang các bộ phận khác của cơ thể. Các dấu hiệu và triệu chứng có thể bao gồm máu trong phân, thay đổi nhu động ruột, sụt cân, đau bụng và mệt mỏi. Hầu hết ung thư đại trực tràng là do yếu tố lối sống và rối loạn di truyền. Các yếu tố nguy cơ bao gồm chế độ ăn uống, béo phì, hút thuốc và thiếu hoạt động thể chất. Các yếu tố trong chế độ ăn uống làm tăng nguy cơ bao gồm thịt đỏ, thịt chế biến sẵn và rượu. Một yếu tố nguy cơ khác là bệnh viêm ruột, bao gồm bệnh Crohn và viêm loét đại tràng. Một số rối loạn di truyền có thể gây ra ung thư đại trực tràng bao gồm bệnh đa polyp tuyến mang tính chất gia đình và ung thư đại tràng không do polyp di truyền; tuy nhiên, những trường hợp này chiếm ít hơn 5% trường hợp. Nó thường bắt đầu như một khối u lành tính, thường ở dạng polyp, theo thời gian sẽ trở thành ung thư. Ung thư đại trực tràng có thể được chẩn đoán bằng cách lấy mẫu đại tràng trong quá trình nội soi đại tràng sigma hoặc nội soi. Sau đó, tiếp theo là chụp ảnh y tế để xác định xem ung thư đã lan ra ngoài đại tràng hay tại chỗ. Sàng lọc có hiệu quả trong việc ngăn ngừa và giảm tử vong do ung thư đại trực tràng. Việc sàng lọc, bằng một trong một số phương pháp, được khuyến nghị bắt đầu từ độ tuổi 45 đến 75. Nên bắt đầu ở độ tuổi 50, nhưng đã được thay đổi thành 45 do số lượng bệnh ung thư ruột kết ngày càng tăng. Trong quá trình nội soi, các polyp nhỏ có thể được cắt bỏ nếu tìm thấy. Nếu phát hiện một polyp hoặc khối u lớn, sinh thiết có thể được thực hiện để kiểm tra xem nó có phải là ung thư hay không. Các phương pháp điều trị được sử dụng cho bệnh ung thư đại trực tràng có thể bao gồm một số sự kết hợp giữa phẫu thuật, xạ trị, hóa trị và liệu pháp nhắm mục tiêu. Ung thư nằm trong thành ruột kết có thể chữa khỏi bằng phẫu thuật, trong khi ung thư lan rộng thường không thể chữa khỏi, việc điều trị nhằm cải thiện chất lượng cuộc sống và các triệu chứng. Tỷ lệ sống sót sau 5 năm ở Hoa Kỳ là khoảng 65% vào năm 2014. Cơ hội sống sót phụ thuộc vào mức độ tiến triển của bệnh ung thư, liệu tất cả các bệnh ung thư có thể được loại bỏ bằng phẫu thuật hay không và sức khỏe tổng thể của người đó. Trên toàn cầu, ung thư đại trực tràng là loại ung thư phổ biến thứ ba, chiếm khoảng 10% tổng số trường hợp. Năm 2022, có 1,93 triệu ca mắc mới và 903.859 ca tử vong vì căn bệnh này. Nó phổ biến hơn ở các nước phát triển, nơi có hơn 65% trường hợp được tìm thấy.	https://en.wikipedia.org/wiki/Colorectal_cancer
DOID:2043	viêm gan B	Hepatitis B	"Viêm gan B là một bệnh truyền nhiễm do virus viêm gan B (HBV) gây ra, ảnh hưởng đến gan; nó là một loại viêm gan siêu vi. Nó có thể gây nhiễm trùng cấp tính và mãn tính. Nhiều người không có triệu chứng sau khi tiếp xúc. Đối với những người khác, các triệu chứng có thể xuất hiện từ 30 đến 180 ngày sau khi tiếp xúc và có thể bao gồm triệu chứng khởi phát nhanh chóng với buồn nôn, nôn mửa, da vàng, mệt mỏi, nước tiểu màu vàng và đau bụng. Các triệu chứng trong quá trình nhiễm trùng cấp tính thường kéo dài trong vài tuần, mặc dù một số người có thể cảm thấy ốm đến sáu tháng. Tử vong do nhiễm HBV giai đoạn cấp tính rất hiếm. Nhiễm HBV kéo dài hơn sáu tháng thường được coi là mãn tính. Khả năng phát triển bệnh viêm gan B mãn tính cao hơn đối với những người nhiễm HBV khi còn trẻ. Khoảng 90% trẻ nhiễm bệnh trong hoặc ngay sau khi sinh sẽ phát triển bệnh viêm gan B mãn tính, trong khi chưa đến 10% trẻ nhiễm bệnh sau 5 tuổi sẽ phát triển thành bệnh mãn tính. Hầu hết những người mắc bệnh mãn tính đều không có triệu chứng; tuy nhiên, xơ gan và ung thư gan cuối cùng phát triển ở khoảng 25% số người mắc HBV mạn tính. Virus này lây truyền qua tiếp xúc với máu hoặc chất dịch cơ thể bị nhiễm bệnh. Ở những khu vực bệnh phổ biến, nhiễm trùng khi mới sinh hoặc do tiếp xúc với máu của người khác trong thời thơ ấu là những phương pháp lây nhiễm viêm gan B thường gặp nhất. Ở những vùng hiếm gặp bệnh, tiêm chích ma túy và quan hệ tình dục là những con đường lây nhiễm thường gặp nhất. Các yếu tố nguy cơ khác bao gồm làm việc trong lĩnh vực chăm sóc sức khỏe, truyền máu, lọc máu, sống chung với người nhiễm bệnh, đi du lịch ở những quốc gia có tỷ lệ lây nhiễm cao và sống trong các tình huống sống tập thể. Xăm mình và châm cứu đã dẫn đến một số lượng đáng kể các ca bệnh trong những năm 1980; tuy nhiên, điều này đã trở nên ít phổ biến hơn khi quá trình khử trùng được cải thiện. Virus viêm gan B không thể lây lan bằng cách nắm tay, dùng chung dụng cụ ăn uống, hôn, ôm, ho, hắt hơi hoặc cho con bú. Nhiễm trùng có thể được chẩn đoán 30 đến 60 ngày sau khi tiếp xúc. Chẩn đoán thường được xác nhận bằng cách xét nghiệm máu để tìm các bộ phận của vi-rút và tìm kháng thể chống lại vi-rút. Đây là một trong năm loại virus viêm gan chính: A, B, C, D và E. Trong lần nhiễm trùng ban đầu, việc chăm sóc dựa trên các triệu chứng của một người. Ở những người mắc bệnh mãn tính, thuốc kháng vi-rút như tenofovir hoặc interferon có thể hữu ích; tuy nhiên, những loại thuốc này đắt tiền. Ghép gan đôi khi được khuyến khích cho các trường hợp xơ gan hoặc ung thư biểu mô tế bào gan. Nhiễm viêm gan B đã có thể phòng ngừa được bằng tiêm chủng từ năm 1982. Tính đến năm 2022, vắc xin viêm gan B có hiệu quả ngăn ngừa nhiễm trùng từ 98% đến 100%. Vắc-xin được tiêm thành nhiều liều; sau liều đầu tiên, sau đó cần thêm hai hoặc ba liều vắc xin nữa để có hiệu quả đầy đủ. Tổ chức Y tế Thế giới (WHO) khuyến nghị trẻ sơ sinh nên tiêm vắc xin trong vòng 24 giờ sau khi sinh khi có thể. Các chương trình quốc gia đã cung cấp vắc xin viêm gan B cho trẻ sơ sinh ở 190 quốc gia tính đến cuối năm 2021. Để ngăn ngừa lây nhiễm hơn nữa, WHO khuyến nghị nên xét nghiệm tất cả máu hiến tặng để tìm bệnh viêm gan B trước khi sử dụng để truyền máu. Sử dụng phương pháp dự phòng bằng thuốc kháng vi-rút để ngăn ngừa lây truyền từ mẹ sang con cũng được khuyến khích, cũng như tuân thủ các biện pháp quan hệ tình dục an toàn, bao gồm cả việc sử dụng bao cao su. Năm 2016, WHO đặt mục tiêu loại bỏ bệnh viêm gan siêu vi là mối đe dọa đối với sức khỏe cộng đồng toàn cầu vào năm 2030. Để đạt được mục tiêu này đòi hỏi phải phát triển các phương pháp điều trị để chữa bệnh viêm gan B mãn tính, cũng như ngăn ngừa sự lây truyền và sử dụng vắc-xin để ngăn ngừa các bệnh nhiễm trùng mới. Ước tính có khoảng 296 triệu người, tương đương 3,8% dân số toàn cầu, mắc bệnh viêm gan B mãn tính tính đến năm 2019. 1,5 triệu người khác mắc bệnh nhiễm trùng cấp tính trong năm đó và 820.000 ca tử vong do HBV. Xơ gan và ung thư gan là nguyên nhân gây ra hầu hết các ca tử vong liên quan đến HBV. Bệnh phổ biến nhất ở Châu Phi (ảnh hưởng đến 7,5% dân số lục địa) và ở khu vực Tây Thái Bình Dương (5,9%). Tỷ lệ lây nhiễm là 1,5% ở châu Âu và 0,5% ở châu Mỹ. Theo một số ước tính, khoảng một phần ba dân số thế giới đã từng bị nhiễm viêm gan B tại một thời điểm nào đó trong đời. Viêm gan B ban đầu được gọi là ""viêm gan huyết thanh""."	https://en.wikipedia.org/wiki/Hepatitis_B
DOID:216	sâu răng	Tooth decay	Sâu răng, còn được gọi là sâu răng (nghĩa đen là 'thối', từ tiếng Latin), là sự phân hủy của răng do axit do vi khuẩn tạo ra. Các lỗ sâu răng có thể có nhiều màu khác nhau, từ vàng đến đen. Các triệu chứng có thể bao gồm đau và khó ăn. Các biến chứng có thể bao gồm bệnh nha chu (tức là viêm mô xung quanh răng), mất răng, nhiễm trùng hoặc hình thành áp xe răng. Tái tạo răng là một lĩnh vực nghiên cứu dựa trên tế bào gốc đang diễn ra nhằm tìm ra các phương pháp đảo ngược tác động của sâu răng; phương pháp điều trị hiện tại chỉ giới hạn ở việc quản lý triệu chứng. Nguyên nhân gây sâu răng là do axit từ vi khuẩn phân hủy các mô cứng của răng (men, ngà và xi măng). Axit được tạo ra bởi vi khuẩn khi chúng phân hủy các mảnh vụn thức ăn hoặc đường trên bề mặt răng. Đường đơn trong thực phẩm là nguồn năng lượng chính của những vi khuẩn này và do đó chế độ ăn nhiều đường đơn là một yếu tố nguy cơ. Nếu khả năng khử khoáng của răng lớn hơn khả năng tái khoáng của răng từ các nguồn như nước bọt sẽ dẫn đến sâu răng. Các yếu tố nguy cơ bao gồm các tình trạng dẫn đến tiết ít nước bọt, chẳng hạn như đái tháo đường, hội chứng Sjögren và một số loại thuốc, bao gồm thuốc kích thích tâm thần, thuốc kháng histamine và thuốc chống trầm cảm. Sâu răng cũng liên quan đến tình trạng nghèo đói, vệ sinh răng miệng kém và nướu bị tụt, dẫn đến tụt nướu (tức là để lộ chân răng). Phòng ngừa sâu răng bao gồm làm sạch răng thường xuyên, chế độ ăn ít đường và tiếp xúc một lượng nhỏ fluoride thường xuyên. Nên đánh răng hai lần mỗi ngày và dùng chỉ nha khoa giữa các răng một lần mỗi ngày. Fluoride có thể được lấy từ nước, muối hoặc kem đánh răng, cùng nhiều nguồn khác. Điều trị sâu răng cho người mẹ có thể làm giảm nguy cơ ở con bằng cách giảm số lượng vi khuẩn nhất định mà người mẹ có thể lây sang chúng. Sàng lọc có thể giúp phát hiện sớm hơn. Tùy thuộc vào mức độ phá hủy, các phương pháp điều trị khác nhau có thể được sử dụng để khôi phục lại chức năng bình thường của răng hoặc có thể nhổ bỏ răng. Không có phương pháp nào được biết đến để mọc lại một lượng lớn răng. Theo Tổ chức Y tế Thế giới, khả năng điều trị sẵn có thường kém ở các nước đang phát triển. Có thể dùng Paracetamol (acetaminophen) hoặc ibuprofen để giảm đau. Tính đến năm 2016, khoảng 3,6 tỷ người (48% dân số toàn cầu) bị sâu răng vĩnh viễn. Tổ chức Y tế Thế giới ước tính rằng gần như tất cả người trưởng thành đều bị sâu răng vào một thời điểm nào đó. Ở răng sữa, nó ảnh hưởng đến khoảng 620 triệu người, tương đương 9,02% dân số toàn cầu, vào năm 2010. Bagramian và các đồng nghiệp đã báo cáo vào năm 2009 rằng sâu răng đã trở nên phổ biến hơn ở cả trẻ em và người lớn. Căn bệnh này phổ biến nhất ở các nước phát triển do tiêu thụ đường đơn giản nhiều hơn, nhưng ít phổ biến hơn ở các nước đang phát triển.	https://en.wikipedia.org/wiki/Tooth_decay
DOID:2174	ung thư mắt	Eye neoplasm	Khối u ở mắt là một loại khối u hiếm gặp ở mắt. Các khối u ở mắt có thể ảnh hưởng đến tất cả các bộ phận của mắt và có thể lành tính (không phải ung thư) hoặc ác tính (ung thư), trong trường hợp này nó được gọi là ung thư mắt. Ung thư mắt có thể là nguyên phát (bắt đầu từ mắt) hoặc ung thư di căn (lan sang mắt từ cơ quan khác). Hai loại ung thư phổ biến nhất lây lan sang mắt từ cơ quan khác là ung thư vú và ung thư phổi. Các vị trí xuất phát ít phổ biến hơn bao gồm tuyến tiền liệt, thận, tuyến giáp, da, đại tràng và máu hoặc tủy xương.	https://en.wikipedia.org/wiki/Eye_neoplasm
DOID:219	ung thư ruột kết	Colorectal cancer	Ung thư đại trực tràng, còn được gọi là ung thư ruột, ung thư ruột kết hoặc ung thư trực tràng, là sự phát triển của ung thư từ đại tràng hoặc trực tràng (các bộ phận của ruột già), trong đó diễn ra sự phát triển không kiểm soát của các tế bào ruột kết có thể xâm lấn/lan rộng sang các bộ phận khác của cơ thể. Các dấu hiệu và triệu chứng có thể bao gồm máu trong phân, thay đổi nhu động ruột, sụt cân, đau bụng và mệt mỏi. Hầu hết ung thư đại trực tràng là do yếu tố lối sống và rối loạn di truyền. Các yếu tố nguy cơ bao gồm chế độ ăn uống, béo phì, hút thuốc và thiếu hoạt động thể chất. Các yếu tố trong chế độ ăn uống làm tăng nguy cơ bao gồm thịt đỏ, thịt chế biến sẵn và rượu. Một yếu tố nguy cơ khác là bệnh viêm ruột, bao gồm bệnh Crohn và viêm loét đại tràng. Một số rối loạn di truyền có thể gây ra ung thư đại trực tràng bao gồm bệnh đa polyp tuyến mang tính chất gia đình và ung thư đại tràng không do polyp di truyền; tuy nhiên, những trường hợp này chiếm ít hơn 5% trường hợp. Nó thường bắt đầu như một khối u lành tính, thường ở dạng polyp, theo thời gian sẽ trở thành ung thư. Ung thư đại trực tràng có thể được chẩn đoán bằng cách lấy mẫu đại tràng trong quá trình nội soi đại tràng sigma hoặc nội soi. Sau đó, tiếp theo là chụp ảnh y tế để xác định xem ung thư đã lan ra ngoài đại tràng hay tại chỗ. Sàng lọc có hiệu quả trong việc ngăn ngừa và giảm tử vong do ung thư đại trực tràng. Việc sàng lọc, bằng một trong một số phương pháp, được khuyến nghị bắt đầu từ độ tuổi 45 đến 75. Nên bắt đầu ở độ tuổi 50, nhưng đã được thay đổi thành 45 do số lượng bệnh ung thư ruột kết ngày càng tăng. Trong quá trình nội soi, các polyp nhỏ có thể được cắt bỏ nếu tìm thấy. Nếu phát hiện một polyp hoặc khối u lớn, sinh thiết có thể được thực hiện để kiểm tra xem nó có phải là ung thư hay không. Các phương pháp điều trị được sử dụng cho bệnh ung thư đại trực tràng có thể bao gồm một số sự kết hợp giữa phẫu thuật, xạ trị, hóa trị và liệu pháp nhắm mục tiêu. Ung thư nằm trong thành ruột kết có thể chữa khỏi bằng phẫu thuật, trong khi ung thư lan rộng thường không thể chữa khỏi, việc điều trị nhằm cải thiện chất lượng cuộc sống và các triệu chứng. Tỷ lệ sống sót sau 5 năm ở Hoa Kỳ là khoảng 65% vào năm 2014. Cơ hội sống sót phụ thuộc vào mức độ tiến triển của bệnh ung thư, liệu tất cả các bệnh ung thư có thể được loại bỏ bằng phẫu thuật hay không và sức khỏe tổng thể của người đó. Trên toàn cầu, ung thư đại trực tràng là loại ung thư phổ biến thứ ba, chiếm khoảng 10% tổng số trường hợp. Năm 2022, có 1,93 triệu ca mắc mới và 903.859 ca tử vong vì căn bệnh này. Nó phổ biến hơn ở các nước phát triển, nơi có hơn 65% trường hợp được tìm thấy.	https://en.wikipedia.org/wiki/Colorectal_cancer
DOID:2355	thiếu máu	Anemia	Thiếu máu (còn gọi là thiếu máu trong tiếng Anh Anh) là một chứng rối loạn về máu trong đó máu bị giảm khả năng vận chuyển oxy. Điều này có thể là do số lượng tế bào hồng cầu thấp hơn bình thường, giảm lượng huyết sắc tố có sẵn để vận chuyển oxy hoặc những bất thường về huyết sắc tố làm suy giảm chức năng của nó. Khi tình trạng thiếu máu diễn ra từ từ, các triệu chứng thường mơ hồ như mệt mỏi, suy nhược, khó thở, đau đầu và giảm khả năng vận động. Khi thiếu máu cấp tính, các triệu chứng có thể bao gồm lú lẫn, cảm giác như sắp ngất đi, mất ý thức và khát nước nhiều hơn. Thiếu máu phải ở mức đáng kể trước khi một người trở nên xanh xao rõ rệt. Các triệu chứng bổ sung có thể xảy ra tùy thuộc vào nguyên nhân cơ bản. Thiếu máu có thể là tạm thời hoặc lâu dài và có thể từ nhẹ đến nặng. Thiếu máu có thể do mất máu, giảm sản xuất hồng cầu và tăng sự phân hủy hồng cầu. Nguyên nhân mất máu bao gồm kinh nguyệt, chảy máu do viêm dạ dày hoặc ruột, chảy máu do phẫu thuật, chấn thương nghiêm trọng hoặc hiến máu. Nguyên nhân làm giảm sản xuất bao gồm thiếu sắt, thiếu folate, thiếu vitamin B12, bệnh thalassemia và một số khối u tủy xương. Nguyên nhân gây suy nhược gia tăng bao gồm các rối loạn di truyền như thiếu máu hồng cầu hình liềm, nhiễm trùng như sốt rét và một số bệnh tự miễn dịch như thiếu máu tán huyết tự miễn.  Thiếu máu cũng có thể được phân loại dựa trên kích thước của hồng cầu và lượng huyết sắc tố trong mỗi tế bào. Nếu tế bào nhỏ thì gọi là thiếu máu hồng cầu nhỏ; nếu lớn thì gọi là thiếu máu hồng cầu to; và nếu chúng có kích thước bình thường thì được gọi là thiếu máu hồng cầu bình thường. Chẩn đoán thiếu máu ở nam giới dựa trên nồng độ huyết sắc tố dưới 130 g/L; ở phụ nữ không mang thai, nó dưới 120 g/L, trong khi ở phụ nữ mang thai là dưới 105–110. Sau đó cần phải kiểm tra thêm để xác định nguyên nhân. Điều trị phụ thuộc vào nguyên nhân cụ thể. Một số nhóm cá nhân, chẳng hạn như phụ nữ mang thai, có thể được hưởng lợi từ việc sử dụng thuốc sắt để phòng ngừa. Không nên bổ sung chế độ ăn uống mà không xác định nguyên nhân cụ thể. Việc sử dụng truyền máu thường dựa trên các dấu hiệu và triệu chứng của một người. Ở những người không có triệu chứng, không nên dùng thuốc này trừ khi nồng độ hemoglobin dưới 60 đến 80 g/L (6 đến 8 g/dL). Những khuyến nghị này cũng có thể áp dụng cho một số người bị chảy máu cấp tính. Thuốc kích thích tạo hồng cầu chỉ được khuyên dùng ở những người bị thiếu máu nặng. Thiếu máu là chứng rối loạn máu phổ biến nhất, ảnh hưởng đến khoảng 1/5 đến 1/3 dân số toàn cầu. Thiếu máu do thiếu sắt là nguyên nhân gây thiếu máu phổ biến nhất trên toàn thế giới và ảnh hưởng đến gần một tỷ người. Năm 2013, bệnh thiếu máu do thiếu sắt dẫn đến khoảng 183.000 ca tử vong - giảm so với 213.000 ca tử vong vào năm 1990. Tình trạng này phổ biến nhất ở trẻ em với tỷ lệ mắc trên mức trung bình ở người già và phụ nữ trong độ tuổi sinh sản (đặc biệt là khi mang thai). Phụ nữ từ 15 đến 49 tuổi có tỷ lệ mắc bệnh toàn cầu tăng từ 27,6% lên 30,7% trong khoảng thời gian từ 2012 đến 2023 mà không có sự cải thiện hoặc tỷ lệ mắc bệnh tăng lên ở hầu hết các khu vực. Năm 2025, WHO ghi nhận tỷ lệ 35,5% ở phụ nữ mang thai, so với 30,5% ở phụ nữ không mang thai, cùng với tỷ lệ gần 40% ở trẻ em dưới 5 tuổi.  Thiếu máu là một trong sáu mục tiêu dinh dưỡng toàn cầu của WHO vào năm 2025 và các mục tiêu toàn cầu liên quan đến chế độ ăn uống được Hội đồng Y tế Thế giới thông qua vào năm 2012 và 2013. Những nỗ lực đạt được các mục tiêu toàn cầu góp phần đạt được các Mục tiêu Phát triển Bền vững (SDGs), trong đó thiếu máu là một trong những mục tiêu trong SDG 2 để đạt được nạn đói trên thế giới bằng không.	https://en.wikipedia.org/wiki/Anemia
DOID:2377	bệnh đa xơ cứng	Multiple sclerosis	"Bệnh đa xơ cứng (MS) là một bệnh tự miễn, trong đó hệ thống miễn dịch tấn công myelin, lớp vỏ cách điện của các tế bào thần kinh trong cơ thể con người, gây tổn thương hệ thần kinh trung ương của chính người đó. Đây là một loại bệnh mất myelin, trong đó khả năng truyền tín hiệu của hệ thần kinh bị tổn hại. Các triệu chứng có thể là về thể chất, tinh thần hoặc cả hai, bao gồm nhìn đôi, giảm thị lực, đau mắt, yếu cơ, mất cảm giác và khả năng phối hợp. MS có nhiều dạng biểu hiện: Các triệu chứng mới có thể xảy ra dưới dạng một đợt tấn công riêng lẻ, trong đó bệnh nhân đột ngột gặp phải các triệu chứng thần kinh và sau đó thuyên giảm (dạng tái phát), được gọi là MS tái phát, gặp ở 85% bệnh nhân. Ở những bệnh nhân khác, các triệu chứng có thể dần dần trở nên tồi tệ hơn theo thời gian (dạng tiến triển), được gọi là MS tiến triển chủ yếu, gặp ở 15% bệnh nhân. Những bệnh nhân bị MS tái phát có thể bị các triệu chứng xấu đi dần dần sau các đợt tấn công, loại phụ này được gọi là MS tiến triển thứ phát. Ở các dạng MS tái phát, các triệu chứng có thể biến mất hoàn toàn giữa các đợt tấn công, mặc dù một số vấn đề về thần kinh vĩnh viễn vẫn thường tồn tại, đặc biệt là khi bệnh tiến triển. Ở dạng MS tiến triển, chức năng của cơ thể sẽ suy giảm dần khi các triệu chứng biểu hiện và sẽ dần trở nên tồi tệ hơn nếu không được điều trị. Một bệnh nhân có thể bị một cơn MS duy nhất và không đáp ứng đầy đủ các tiêu chí để được chẩn đoán mắc bệnh MS. Đây được gọi là hội chứng cô lập trên lâm sàng. Mặc dù nguyên nhân của nó vẫn chưa rõ ràng nhưng cơ chế cơ bản được cho là do hệ thống miễn dịch phá hủy hoặc làm bất hoạt các tế bào sản xuất myelin. Các nguyên nhân được đề xuất cho tình trạng này bao gồm rối loạn điều hòa miễn dịch, di truyền và các yếu tố môi trường, chẳng hạn như nhiễm virus. Tiêu chí của McDonald là một bộ hướng dẫn được cập nhật thường xuyên được sử dụng để thiết lập chẩn đoán MS. Không có cách chữa trị cho MS. Các phương pháp điều trị hiện tại nhằm mục đích giảm viêm và kiểm soát các triệu chứng trong các đợt bùng phát cấp tính và ngăn ngừa các đợt tấn công tiếp theo bằng các liệu pháp điều chỉnh bệnh. Những phương pháp này nhằm mục đích làm chậm sự tiến triển của bệnh và cải thiện chất lượng cuộc sống. Vật lý trị liệu và trị liệu nghề nghiệp, cùng với việc quản lý triệu chứng lấy bệnh nhân làm trung tâm, có thể giúp cải thiện khả năng hoạt động. Kết quả lâu dài rất khó dự đoán; tuy nhiên, kết quả tốt hơn thường thấy ở phụ nữ, những người mắc bệnh sớm trong đời, những người có giai đoạn tái phát và những người ban đầu gặp ít cơn bệnh hơn. MS là rối loạn qua trung gian miễn dịch phổ biến nhất ảnh hưởng đến hệ thần kinh trung ương (CNS). Vào năm 2020, khoảng 2,8 triệu người bị ảnh hưởng bởi MS trên toàn cầu, với tỷ lệ rất khác nhau ở các khu vực khác nhau và giữa các nhóm dân cư khác nhau. Bệnh thường bắt đầu ở độ tuổi từ 20 đến 40 và gặp ở nữ nhiều hơn nam gần ba lần (tỷ lệ 3:1).  MS được mô tả lần đầu tiên vào năm 1868 bởi nhà thần kinh học người Pháp Jean-Martin Charcot. Tên ""đa xơ cứng"" là viết tắt của bệnh đa xơ cứng não-tủy sống, dùng để chỉ nhiều vết sẹo thần kinh đệm (hoặc củng mạc - về cơ bản là mảng bám hoặc tổn thương) phát triển trên chất trắng của não và tủy sống."	https://en.wikipedia.org/wiki/Multiple_sclerosis
DOID:2394	ung thư buồng trứng	Ovarian cancer	Ung thư buồng trứng là một khối u ung thư của buồng trứng. Nó có thể bắt nguồn từ chính buồng trứng hoặc phổ biến hơn là từ các cấu trúc lân cận như ống dẫn trứng hoặc lớp lót bên trong bụng. Buồng trứng được tạo thành từ ba loại tế bào khác nhau bao gồm tế bào biểu mô, tế bào mầm và tế bào mô đệm. Khi những tế bào này trở nên bất thường, chúng có thể phân chia và hình thành khối u. Những tế bào này cũng có thể xâm lấn hoặc di căn (lây lan) sang các bộ phận khác của cơ thể. Khi quá trình này bắt đầu, có thể không có hoặc chỉ có những triệu chứng mơ hồ. Các triệu chứng trở nên đáng chú ý hơn khi ung thư tiến triển. Những triệu chứng này có thể bao gồm đầy hơi, chảy máu âm đạo, đau vùng chậu, sưng bụng, táo bón và chán ăn, cùng nhiều triệu chứng khác. Các khu vực phổ biến mà ung thư có thể lây lan bao gồm niêm mạc bụng, hạch bạch huyết, phổi và gan. Nguy cơ ung thư buồng trứng tăng theo tuổi tác. Hầu hết các trường hợp ung thư buồng trứng phát triển sau thời kỳ mãn kinh. Nó cũng phổ biến hơn ở những phụ nữ rụng trứng nhiều hơn trong suốt cuộc đời của họ. Điều này bao gồm những người chưa bao giờ có con, những người bắt đầu rụng trứng ở độ tuổi trẻ hơn và những người mãn kinh ở độ tuổi lớn hơn. Các yếu tố nguy cơ khác bao gồm liệu pháp hormone sau mãn kinh, thuốc hỗ trợ sinh sản và béo phì. Các yếu tố làm giảm nguy cơ bao gồm kiểm soát sinh sản bằng nội tiết tố, thắt ống dẫn trứng, mang thai và cho con bú. Khoảng 10% trường hợp có liên quan đến nguy cơ di truyền; phụ nữ có đột biến gen BRCA1 hoặc BRCA2 có khoảng 50% nguy cơ mắc bệnh. Một số hội chứng ung thư gia đình, chẳng hạn như ung thư đại tràng không polyp di truyền và hội chứng Peutz-Jeghers, cũng làm tăng nguy cơ phát triển ung thư buồng trứng. Ung thư biểu mô buồng trứng là loại ung thư buồng trứng phổ biến nhất, chiếm hơn 95% trường hợp. Có năm loại ung thư biểu mô buồng trứng chính, trong đó ung thư biểu mô huyết thanh cao cấp (HGSC) là loại phổ biến nhất. Các loại ung thư buồng trứng ít phổ biến hơn bao gồm khối u tế bào mầm và khối u mô đệm dây sinh dục. Chẩn đoán ung thư buồng trứng được xác nhận thông qua sinh thiết mô, thường được loại bỏ trong quá trình phẫu thuật. Việc sàng lọc không được khuyến khích ở những phụ nữ có nguy cơ trung bình vì bằng chứng không hỗ trợ giảm tỷ lệ tử vong và tỷ lệ xét nghiệm dương tính giả cao có thể dẫn đến phẫu thuật không cần thiết, đi kèm với những rủi ro riêng. Những người có nguy cơ rất cao có thể cắt bỏ buồng trứng như một biện pháp phòng ngừa. Nếu được phát hiện và điều trị ở giai đoạn đầu, ung thư buồng trứng thường có thể chữa khỏi. Điều trị thường bao gồm một số sự kết hợp của phẫu thuật, xạ trị và hóa trị. Kết quả phụ thuộc vào mức độ của bệnh, loại ung thư hiện tại và các tình trạng bệnh lý khác. Tỷ lệ sống sót sau 5 năm nói chung ở Hoa Kỳ là 52%. Kết quả còn tồi tệ hơn ở các nước đang phát triển. Năm 2020, các trường hợp mới xảy ra ở khoảng 313.000 phụ nữ. Năm 2019, nó đã gây ra 13.445 ca tử vong ở Hoa Kỳ. Tử vong do ung thư buồng trứng tăng 84,2% trên toàn cầu từ năm 1990 đến năm 2017. Ung thư buồng trứng là bệnh ung thư phụ khoa phổ biến thứ hai ở Hoa Kỳ. Nó gây ra nhiều ca tử vong hơn bất kỳ bệnh ung thư nào khác của hệ thống sinh sản nữ. Ở phụ nữ, nó đứng thứ năm về số ca tử vong liên quan đến ung thư. Độ tuổi chẩn đoán điển hình là 63. Tử vong do ung thư buồng trứng phổ biến hơn ở Bắc Mỹ và Châu Âu so với Châu Phi và Châu Á. Ở Hoa Kỳ, bệnh này phổ biến hơn ở phụ nữ da trắng và gốc Tây Ban Nha so với phụ nữ da đen hoặc người Mỹ da đỏ.	https://en.wikipedia.org/wiki/Ovarian_cancer
DOID:2531	ung thư huyết học	Tumors of the hematopoietic and lymphoid tissues	"Khối u của các mô tạo máu và bạch huyết (tiếng Anh Mỹ) hoặc khối u của các mô tạo máu và bạch huyết (tiếng Anh Anh) là những khối u ảnh hưởng đến máu, tủy xương, bạch huyết và hệ bạch huyết. Bởi vì các mô này đều được kết nối mật thiết thông qua cả hệ thống tuần hoàn và hệ thống miễn dịch, một căn bệnh ảnh hưởng đến một mô thường cũng sẽ ảnh hưởng đến các mô khác, làm cho chứng bất sản, tăng sinh tủy và tăng sinh lympho (và do đó là bệnh bạch cầu, u tủy và u lympho) có liên quan chặt chẽ với nhau và thường là các vấn đề chồng chéo. Mặc dù không phổ biến ở các khối u rắn, nhưng sự chuyển đoạn nhiễm sắc thể là nguyên nhân phổ biến của những bệnh này. Điều này thường dẫn đến một cách tiếp cận khác trong chẩn đoán và điều trị các khối u ác tính về huyết học. Các khối u ác tính về huyết học là các khối u ác tính (""ung thư"") và chúng thường được điều trị bởi các chuyên gia về huyết học và/hoặc ung thư.  Ở một số trung tâm, ""huyết học/ung thư"" là một chuyên khoa riêng của nội khoa trong khi ở những trung tâm khác, chúng được coi là các bộ phận riêng biệt (cũng có bác sĩ ung thư phẫu thuật và xạ trị).  Không phải tất cả các rối loạn về huyết học đều ác tính (""ung thư""); những tình trạng máu khác này cũng có thể được bác sĩ huyết học quản lý. Các khối u ác tính về huyết học có thể xuất phát từ một trong hai dòng tế bào máu chính: dòng tế bào tủy và dòng bạch huyết.  Dòng tế bào tủy thường tạo ra bạch cầu hạt, hồng cầu, tiểu cầu, đại thực bào và tế bào mast; dòng tế bào bạch huyết tạo ra các tế bào B, T, NK và plasma. U lympho, bệnh bạch cầu lymphocytic và u tủy là từ dòng bạch huyết, trong khi bệnh bạch cầu tủy cấp tính và mãn tính, hội chứng rối loạn sinh tủy và bệnh tăng sinh tủy có nguồn gốc từ tủy. Một phân nhóm trong số đó nghiêm trọng hơn và được gọi là khối u ác tính về huyết học (tiếng Anh Anh)/khối u ác tính về huyết học (tiếng Anh Mỹ) hoặc ung thư máu. Chúng cũng có thể được gọi là khối u lỏng."	https://en.wikipedia.org/wiki/Tumors_of_the_hematopoietic_and_lymphoid_tissues
DOID:2596	ung thư thanh quản	Laryngeal cancer	Ung thư thanh quản là một loại ung thư có thể phát triển ở bất kỳ phần nào của thanh quản (hộp thoại). Nó thường là ung thư biểu mô tế bào vảy, phản ánh nguồn gốc của nó từ biểu mô của thanh quản. Tiên lượng bị ảnh hưởng bởi vị trí của khối u. Với mục đích xác định giai đoạn, thanh quản được chia thành ba vùng giải phẫu: thanh môn (dây thanh âm thật, mép trước và sau); cơ trên thanh thiệt (nắp thanh quản, nếp thanh thiệt, nếp thanh thiệt và dây giả); và hạ thanh môn. Hầu hết các bệnh ung thư thanh quản đều bắt nguồn từ thanh môn, với các khối u trên thanh môn và dưới thanh môn ít gặp hơn. Ung thư thanh quản có thể lây lan bằng cách: lan trực tiếp đến các cấu trúc lân cận, di căn đến các hạch bạch huyết vùng cổ hoặc qua đường máu. Vị trí di căn xa phổ biến nhất là phổi. Ung thư thanh quản xảy ra ở 177.000 người vào năm 2018 và dẫn đến 94.800 ca tử vong (tăng từ 76.000 ca tử vong vào năm 1990). Tỷ lệ sống sót sau 5 năm ở Hoa Kỳ là 62,1% (2015–2021).	https://en.wikipedia.org/wiki/Laryngeal_cancer
DOID:263	ung thư thận	Kidney cancer	Ung thư thận hay còn gọi là ung thư thận là một nhóm bệnh ung thư bắt đầu từ thận. Các triệu chứng có thể bao gồm máu trong nước tiểu, khối u ở bụng hoặc đau lưng. Sốt, sụt cân và mệt mỏi cũng có thể xảy ra. Các biến chứng có thể bao gồm lây lan đến phổi hoặc não. Các loại ung thư thận chính là ung thư tế bào thận (RCC), ung thư tế bào chuyển tiếp (TCC) và khối u Wilms. RCC chiếm khoảng 80% số ca ung thư thận và TCC chiếm phần lớn phần còn lại. Các yếu tố nguy cơ đối với RCC và TCC bao gồm hút thuốc, một số loại thuốc giảm đau, ung thư bàng quang trước đây, thừa cân, huyết áp cao, một số hóa chất và tiền sử gia đình. Các yếu tố nguy cơ gây ra khối u của Wilms bao gồm tiền sử gia đình và một số rối loạn di truyền nhất định như hội chứng WAGR. Chẩn đoán có thể bị nghi ngờ dựa trên các triệu chứng, xét nghiệm nước tiểu và hình ảnh y tế. Nó được xác nhận bằng sinh thiết mô. Điều trị có thể bao gồm phẫu thuật, xạ trị, hóa trị, liệu pháp miễn dịch và liệu pháp nhắm mục tiêu. Ung thư thận mới ảnh hưởng đến khoảng 403.300 người và khiến 175.000 người tử vong trên toàn cầu vào năm 2018. Bệnh khởi phát thường sau 45 tuổi. Tỷ lệ sống sót chung sau 5 năm là 78% ở Hoa Kỳ, 73% ở Canada. Sử dụng số liệu thống kê cũ hơn từ năm 2017 và 2018, tỷ lệ sống sót là 70% ở Trung Quốc và 60% ở Châu Âu. Đối với những bệnh ung thư khu trú ở thận, tỷ lệ sống sót sau 5 năm là 93%, nếu đã lan sang các hạch bạch huyết xung quanh là 76% và nếu đã lan rộng là 19%. Ung thư thận được xác định là dạng ung thư phổ biến thứ 13 và chịu trách nhiệm cho 2% số ca ung thư và tử vong trên thế giới. Tỷ lệ mắc bệnh ung thư thận tiếp tục gia tăng kể từ năm 1930. Ung thư thận thường gặp ở người dân thành thị hơn là nông thôn.	https://en.wikipedia.org/wiki/Kidney_cancer
DOID:2841	bệnh hen suyễn	Asthma	Hen suyễn là một bệnh viêm nhiễm lâu dài phổ biến ở đường hô hấp. Nó được đặc trưng bởi các triệu chứng thay đổi và tái phát và giảm chức năng phổi. Các triệu chứng bao gồm các cơn thở khò khè, ho, tức ngực và khó thở. Các triệu chứng hen suyễn đột ngột trở nên trầm trọng hơn, đôi khi được gọi là cơn hen suyễn hoặc cơn hen suyễn trầm trọng hơn, có thể xảy ra khi các chất gây dị ứng, phấn hoa, bụi hoặc các hạt khác được hít vào phổi, khiến các tiểu phế quản co lại và tiết ra chất nhầy, sau đó hạn chế lưu lượng oxy đến phế nang. Những điều này có thể xảy ra một vài lần một ngày hoặc vài lần mỗi tuần. Tùy từng người, các triệu chứng hen suyễn có thể trở nên nặng hơn vào ban đêm hoặc khi tập thể dục. Bệnh hen suyễn được cho là do sự kết hợp của các yếu tố di truyền và môi trường. Các yếu tố môi trường bao gồm tiếp xúc với ô nhiễm không khí và các chất gây dị ứng. Các tác nhân tiềm ẩn khác bao gồm các loại thuốc như aspirin và thuốc chẹn beta. Chẩn đoán thường dựa trên mô hình triệu chứng, đáp ứng với điều trị theo thời gian và xét nghiệm chức năng phổi bằng phép đo phế dung. Bệnh hen suyễn được phân loại theo lượng thuốc cần thiết để kiểm soát các triệu chứng hoặc cơ chế gây ra tình trạng này. Không có cách chữa trị bệnh hen suyễn, nhưng nó có thể được kiểm soát. Các triệu chứng có thể được ngăn ngừa bằng cách tránh các tác nhân gây ra, chẳng hạn như chất gây dị ứng và chất kích thích hô hấp, và ức chế bằng cách sử dụng corticosteroid dạng hít. Thuốc chủ vận beta tác dụng kéo dài (LABA) hoặc thuốc antileukotriene có thể được sử dụng cùng với corticosteroid dạng hít nếu các triệu chứng hen suyễn vẫn không được kiểm soát. Điều trị các triệu chứng xấu đi nhanh chóng thường bằng thuốc chủ vận beta2 tác dụng ngắn dạng hít như salbutamol, corticosteroid dạng uống và liệu pháp oxy. Trong những trường hợp rất nặng, có thể phải dùng corticosteroid tiêm tĩnh mạch và nhập viện. Năm 2023, bệnh hen suyễn ảnh hưởng đến khoảng 363 triệu người trên toàn thế giới và khiến 442.000 người tử vong. Hầu hết các trường hợp tử vong liên quan đến hen suyễn xảy ra ở các nước có thu nhập thấp và trung bình thấp. Bệnh hen suyễn thường bắt đầu từ thời thơ ấu. Nó được công nhận sớm nhất là ở Ai Cập cổ đại. Từ hen suyễn có nguồn gốc từ tiếng Hy Lạp ἆσθμα (âsthma), có nghĩa là 'thở hổn hển'.	https://en.wikipedia.org/wiki/Asthma
DOID:2986	Viêm cầu thận IgA		Không tìm thấy mô tả.	
DOID:2994	ung thư tế bào mầm		Không tìm thấy mô tả.	
DOID:2998	ung thư tinh hoàn	Testicular cancer	Ung thư tinh hoàn là bệnh ung thư phát triển ở tinh hoàn, một phần của hệ thống sinh sản nam giới. Các triệu chứng có thể bao gồm một khối u ở tinh hoàn hoặc sưng hoặc đau ở bìu. Điều trị có thể dẫn đến vô sinh. Các yếu tố nguy cơ bao gồm tinh hoàn ẩn, tiền sử gia đình mắc bệnh và tiền sử ung thư tinh hoàn trước đó. Hơn 95% là u tế bào mầm được chia thành u tinh và không u tinh. Các loại khác bao gồm khối u mô đệm dây sinh dục và u lympho. Chẩn đoán thường dựa trên khám thực thể, siêu âm và xét nghiệm máu. Phẫu thuật cắt bỏ tinh hoàn bằng cách kiểm tra dưới kính hiển vi sau đó được thực hiện để xác định loại. Ung thư tinh hoàn có khả năng điều trị cao và thường có thể chữa được. Các lựa chọn điều trị có thể bao gồm phẫu thuật, xạ trị, hóa trị hoặc ghép tế bào gốc. Ngay cả trong trường hợp ung thư đã lan rộng, hóa trị có tỷ lệ chữa khỏi cao hơn 80%. Trên toàn cầu, ung thư tinh hoàn ảnh hưởng đến khoảng 686.000 người vào năm 2015. Năm đó, căn bệnh này khiến 9.400 người tử vong, tăng từ 7.000 ca tử vong vào năm 1990. Tỷ lệ ở các nước đang phát triển thấp hơn so với các nước phát triển. Bệnh khởi phát phổ biến nhất ở nam giới từ 20 đến 34 tuổi, hiếm khi trước 15 tuổi. Tỷ lệ sống sót sau 5 năm ở Hoa Kỳ là khoảng 95%. Kết quả sẽ tốt hơn khi bệnh vẫn còn cục bộ.	https://en.wikipedia.org/wiki/Testicular_cancer
DOID:3070	u thần kinh đệm ác tính	Glioma	U thần kinh đệm là một loại khối u ác tính có nguồn gốc từ các tế bào thần kinh đệm của não hoặc tủy sống. U thần kinh đệm chiếm khoảng 30% các khối u não và hệ thần kinh trung ương và 80% các khối u não ác tính. Các phân nhóm phổ biến bao gồm u tế bào hình sao (ung thư tế bào hình sao), u nguyên bào thần kinh đệm (một dạng u tế bào hình sao xâm lấn), u tế bào thần kinh đệm ít nhánh (ung thư tế bào ít nhánh) và u màng não thất (ung thư tế bào biểu mô).	https://en.wikipedia.org/wiki/Glioma
DOID:3083	bệnh phổi tắc nghẽn mãn tính	Chronic obstructive pulmonary disease	Bệnh phổi tắc nghẽn mãn tính (COPD) là một tình trạng phổi lâu dài khiến bạn khó thở dần dần. Nó xảy ra khi đường thở và mô phổi bị tổn thương, dẫn đến giảm luồng không khí và giảm hiệu quả trao đổi oxy trong phổi. COPD phát triển dần dần theo thời gian và mặc dù hiện tại không thể chữa khỏi nhưng các phương pháp điều trị và thay đổi lối sống có thể giúp kiểm soát các triệu chứng và làm chậm sự tiến triển của bệnh. Chẩn đoán sớm và điều trị kịp thời được khuyến khích. Tình trạng này bao gồm hai vấn đề liên quan đến phổi: viêm phế quản mãn tính và khí thũng. Viêm phế quản mãn tính liên quan đến tình trạng viêm đường hô hấp liên tục, gây ra tình trạng sản xuất quá nhiều chất nhầy, ho và khó chịu ở ngực. Khí thũng liên quan đến tổn thương các túi khí nhỏ trong phổi, làm giảm khả năng vận chuyển oxy vào máu của phổi. Nhiều người mắc bệnh COPD bị khó thở, ho dai dẳng, thở khò khè và giảm khả năng chịu đựng khi tập thể dục. Các triệu chứng có thể trở nên nghiêm trọng hơn trong các đợt bùng phát cấp tính, có thể do nhiễm virus, vi khuẩn và tiếp xúc với các chất kích thích. Những người mắc bệnh COPD thường biểu hiện sự kết hợp của các triệu chứng này và có thể có thêm các vấn đề sức khỏe khác. COPD có thể phát triển do nhiều yếu tố, thường liên quan đến việc tiếp xúc lâu dài với các chất kích thích phổi. Các yếu tố nguy cơ mạnh nhất là khói thuốc lá, ô nhiễm không khí, bụi nơi làm việc và khói hóa chất. Khói từ nhiên liệu dùng để nấu ăn và sưởi ấm là yếu tố nguy cơ chính ở một số nơi, đặc biệt đối với phụ nữ và trẻ nhỏ. Các yếu tố ảnh hưởng đến sự phát triển của phổi trong giai đoạn đầu đời như nhiễm trùng đường hô hấp, dinh dưỡng kém và ít hoạt động thể chất có thể làm tăng nguy cơ mắc bệnh COPD trong cuộc sống sau này. Di truyền cũng có thể đóng một vai trò. Chẩn đoán COPD thường được xác nhận bằng cách sử dụng các xét nghiệm chức năng phổi để đo mức độ không khí di chuyển vào và ra khỏi phổi. Mặc dù COPD hiện không thể chữa khỏi nhưng việc điều trị có thể cải thiện đáng kể chất lượng cuộc sống. Các phương pháp điều trị phổ biến bao gồm dùng thuốc dạng hít giúp mở đường hô hấp, các chương trình phục hồi chức năng phổi giúp cải thiện thể lực và kiểm soát nhịp thở cũng như liệu pháp oxy cho những người mắc bệnh tiến triển. Việc bỏ hút thuốc được khuyến khích mạnh mẽ cũng như giảm tiếp xúc với các chất kích thích phổi khác. Tính đến năm 2021, COPD ảnh hưởng đến khoảng 213 triệu người trên toàn thế giới. COPD thường xảy ra ở những người trên 35–40 tuổi và nguy cơ tăng theo độ tuổi. Năm 2021, COPD là nguyên nhân gây tử vong lớn thứ tư, chiếm khoảng 5% tổng số ca tử vong. Gần 90% số ca tử vong do COPD ở những người dưới 70 tuổi xảy ra ở các nước có thu nhập thấp và trung bình. Số ca tử vong dự kiến ​​sẽ còn tăng thêm do tiếp tục tiếp xúc với các yếu tố nguy cơ và dân số già đi.	https://en.wikipedia.org/wiki/Chronic_obstructive_pulmonary_disease
DOID:3121	ung thư túi mật	Gallbladder cancer	Ung thư túi mật là một loại ung thư tương đối hiếm gặp, với tỷ lệ mắc dưới 2 trường hợp trên 100.000 người mỗi năm tại Hoa Kỳ. Nó ít phổ biến hơn ở Trung và Nam Mỹ, Trung và Đông Âu, Nhật Bản và miền bắc Ấn Độ; nó cũng phổ biến ở một số nhóm dân tộc như người Mỹ bản địa và người gốc Tây Ban Nha. Ung thư biểu mô tuyến túi mật chiếm khoảng 90% các trường hợp ung thư túi mật. GLOBOCAN 2022 ước tính có 122.469 ca mắc mới và 89.045 ca tử vong do ung thư túi mật vào năm 2022. Nam Trung Á và Đông Á, đặc biệt là Ấn Độ và Trung Quốc, chịu gánh nặng tuyệt đối lớn nhất và một số quốc gia Nam Mỹ, như Bolivia, có tỷ lệ chuẩn hóa theo độ tuổi cao nhất. Điều này nhấn mạnh sự khác biệt giữa các khu vực về tỷ lệ mắc và tử vong do ung thư túi mật. Nếu được chẩn đoán sớm, bệnh ung thư có thể được chữa khỏi bằng cách cắt bỏ túi mật, một phần gan và các hạch bạch huyết liên quan. Tuy nhiên, ung thư thường chỉ được phát hiện sau khi bệnh nhân xuất hiện các triệu chứng như đau bụng, vàng da và nôn mửa, sau đó nó thường lan sang các cơ quan khác như gan. Ung thư túi mật được cho là có liên quan đến sự hình thành sỏi mật, có thể dẫn đến vôi hóa túi mật, một tình trạng được gọi là túi mật sứ. Túi mật sứ cũng hiếm gặp. Một số nghiên cứu chỉ ra rằng những người có túi mật sứ có nguy cơ cao mắc ung thư túi mật, nhưng các nghiên cứu khác lại đặt câu hỏi về điều này. Triển vọng phục hồi rất kém nếu ung thư được phát hiện sau khi các triệu chứng đã bắt đầu xảy ra, với tỷ lệ sống sót sau 5 năm là gần 3%.	https://en.wikipedia.org/wiki/Gallbladder_cancer
DOID:3277	ung thư tuyến ức	Thymus	Tuyến ức (pl.: thymuses hoặc thymi) là một cơ quan bạch huyết nguyên phát chuyên biệt của hệ thống miễn dịch. Trong tuyến ức, tế bào T trưởng thành. Tế bào T rất quan trọng đối với hệ thống miễn dịch thích ứng, nơi cơ thể thích nghi với những kẻ xâm lược từ bên ngoài cụ thể. Tuyến ức nằm ở phần trên phía trước của ngực, ở trung thất trước trên, phía sau xương ức và phía trước tim. Nó được tạo thành từ hai thùy, mỗi thùy bao gồm một tủy trung tâm và một vỏ não bên ngoài, được bao quanh bởi một viên nang. Tuyến ức chứa các tế bào T chưa trưởng thành gọi là tuyến ức. Tế bào lót (tế bào biểu mô) giúp tuyến ức phát triển. Các tế bào T phát triển thành công sẽ phản ứng thích hợp với các thụ thể miễn dịch MHC của cơ thể (gọi là chọn lọc dương tính) chứ không chống lại các protein của cơ thể (gọi là chọn lọc âm tính). Tuyến ức lớn nhất và hoạt động mạnh nhất trong thời kỳ sơ sinh và trước tuổi vị thành niên.  Ở tuổi thiếu niên, tuyến ức bắt đầu giảm kích thước và hoạt động và mô của nó dần được thay thế bằng mô mỡ.  Tuy nhiên, một số tế bào T vẫn tiếp tục phát triển trong suốt cuộc đời trưởng thành. Những bất thường về tuyến ức có thể dẫn đến các bệnh tự miễn, chẳng hạn như hội chứng đa nội tiết tự miễn loại 1 và bệnh nhược cơ, đồng thời cũng có thể làm giảm tổng số tế bào T. Chúng thường liên quan đến ung thư mô tuyến ức, được gọi là u tuyến ức, hoặc các mô phát sinh từ tế bào lympho chưa trưởng thành, chẳng hạn như tế bào T, được gọi là ung thư hạch.  Việc cắt bỏ tuyến ức được gọi là cắt bỏ tuyến ức.  Mặc dù tuyến ức đã được xác định là một phần của cơ thể từ thời Hy Lạp cổ đại, nhưng chỉ đến những năm 1960, chức năng của tuyến ức trong hệ thống miễn dịch mới trở nên rõ ràng hơn.	https://en.wikipedia.org/wiki/Thymus
DOID:3310	viêm da dị ứng	Atopic dermatitis	"Viêm da dị ứng (AD), còn được gọi là bệnh chàm dị ứng, là loại viêm da mãn tính. Viêm da dị ứng cũng thường được gọi đơn giản là bệnh chàm, nhưng ""chàm"" cũng được dùng để chỉ viêm da, một nhóm bệnh về da lớn hơn. Viêm da dị ứng dẫn đến da ngứa, đỏ, sưng và nứt nẻ. Chất lỏng trong suốt có thể chảy ra từ vùng bị ảnh hưởng và dày lên theo thời gian. Hiện tượng dày lên được gọi là lichen hóa.  Viêm da dị ứng ảnh hưởng đến khoảng 20% ​​số người tại một thời điểm nào đó trong cuộc đời họ. Nó phổ biến hơn ở trẻ nhỏ. Phụ nữ bị ảnh hưởng thường xuyên hơn một chút so với nam giới. Hàng triệu người đã thoát khỏi tình trạng này. Mặc dù tình trạng này có thể xảy ra ở mọi lứa tuổi nhưng nó thường bắt đầu từ thời thơ ấu với mức độ nghiêm trọng khác nhau theo năm tháng. Ở trẻ dưới một tuổi, mặt, tay chân và phần lớn cơ thể có thể bị ảnh hưởng. Khi trẻ lớn hơn, các khu vực ở bên trong đầu gối, nếp gấp ở khuỷu tay và quanh cổ thường bị ảnh hưởng nhất. Ở người lớn, tay và chân thường bị ảnh hưởng. Gãi vào vùng bị ảnh hưởng sẽ làm bệnh chàm nặng hơn và làm tăng nguy cơ nhiễm trùng da. Nhiều người bị viêm da dị ứng phát triển bệnh sốt cỏ khô hoặc hen suyễn. Nguyên nhân chưa được biết nhưng được cho là liên quan đến di truyền, rối loạn chức năng hệ thống miễn dịch, phơi nhiễm với môi trường và khó khăn về khả năng thẩm thấu của da. Nếu một người trong cặp song sinh giống hệt nhau bị ảnh hưởng thì người còn lại có 85% khả năng mắc bệnh. Những người sống ở thành phố và nơi có khí hậu khô thường bị ảnh hưởng nhiều hơn. Tiếp xúc với một số hóa chất hoặc rửa tay thường xuyên làm cho các triệu chứng trở nên tồi tệ hơn. Mặc dù căng thẳng về cảm xúc có thể làm cho các triệu chứng trở nên tồi tệ hơn nhưng đó không phải là nguyên nhân. Rối loạn này không lây nhiễm. Chẩn đoán thường dựa trên các dấu hiệu, triệu chứng và tiền sử gia đình. Điều trị bao gồm tránh những thứ khiến tình trạng trở nên tồi tệ hơn, tăng cường hàng rào bảo vệ da thông qua việc chăm sóc da và điều trị tình trạng viêm da tiềm ẩn. Kem dưỡng ẩm được sử dụng để làm cho da bớt khô hơn và ngăn ngừa bùng phát AD. Kem corticosteroid chống viêm được sử dụng để kiểm soát cơn bùng phát. Các loại kem có chứa chất ức chế calcineurin (tacrolimus hoặc pimecrolimus) cũng có thể được sử dụng để kiểm soát cơn bùng phát nếu các biện pháp khác không hiệu quả. Một số loại thuốc kháng histamine có thể giúp giảm ngứa. Những nguyên nhân thường khiến tình trạng trở nên tồi tệ hơn bao gồm mạt bụi nhà, căng thẳng và các yếu tố theo mùa. Chất liệu của quần áo mặc hàng ngày cũng có thể tạo nên sự khác biệt - vải tổng hợp và len thường được cho là có thể khiến tình trạng bệnh trở nên trầm trọng hơn. Quang trị liệu có thể hữu ích ở một số người. Thuốc kháng sinh (bằng đường uống hoặc bôi tại chỗ) thường không hữu ích trừ khi có nhiễm trùng thứ phát do vi khuẩn hoặc người bệnh không khỏe. Việc loại trừ chế độ ăn uống không mang lại lợi ích cho hầu hết mọi người và chỉ cần thiết nếu nghi ngờ dị ứng thực phẩm. Các trường hợp AD nặng hơn có thể cần dùng thuốc toàn thân như ciclosporin, methotrexate, dupilumab hoặc baricitinib. Các tên gọi khác của tình trạng này bao gồm ""chàm ở trẻ sơ sinh"", ""chàm uốn cong"", ""ngứa Besnier"", ""chàm dị ứng"" và ""viêm da thần kinh""."	https://en.wikipedia.org/wiki/Atopic_dermatitis
DOID:3312	rối loạn lưỡng cực	Bipolar disorder	"Rối loạn lưỡng cực (BD), trước đây gọi là trầm cảm hưng cảm, là một rối loạn tâm thần đặc trưng bởi các giai đoạn trầm cảm và tâm trạng tăng cao bất thường, kéo dài vài ngày đến vài tuần và trong một số trường hợp là vài tháng. Nếu tâm trạng phấn chấn trở nên nghiêm trọng hoặc liên quan đến rối loạn tâm thần thì được gọi là hưng cảm; nếu nó không ảnh hưởng đáng kể đến hoạt động thì gọi là hưng cảm nhẹ. Trong cơn hưng cảm, một cá nhân cư xử hoặc cảm thấy tràn đầy năng lượng, vui vẻ hoặc cáu kỉnh một cách bất thường và thường đưa ra những quyết định bốc đồng và liều lĩnh. Thường có rối loạn giấc ngủ trong giai đoạn hưng cảm. Trong thời kỳ trầm cảm, cá nhân có thể khóc, có cái nhìn tiêu cực và thể hiện giao tiếp bằng mắt kém. Những người mắc bệnh BD có nguy cơ tử vong do tự tử cao hơn 11,7 lần so với dân số nói chung. Khoảng 34% cố gắng tự tử trong suốt cuộc đời của họ. Trong số thanh thiếu niên mắc bệnh BD, 78% có hành vi tự làm hại bản thân. Cơ chế của chứng rối loạn tâm trạng này vẫn chưa được hiểu rõ ràng, mặc dù một số nghiên cứu gợi ý các lĩnh vực cần nghiên cứu lâm sàng trong tương lai. Các nghiên cứu MRI về cấu trúc và chức năng đã cho thấy sự khác biệt ở các vùng não ở BD, chẳng hạn như các vùng liên quan đến nhận thức rủi ro-phần thưởng và điều chỉnh cảm xúc. Một đánh giá có hệ thống và phân tích tổng hợp của Murri và những người khác cho thấy mức độ cortisol ""có liên quan đến giai đoạn hưng cảm"" của BD. Tương tự như vậy, nhiều nghiên cứu khác ủng hộ vai trò quan trọng của trục hạ đồi-tuyến yên-tuyến thượng thận (trục HPA). Nguy cơ mắc bệnh BD được cho là bị ảnh hưởng bởi di truyền, môi trường và ADHD. Ở một khía cạnh (khả năng di truyền), yếu tố di truyền có thể chiếm tới 70–90% nguy cơ phát triển bệnh đa dạng sinh học. Ở một khía cạnh khác (tỷ lệ phù hợp), các cặp song sinh giống hệt nhau đều mắc chứng rối loạn lưỡng cực (hoặc cả hai đều không) với tỷ lệ ~40%, trái ngược với các cặp song sinh bị chóng mặt '~5%. Rủi ro về môi trường bao gồm tiền sử lạm dụng trẻ em và căng thẳng lâu dài. Một phân tích tổng hợp và một đánh giá tài liệu phê bình riêng biệt đã cho thấy tiên lượng xấu hơn và khởi phát bệnh BD sớm hơn ở những người bị ngược đãi thời thơ ấu và ""chấn thương tinh thần sớm"". Tương tự như vậy, liên kết chấn thương làm tăng nguy cơ mắc bệnh BD. ADHD làm tăng nguy cơ phát triển rối loạn lưỡng cực. Cần nhiều nghiên cứu hơn để hiểu bản chất của hiệp hội này. Tình trạng này được phân loại là rối loạn lưỡng cực I nếu có ít nhất một giai đoạn hưng cảm, có hoặc không có các giai đoạn trầm cảm và là rối loạn lưỡng cực II nếu có ít nhất một giai đoạn hưng cảm nhẹ (nhưng không có giai đoạn hưng cảm hoàn toàn) và một giai đoạn trầm cảm nặng. Nó được phân loại là cyclothymia nếu có các giai đoạn hưng cảm nhẹ với các giai đoạn trầm cảm không đáp ứng các tiêu chí của các giai đoạn trầm cảm nặng. Nếu những triệu chứng này là do thuốc hoặc vấn đề y tế thì chúng không được chẩn đoán là BD. Thuốc ổn định tâm trạng, đặc biệt là lithium, và thuốc chống co giật, như lamotrigine và valproate, cũng như thuốc chống loạn thần không điển hình được sử dụng để điều trị. Thuốc chống loạn thần không điển hình được sử dụng cho các cơn hưng cảm cấp tính hoặc khi thuốc ổn định tâm trạng không hiệu quả hoặc không được dung nạp, với thuốc tiêm tác dụng kéo dài có sẵn cho những bệnh nhân gặp khó khăn trong việc duy trì chế độ dùng thuốc. Có bằng chứng cho thấy liệu pháp tâm lý cải thiện quá trình BD. Việc sử dụng thuốc chống trầm cảm trong các giai đoạn trầm cảm đang gây tranh cãi: chúng có thể có hiệu quả, nhưng một số loại thuốc chống trầm cảm nhất định sẽ làm tăng nguy cơ hưng cảm. Do đó, việc điều trị các giai đoạn trầm cảm thường khó khăn. Các nghiên cứu trước đây đã phát hiện ra rằng liệu pháp điện giật (ECT) có hiệu quả trong các giai đoạn hưng cảm và trầm cảm cấp tính, đặc biệt với chứng rối loạn tâm thần hoặc căng trương lực; tương tự như vậy, các hướng dẫn trước đây đã khuyến nghị nhập viện tâm thần nếu ai đó gây nguy hiểm cho bản thân hoặc người khác và/hoặc điều trị bắt buộc nếu ai đó từ chối điều trị. Tuy nhiên, Ủy ban về Quyền của Người khuyết tật (CRPD) của Liên hợp quốc đã khuyến nghị bãi bỏ các biện pháp điều trị cưỡng bức và thể chế hóa ""như thuốc an thần, thuốc ổn định tâm trạng, điều trị bằng điện giật và liệu pháp chuyển đổi"". Tỷ lệ mắc chứng rối loạn lưỡng cực trong 6-12 tháng là 1%, trong khi tỷ lệ mắc bệnh suốt đời là từ 1 đến 3%. Tỷ lệ mắc chứng rối loạn lưỡng cực ở trẻ em là 3,9%, mặc dù nghiên cứu ước tính cao hơn với ""tiêu chí lưỡng cực rộng"" và ""độ tuổi tối thiểu lớn hơn"". Độ tuổi khởi phát thường gặp nhất là 24 hoặc 46; sự phân bố tuổi khởi phát là lưỡng kim. Khởi phát sớm hơn có liên quan đến trầm cảm nặng hơn và đồng chẩn đoán lo âu và sử dụng chất gây nghiện thường xuyên hơn. Khoảng 40-60% người mắc bệnh BD đang có việc làm và hơn 80% ""có thể nghỉ làm vì lý do tâm thần trong khoảng thời gian 5 năm."" Các liệu pháp lao động có vẻ hiệu quả về mặt chi phí khi đưa những người mắc bệnh BD trở lại làm việc. Nhận thức xã hội bị suy giảm ở mức độ vừa phải ở những người bị BD, bất kể trạng thái tâm trạng. 16% số người bị BD có chức năng hoạt động cao. Tính đến năm 2021, số người mắc bệnh BD chiếm 183 năm sống với khuyết tật (YLD) trên 100.000 người ở Châu Mỹ (xếp thứ 20 trong số tất cả các tình trạng). Nguy cơ tử vong do nguyên nhân không tự nhiên và tự nhiên cao hơn lần lượt là 7,3 và 1,9 lần. Trung bình, tuổi thọ trung bình ngắn hơn 12,9 năm."	https://en.wikipedia.org/wiki/Bipolar_disorder
DOID:332	bệnh xơ cứng teo cơ một bên	ALS	Bệnh xơ cứng teo cơ một bên (ALS), còn được gọi là bệnh thần kinh vận động (MND) hoặc bệnh Lou Gehrig, là một bệnh thoái hóa thần kinh giai đoạn cuối hiếm gặp được xác định bởi sự mất dần dần của cả tế bào thần kinh vận động trên và dưới thường kiểm soát sự co cơ tự nguyện. ALS là bệnh thần kinh vận động phổ biến nhất. ALS thường biểu hiện bằng tình trạng cứng cơ dần dần, co giật, yếu và gầy mòn. Mất tế bào thần kinh vận động thường tiếp tục cho đến khi mất khả năng ăn, nói, di chuyển và thở mà không có sự hỗ trợ cơ học. Ít nhất 50% số người mắc ALS trải qua những thay đổi đáng kể trong suy nghĩ và hành vi, với 15% số người sẽ phát triển chứng mất trí nhớ vùng trán-thái dương. Chẩn đoán ALS được thực hiện dựa trên các dấu hiệu và triệu chứng của một người, với các xét nghiệm bổ sung được tiến hành để loại trừ các nguyên nhân tiềm ẩn khác. Tùy thuộc vào vùng nào của cơ thể bị ảnh hưởng đầu tiên, ALS có thể được phân loại là khởi phát ở chi (bắt đầu bằng yếu tay hoặc chân) hoặc khởi phát hành não (bắt đầu gặp khó khăn khi nói hoặc nuốt). Khởi phát hô hấp xảy ra trong khoảng 1–3% trường hợp. Hầu hết các trường hợp ALS (khoảng 90–95%) không rõ nguyên nhân và được gọi là ALS lẻ tẻ. Các yếu tố di truyền, tự miễn dịch và môi trường được cho là có liên quan đến sự khởi phát của ALS. Khoảng 5–10% trường hợp ALS có nguyên nhân di truyền đã biết và thường liên quan đến tiền sử gia đình mắc ALS; những trường hợp như vậy được gọi là ALS gia đình hoặc ALS di truyền. Đột biến trong gen C9orf72 là nguyên nhân di truyền phổ biến nhất được biết đến của ALS gia đình và cũng được tìm thấy trong một tập hợp con các trường hợp lẻ tẻ. Bốn gen liên quan đến bệnh tật chịu trách nhiệm cho khoảng một nửa số trường hợp di truyền. Không có cách chữa trị nào cho ALS. Mục tiêu điều trị là làm chậm sự tiến triển của bệnh và cải thiện các triệu chứng. Các phương pháp điều trị được FDA phê chuẩn giúp làm chậm sự tiến triển của ALS bao gồm riluzole và edaravone. Thông khí không xâm lấn có thể giúp cải thiện cả chất lượng và thời gian sống. Thông khí cơ học có thể kéo dài thời gian sống nhưng không ngăn chặn được sự tiến triển của bệnh. Ống truyền dinh dưỡng có thể giúp duy trì cân nặng và dinh dưỡng. Tử vong thường do suy hô hấp. Căn bệnh này có thể ảnh hưởng đến mọi người ở mọi lứa tuổi, nhưng thường bắt đầu ở độ tuổi 60. Thời gian sống sót trung bình từ khi khởi phát đến khi chết là từ hai đến bốn năm, mặc dù thời gian này có thể khác nhau; khoảng 10% những người bị ảnh hưởng sống sót lâu hơn mười năm. Những mô tả về căn bệnh này ít nhất đã có từ năm 1824 bởi Charles Bell. Năm 1869, mối liên hệ giữa các triệu chứng và các vấn đề thần kinh tiềm ẩn lần đầu tiên được mô tả bởi nhà thần kinh học người Pháp Jean-Martin Charcot, người vào năm 1874 đã bắt đầu sử dụng thuật ngữ bệnh xơ cứng teo cơ một bên.	https://en.wikipedia.org/wiki/ALS
DOID:3393	bệnh động mạch vành	Coronary artery disease	Bệnh động mạch vành (CAD), còn gọi là bệnh tim mạch vành (CHD), hay bệnh tim thiếu máu cục bộ (IHD), là một loại bệnh tim liên quan đến việc giảm lưu lượng máu đến cơ tim do sự hiện diện của mảng xơ vữa trong động mạch của tim. Đây là bệnh phổ biến nhất trong số các bệnh về tim mạch. CAD có thể gây đau thắt ngực ổn định, đau thắt ngực không ổn định, thiếu máu cơ tim và nhồi máu cơ tim. Một triệu chứng phổ biến là đau thắt ngực, tức là đau ngực hoặc cảm giác khó chịu có thể lan xuống vai, cánh tay, lưng, cổ hoặc hàm. Thỉnh thoảng, bạn có thể cảm thấy như ợ nóng. Trong cơn đau thắt ngực ổn định, các triệu chứng xảy ra khi tập thể dục hoặc căng thẳng về cảm xúc, kéo dài chưa đầy vài phút và cải thiện khi nghỉ ngơi. Khó thở cũng có thể xảy ra và đôi khi không có triệu chứng. Trong nhiều trường hợp, dấu hiệu đầu tiên là cơn đau tim. Các biến chứng khác bao gồm suy tim hoặc nhịp tim bất thường. Các yếu tố nguy cơ bao gồm huyết áp cao, hút thuốc, đái tháo đường, thiếu tập thể dục, béo phì, cholesterol trong máu cao, chế độ ăn uống kém, trầm cảm và uống quá nhiều rượu. Một số xét nghiệm có thể giúp chẩn đoán bao gồm điện tâm đồ, kiểm tra gắng sức tim, chụp cắt lớp vi tính mạch vành và chụp động mạch vành, cùng nhiều xét nghiệm khác. Các cách để giảm nguy cơ CAD bao gồm ăn uống lành mạnh, tập thể dục thường xuyên, duy trì cân nặng khỏe mạnh và không hút thuốc. Thuốc điều trị bệnh tiểu đường, cholesterol cao hoặc huyết áp cao đôi khi được sử dụng. Mặc dù các chiến lược phòng ngừa ban đầu liên quan đến thuốc statin làm giảm tỷ lệ di chứng của CAD, nhưng có bằng chứng hạn chế về hiệu quả của việc phát hiện sớm CAD thông qua sàng lọc những người có nguy cơ thấp không biểu hiện triệu chứng. Điều trị bao gồm các biện pháp tương tự như phòng ngừa. Các loại thuốc bổ sung như thuốc chống tiểu cầu (bao gồm aspirin), thuốc chẹn beta hoặc nitroglycerin có thể được khuyên dùng. Các thủ tục như can thiệp mạch vành qua da (PCI) hoặc phẫu thuật bắc cầu động mạch vành (CABG) có thể được sử dụng trong trường hợp bệnh nặng. Ở những người có CAD ổn định, không rõ liệu PCI hay CABG cùng với các phương pháp điều trị khác có cải thiện tuổi thọ hay giảm nguy cơ đau tim hay không. Năm 2015, CAD đã ảnh hưởng đến 110 triệu người và khiến 8,9 triệu người tử vong. Nó chiếm 15,6% tổng số ca tử vong, khiến nó trở thành nguyên nhân gây tử vong phổ biến nhất trên toàn cầu. Nguy cơ tử vong do CAD ở một độ tuổi nhất định đã giảm từ năm 1980 đến năm 2010, đặc biệt là ở các nước phát triển. Số trường hợp mắc bệnh CAD ở một độ tuổi nhất định cũng giảm từ năm 1990 đến năm 2010. Tại Hoa Kỳ vào năm 2010, khoảng 20% ​​những người trên 65 tuổi mắc bệnh CAD, trong khi bệnh này xuất hiện ở 7% những người từ 45 đến 64 tuổi và 1,3% những người từ 18 đến 45 tuổi; tỷ lệ ở nam cao hơn nữ ở một độ tuổi nhất định.	https://en.wikipedia.org/wiki/Coronary_artery_disease
DOID:3565	u màng não	Meningioma	U màng não, còn được gọi là khối u màng não, thường là một khối u phát triển chậm hình thành từ màng não, các lớp màng bao quanh não và tủy sống. Các triệu chứng phụ thuộc vào vị trí và xảy ra do khối u đè lên mô gần đó. Nhiều trường hợp không bao giờ có triệu chứng. Thỉnh thoảng có thể xảy ra co giật, mất trí nhớ, khó nói, vấn đề về thị lực, yếu một bên hoặc mất kiểm soát bàng quang. Các yếu tố nguy cơ bao gồm tiếp xúc với bức xạ ion hóa như trong quá trình xạ trị, tiền sử gia đình mắc bệnh và bệnh u xơ thần kinh loại 2. Chúng dường như có thể hình thành từ một số loại tế bào khác nhau bao gồm cả tế bào màng nhện. Chẩn đoán thường bằng hình ảnh y tế. Nếu không có triệu chứng, việc quan sát định kỳ có thể là tất cả những gì cần thiết. Hầu hết các trường hợp có triệu chứng đều có thể được chữa khỏi bằng phẫu thuật. Sau khi loại bỏ hoàn toàn ít hơn 20% tái phát. Nếu không thể phẫu thuật hoặc không thể cắt bỏ toàn bộ khối u thì xạ phẫu có thể hữu ích. Hóa trị chưa được chứng minh là có ích. Một tỷ lệ nhỏ phát triển nhanh chóng và có liên quan đến những kết quả tồi tệ hơn. Khoảng một phần nghìn người ở Hoa Kỳ hiện đang bị ảnh hưởng. Khởi phát thường ở người lớn. Trong nhóm này, chúng chiếm khoảng 30% các khối u não. Phụ nữ bị ảnh hưởng nhiều gấp đôi so với nam giới. U màng não được báo cáo sớm nhất vào năm 1614 bởi Felix Plater.	https://en.wikipedia.org/wiki/Meningioma
DOID:3571	ung thư gan	Liver cancer	Ung thư gan, còn được gọi là ung thư gan, ung thư gan nguyên phát hoặc bệnh ác tính nguyên phát ở gan, là ung thư bắt đầu ở gan. Ung thư gan có thể là nguyên phát trong đó ung thư bắt đầu ở gan, hoặc có thể là di căn gan, hoặc thứ phát, trong đó ung thư lây lan từ nơi khác trong cơ thể đến gan. Di căn gan là bệnh phổ biến hơn trong hai loại ung thư gan.  Theo phân tích gần đây, người ta chứng minh rằng bệnh gan nhiễm mỡ liên quan đến rối loạn chức năng trao đổi chất, trước đây được gọi là bệnh gan nhiễm mỡ không do rượu (NAFLD) và hiện được coi là một trong những nguyên nhân hàng đầu gây ung thư biểu mô tế bào gan (HCC) trên toàn cầu, đặc biệt là ở các quốc gia phát triển, do tỷ lệ béo phì và tiểu đường tuýp 2 ngày càng tăng.  Ung thư gan nguyên phát là loại ung thư thường gặp thứ sáu trên toàn cầu và là nguyên nhân gây tử vong do ung thư đứng thứ tư. Năm 2018, nó xảy ra ở 866.136 người và khiến 758.725 người tử vong trên toàn cầu. Tỷ lệ ung thư gan cao hơn xảy ra ở những nơi phổ biến bệnh viêm gan B và C, bao gồm Châu Á và Châu Phi cận Sahara. Nam giới thường bị ảnh hưởng bởi ung thư biểu mô tế bào gan (HCC) nhiều hơn nữ giới. Chẩn đoán thường gặp nhất ở những người từ 65 đến 74 tuổi. Nguyên nhân hàng đầu gây ung thư gan là xơ gan do viêm gan B, viêm gan C hoặc rượu. Các nguyên nhân khác bao gồm aflatoxin, bệnh gan nhiễm mỡ liên quan đến rối loạn chuyển hóa (MASLD; trước đây là NAFLD) và sán lá gan. Các loại phổ biến nhất là HCC, chiếm 80% trường hợp và ung thư đường mật trong gan. Chẩn đoán có thể được hỗ trợ bằng xét nghiệm máu và hình ảnh y tế, với sự xác nhận bằng sinh thiết mô.  Cho rằng có nhiều nguyên nhân khác nhau gây ra ung thư gan nên có nhiều cách tiếp cận để phòng ngừa ung thư gan. Những nỗ lực này bao gồm chủng ngừa viêm gan B, điều trị viêm gan B, điều trị viêm gan C, giảm sử dụng rượu, giảm tiếp xúc với aflatoxin trong nông nghiệp và kiểm soát béo phì và tiểu đường. Ung thư biểu mô tế bào gan (HCC) liên quan đến MASLD có thể phát triển ngay cả khi không có xơ gan và nó xảy ra thường xuyên hơn ung thư gan do virus gây ra, mặc dù nhìn chung xơ gan vẫn là yếu tố nguy cơ chiếm ưu thế. Việc sàng lọc được khuyến khích ở những người mắc bệnh gan mãn tính. Ví dụ, những người mắc bệnh gan mãn tính có nguy cơ mắc ung thư biểu mô tế bào gan nên được sàng lọc 6 tháng một lần bằng hình ảnh siêu âm. Kể từ năm 2026, các hướng dẫn lâm sàng ngày càng khuyến nghị giám sát phân tầng nguy cơ đối với bệnh gan, kết hợp các yếu tố như nguyên nhân, giai đoạn xơ hóa, tuổi tác và bệnh đi kèm khi xác định chiến lược giám sát.   Vì ung thư gan là thuật ngữ chung cho nhiều loại ung thư nên các dấu hiệu và triệu chứng phụ thuộc vào loại ung thư hiện diện. Các triệu chứng có thể mơ hồ và rộng. Ung thư đường mật có liên quan đến đổ mồ hôi, vàng da, đau bụng, sụt cân và gan to. Ung thư biểu mô tế bào gan có liên quan đến khối u ở bụng, đau bụng, nôn mửa, thiếu máu, đau lưng, vàng da, ngứa, sụt cân và sốt. Các lựa chọn điều trị có thể bao gồm phẫu thuật, liệu pháp nhắm mục tiêu và xạ trị. Trong một số trường hợp nhất định, liệu pháp cắt bỏ, liệu pháp thuyên tắc hoặc ghép gan có thể được sử dụng.	https://en.wikipedia.org/wiki/Liver_cancer
DOID:363	ung thư tử cung	Uterine cancer	Ung thư tử cung, còn được gọi là ung thư tử cung, bao gồm hai loại ung thư phát triển từ các mô của tử cung. Ung thư nội mạc tử cung hình thành từ niêm mạc tử cung và sarcoma tử cung hình thành từ các cơ hoặc mô hỗ trợ của tử cung. Ung thư nội mạc tử cung chiếm khoảng 90% tổng số ca ung thư tử cung ở Hoa Kỳ. Các triệu chứng của ung thư nội mạc tử cung bao gồm những thay đổi về chảy máu âm đạo hoặc đau vùng chậu. Các triệu chứng của sarcoma tử cung bao gồm chảy máu âm đạo bất thường hoặc có khối u trong âm đạo. Các yếu tố nguy cơ gây ung thư nội mạc tử cung bao gồm béo phì, hội chứng chuyển hóa, tiểu đường tuýp 2, uống thuốc có chứa estrogen mà không có progesterone, tiền sử sử dụng tamoxifen, mãn kinh muộn và tiền sử gia đình mắc bệnh này. Các yếu tố nguy cơ của sarcoma tử cung bao gồm xạ trị trước đó vào vùng chậu. Chẩn đoán ung thư nội mạc tử cung thường dựa trên sinh thiết nội mạc tử cung. Chẩn đoán sarcoma tử cung có thể bị nghi ngờ dựa trên các triệu chứng, khám vùng chậu và hình ảnh y tế. Ung thư nội mạc tử cung thường có thể được chữa khỏi trong khi sarcoma tử cung thường khó điều trị hơn. Điều trị có thể bao gồm sự kết hợp của phẫu thuật, xạ trị, hóa trị, liệu pháp hormone và liệu pháp nhắm mục tiêu. Chỉ hơn 80% phụ nữ sống sót sau hơn 5 năm sau khi chẩn đoán. Năm 2015, khoảng 3,8 triệu phụ nữ trên toàn cầu bị ảnh hưởng và khiến 90.000 người tử vong. Ung thư nội mạc tử cung tương đối phổ biến trong khi sarcoma tử cung rất hiếm. Tại Hoa Kỳ, ung thư tử cung chiếm 3,4% số ca ung thư mới. Chúng thường xảy ra nhất ở phụ nữ trong độ tuổi từ 45 đến 74 với độ tuổi chẩn đoán trung bình là 63.	https://en.wikipedia.org/wiki/Uterine_cancer
DOID:3953	ung thư tuyến thượng thận		Không tìm thấy mô tả.	
DOID:4045	ung thư cơ	Soft-tissue sarcoma	Sarcoma mô mềm (STS) là một khối u ác tính, một loại ung thư, phát triển trong mô mềm. Sarcoma mô mềm thường là một khối không đau, phát triển chậm trong nhiều tháng hoặc nhiều năm. Chúng có thể hời hợt hoặc sâu sắc. Bất kỳ khối lượng không giải thích được như vậy phải được chẩn đoán bằng sinh thiết. Điều trị có thể bao gồm phẫu thuật, xạ trị, hóa trị và điều trị bằng thuốc nhắm mục tiêu. Sarcoma xương là loại sarcomas khác. Có nhiều loại khác nhau, nhiều loại hiếm khi được tìm thấy. Tổ chức Y tế Thế giới liệt kê hơn 50 phân nhóm.	https://en.wikipedia.org/wiki/Soft-tissue_sarcoma
DOID:4159	ung thư da	Skin cancer	Ung thư da là bệnh ung thư phát sinh từ da. Chúng là do sự phát triển của các tế bào bất thường có khả năng xâm lấn hoặc lây lan sang các bộ phận khác của cơ thể. Nó xảy ra khi các tế bào da phát triển không kiểm soát, hình thành các khối u ác tính. Nguyên nhân chính gây ung thư da là do tiếp xúc kéo dài với tia cực tím (UV) từ ánh nắng mặt trời hoặc các thiết bị làm rám da. Ung thư da là dạng ung thư được chẩn đoán phổ biến nhất ở người. Có ba loại ung thư da chính: ung thư da tế bào đáy (BCC), ung thư da tế bào vảy (SCC) và khối u ác tính. Hai loại đầu tiên, cùng với một số bệnh ung thư da ít phổ biến hơn, được gọi là ung thư da không phải khối u ác tính (NMSC). Ung thư tế bào đáy phát triển chậm và có thể làm tổn thương các mô xung quanh nhưng không có khả năng lây lan sang các vùng xa hoặc dẫn đến tử vong. Nó thường xuất hiện dưới dạng một vùng da nổi lên không đau, có thể sáng bóng với các mạch máu nhỏ chạy qua hoặc có thể biểu hiện dưới dạng một vùng da nổi lên có vết loét. Ung thư da tế bào vảy có nhiều khả năng lây lan hơn. Nó thường biểu hiện dưới dạng một khối cứng có vảy ở trên nhưng cũng có thể hình thành vết loét. Khối u ác tính là hung dữ nhất. Các dấu hiệu bao gồm nốt ruồi đã thay đổi về kích thước, hình dạng, màu sắc, có các cạnh không đều, có nhiều màu, ngứa hoặc chảy máu. Hơn 90% trường hợp là do tiếp xúc với tia cực tím từ Mặt trời. Sự tiếp xúc này làm tăng nguy cơ mắc cả ba loại ung thư da chính. Sự phơi nhiễm như vậy đã tăng lên kể từ khi bắt đầu cuộc cách mạng công nghiệp, một phần là do sự suy giảm tầng ozone. Giường tắm nắng là một nguồn bức xạ cực tím phổ biến khác. Đối với các khối u ác tính và ung thư tế bào đáy, việc tiếp xúc trong thời thơ ấu đặc biệt có hại. Đối với bệnh ung thư da tế bào vảy, mức phơi nhiễm tổng thể, bất kể thời điểm nó xảy ra, là quan trọng hơn. Từ 20% đến 30% khối u ác tính phát triển từ nốt ruồi. Những người có làn da sáng hơn có nguy cơ cao hơn cũng như những người có chức năng miễn dịch kém như do dùng thuốc hoặc HIV/AIDS. Chẩn đoán bằng sinh thiết. Giảm tiếp xúc với tia cực tím và sử dụng kem chống nắng dường như là phương pháp hiệu quả để ngăn ngừa khối u ác tính và ung thư da tế bào vảy. Không rõ liệu kem chống nắng có ảnh hưởng đến nguy cơ ung thư tế bào đáy hay không. Ung thư da không hắc tố thường có thể chữa được. Điều trị thường bằng cách phẫu thuật cắt bỏ nhưng có thể, ít phổ biến hơn, bao gồm xạ trị hoặc thuốc bôi như fluorouracil. Điều trị khối u ác tính có thể bao gồm một số sự kết hợp giữa phẫu thuật, hóa trị, xạ trị và liệu pháp nhắm mục tiêu. Ở những người bệnh đã lan sang các vùng khác của cơ thể, chăm sóc giảm nhẹ có thể được sử dụng để cải thiện chất lượng cuộc sống. Ung thư hắc tố có tỷ lệ sống sót cao hơn trong số các bệnh ung thư, với hơn 86% người dân ở Anh và hơn 90% ở Hoa Kỳ sống sót sau hơn 5 năm. Ung thư da là dạng ung thư phổ biến nhất, chiếm ít nhất 40% số ca ung thư trên toàn cầu. Loại phổ biến nhất là ung thư da không hắc tố, xảy ra ở ít nhất 2–3 triệu người mỗi năm. Đây là ước tính sơ bộ; số liệu thống kê tốt không được lưu giữ. Trong số các bệnh ung thư da không phải khối u ác tính, khoảng 80% là ung thư tế bào đáy và 20% là ung thư da tế bào vảy. Ung thư da tế bào đáy và tế bào vảy hiếm khi gây tử vong. Tại Hoa Kỳ, chúng là nguyên nhân gây ra ít hơn 0,1% tổng số ca tử vong do ung thư. Trên toàn cầu vào năm 2012, khối u ác tính xảy ra ở 232.000 người và khiến 55.000 người tử vong. Người da trắng ở Úc, New Zealand và Nam Phi có tỷ lệ mắc ung thư hắc tố cao nhất thế giới. Ba loại ung thư da chính đã trở nên phổ biến hơn kể từ cuối thế kỷ 20, đặc biệt là ở những vùng có dân số chủ yếu là người da trắng.	https://en.wikipedia.org/wiki/Skin_cancer
DOID:418	xơ cứng bì hệ thống	Systemic scleroderma	Xơ cứng bì hệ thống, hay xơ cứng hệ thống, là một bệnh thấp khớp tự miễn được đặc trưng bởi sự sản xuất và tích tụ quá nhiều collagen, được gọi là xơ hóa, ở da và các cơ quan nội tạng và do tổn thương các động mạch nhỏ. Có hai nhóm chính của bệnh xơ cứng hệ thống dựa trên mức độ tổn thương da: hạn chế và lan tỏa. Dạng giới hạn ảnh hưởng đến các khu vực bên dưới, nhưng không phải phía trên, khuỷu tay và đầu gối, có hoặc không có liên quan đến khuôn mặt. Dạng lan tỏa cũng ảnh hưởng đến vùng da phía trên khuỷu tay và đầu gối và cũng có thể lan sang thân. Các cơ quan nội tạng, bao gồm thận, tim, phổi và đường tiêu hóa cũng có thể bị ảnh hưởng bởi quá trình xơ hóa. Tiên lượng được xác định bởi dạng bệnh và mức độ tổn thương nội tạng. Bệnh nhân bị xơ cứng hệ thống hạn chế có tiên lượng tốt hơn so với những người mắc bệnh xơ cứng lan tỏa. Tử vong thường xảy ra nhất do liên quan đến phổi, tim và thận. Nguy cơ ung thư tăng nhẹ. Tỷ lệ sống sót đã tăng lên rất nhiều nhờ điều trị hiệu quả bệnh suy thận. Các liệu pháp bao gồm thuốc ức chế miễn dịch và trong một số trường hợp là glucocorticoid.	https://en.wikipedia.org/wiki/Systemic_scleroderma
DOID:4362	ung thư cổ tử cung	Cervical cancer	Ung thư cổ tử cung là một loại ung thư phát triển ở cổ tử cung, phần hẹp phía dưới của tử cung (dạ con). Đó là do sự phát triển bất thường của các tế bào có thể xâm lấn hoặc lan sang các bộ phận khác của cơ thể. Ban đầu, thường không có triệu chứng nào được nhìn thấy. Các triệu chứng sau này có thể bao gồm chảy máu âm đạo bất thường, đau vùng chậu hoặc đau khi quan hệ tình dục. Mặc dù chảy máu sau khi quan hệ tình dục có thể không nghiêm trọng nhưng nó cũng có thể là dấu hiệu của bệnh ung thư cổ tử cung. Hầu hết tất cả các trường hợp (99%) đều có liên quan đến nhiễm vi rút u nhú ở bộ phận sinh dục (HPV); Tuy nhiên, hầu hết những người đã bị nhiễm HPV đều không phát triển thành ung thư cổ tử cung. Nguy cơ cao hơn ở những người hút thuốc, có hệ miễn dịch suy yếu, sử dụng biện pháp tránh thai, bắt đầu quan hệ tình dục khi còn trẻ và có nhiều bạn tình. Ung thư cổ tử cung thường phát triển từ những thay đổi tiền ung thư trong vòng 10 đến 20 năm. Khoảng 75% ung thư cổ tử cung là ung thư biểu mô tế bào vảy, 20–25% là ung thư biểu mô tuyến. Chẩn đoán thường bằng sàng lọc cổ tử cung, sau đó là sinh thiết. Hình ảnh y tế sau đó được thực hiện để xác định xem ung thư có lan ra ngoài cổ tử cung hay không. Tiêm phòng HPV là biện pháp y tế công cộng hiệu quả nhất để chống lại bệnh ung thư cổ tử cung. Vắc-xin HPV bảo vệ chống lại từ hai đến bảy chủng vi-rút có nguy cơ cao thuộc họ vi-rút này và có thể ngăn ngừa tới 90% bệnh ung thư cổ tử cung. Đến cuối năm 2024, 147 quốc gia đã cung cấp vắc xin HPV trong lịch tiêm chủng quốc gia cho trẻ em gái. Tính đến năm 2022, 47 quốc gia cũng thực hiện điều này đối với con trai. Vì chúng không ngăn ngừa được tất cả bệnh ung thư cổ tử cung nên các hướng dẫn khuyến nghị nên sàng lọc thường xuyên. Sàng lọc cổ tử cung cho phép phát hiện tiền ung thư, từ đó có thể điều trị để ngăn ngừa sự phát triển của ung thư. Điều trị có thể bao gồm một số sự kết hợp của phẫu thuật, hóa trị, xạ trị và liệu pháp miễn dịch. Tỷ lệ sống sót sau 5 năm ở Hoa Kỳ là 69%, nhưng kết quả phụ thuộc vào việc phát hiện ung thư sớm như thế nào. Trên toàn thế giới, ung thư cổ tử cung vừa là loại ung thư phổ biến thứ tư vừa là nguyên nhân gây tử vong do ung thư phổ biến thứ tư ở phụ nữ, với hơn 660.000 ca mắc mới và khoảng 350.000 ca tử vong vào năm 2022. Con số này chiếm khoảng 8% tổng số ca mắc và tổng số ca tử vong do ung thư. Gần 90% số ca nhiễm và tử vong xảy ra ở những người có thu nhập thấp và trung bình; nó chiếm 17% tổng số ca ung thư ở phụ nữ ở những quốc gia này, so với 2% ở các quốc gia có thu nhập cao. Ở các nước phát triển, việc sử dụng rộng rãi các chương trình sàng lọc cổ tử cung đã làm giảm đáng kể tỷ lệ ung thư cổ tử cung. Trong nghiên cứu y học, dòng tế bào bất tử nổi tiếng nhất là HeLa được phát triển từ tế bào ung thư cổ tử cung của một phụ nữ tên là Henrietta Lacks. Ngày 17 tháng 11 là Ngày hành động loại bỏ ung thư cổ tử cung. Ngày đánh dấu ngày vào năm 2020 khi WHO đưa ra Chiến lược toàn cầu nhằm đẩy nhanh việc loại bỏ ung thư cổ tử cung như một vấn đề sức khỏe cộng đồng, với nghị quyết được 194 quốc gia thông qua.	https://en.wikipedia.org/wiki/Cervical_cancer
DOID:4481	viêm mũi dị ứng	Allergic rhinitis	Viêm mũi dị ứng, loại bệnh theo mùa được gọi là sốt cỏ khô, là một loại viêm ở mũi xảy ra khi hệ thống miễn dịch phản ứng quá mức với các chất gây dị ứng trong không khí. Nó được phân loại là phản ứng quá mẫn loại I. Các dấu hiệu và triệu chứng bao gồm sổ mũi hoặc nghẹt mũi, hắt hơi, đỏ, ngứa và chảy nước mắt và sưng quanh mắt. Chất lỏng từ mũi thường trong. Triệu chứng khởi phát thường trong vòng vài phút sau khi tiếp xúc với chất gây dị ứng và có thể ảnh hưởng đến giấc ngủ cũng như khả năng làm việc hoặc học tập. Một số người chỉ có thể phát triển các triệu chứng vào những thời điểm cụ thể trong năm, thường là do tiếp xúc với phấn hoa. Nhiều người bị viêm mũi dị ứng còn bị hen suyễn, viêm kết mạc dị ứng hoặc viêm da dị ứng. Viêm mũi dị ứng thường được kích hoạt bởi các chất gây dị ứng trong môi trường như phấn hoa, lông thú cưng, mạt bụi hoặc nấm mốc. Di truyền kế thừa và phơi nhiễm môi trường góp phần vào sự phát triển của dị ứng. Lớn lên ở một trang trại và có nhiều anh chị em có thể làm giảm nguy cơ này. Cơ chế cơ bản liên quan đến các kháng thể IgE gắn vào chất gây dị ứng và sau đó dẫn đến việc giải phóng các hóa chất gây viêm như histamine từ dưỡng bào. Nó khiến các màng nhầy ở mũi, mắt và cổ họng bị viêm và ngứa khi chúng hoạt động để đẩy chất gây dị ứng ra ngoài. Chẩn đoán thường dựa trên sự kết hợp của các triệu chứng và xét nghiệm chích da hoặc xét nghiệm máu để tìm kháng thể IgE đặc hiệu với chất gây dị ứng. Tuy nhiên, những xét nghiệm này có thể cho kết quả dương tính giả. Các triệu chứng dị ứng giống với triệu chứng cảm lạnh thông thường; tuy nhiên, chúng thường kéo dài hơn hai tuần và mặc dù có tên thông thường nhưng chúng thường không gây sốt. Việc tiếp xúc với động vật sớm trong đời có thể làm giảm nguy cơ phát triển các bệnh dị ứng cụ thể này. Một số loại thuốc khác nhau làm giảm các triệu chứng dị ứng, bao gồm steroid dạng xịt mũi, thuốc kháng histamine dạng xịt trong mũi như olopatadine hoặc azelastine, thuốc kháng histamine đường uống thế hệ 2 như loratadine, desloratadine, cetirizine hoặc fexofenadine; chất ổn định tế bào mast cromolyn natri và chất đối kháng thụ thể leukotriene như montelukast. Thông thường, thuốc không kiểm soát hoàn toàn các triệu chứng và chúng cũng có thể có tác dụng phụ. Cho mọi người tiếp xúc với lượng chất gây dị ứng ngày càng lớn hơn, được gọi là liệu pháp miễn dịch chất gây dị ứng, thường có hiệu quả và được sử dụng khi các phương pháp điều trị đầu tiên không kiểm soát được các triệu chứng. Chất gây dị ứng có thể được tiêm dưới da hoặc dưới dạng viên dưới lưỡi. Việc điều trị thường kéo dài từ 3 đến 5 năm, sau đó lợi ích có thể được kéo dài. Viêm mũi dị ứng là loại dị ứng ảnh hưởng đến nhiều người nhất. Ở các nước phương Tây, có khoảng 10 đến 30% người dân bị ảnh hưởng trong một năm nhất định. Nó phổ biến nhất ở độ tuổi từ hai mươi đến bốn mươi. Mô tả chính xác đầu tiên là của bác sĩ thế kỷ thứ 10 Abu Bakr al-Razi. Năm 1859, Charles Blackley xác định phấn hoa là nguyên nhân. Năm 1906, cơ chế này được xác định bởi Clemens von Pirquet. Mối liên hệ với cỏ khô xuất hiện do một lý thuyết ban đầu (và không chính xác) cho rằng các triệu chứng là do mùi cỏ khô mới gây ra.	https://en.wikipedia.org/wiki/Allergic_rhinitis
DOID:4606	ung thư ống mật	Cholangiocarcinoma	Ung thư đường mật, còn được gọi là ung thư ống mật, là một loại ung thư hình thành trong ống mật. Các triệu chứng của ung thư đường mật có thể bao gồm đau bụng, da vàng, sụt cân, ngứa toàn thân và sốt. Phân có màu sáng hoặc nước tiểu sẫm màu cũng có thể xảy ra. Các bệnh ung thư đường mật khác bao gồm ung thư túi mật và ung thư bóng Vater. Các yếu tố nguy cơ gây ung thư đường mật bao gồm viêm đường mật xơ cứng nguyên phát (một bệnh viêm đường mật), viêm loét đại tràng, xơ gan, viêm gan C, viêm gan B, nhiễm sán lá gan và một số dị tật gan bẩm sinh. Hầu hết mọi người không có yếu tố nguy cơ có thể xác định được. Chẩn đoán được nghi ngờ dựa trên sự kết hợp của xét nghiệm máu, hình ảnh y tế, nội soi và đôi khi là phẫu thuật thăm dò. Bệnh được xác nhận bằng cách kiểm tra các tế bào từ khối u dưới kính hiển vi. Nó thường là ung thư biểu mô tuyến (một loại ung thư hình thành các tuyến hoặc tiết ra chất nhầy). Ung thư đường mật thường không thể chữa được khi chẩn đoán, đó là lý do tại sao việc phát hiện sớm là lý tưởng. Trong những trường hợp này, phương pháp điều trị giảm nhẹ có thể bao gồm phẫu thuật cắt bỏ, hóa trị, xạ trị và đặt stent. Trong khoảng một phần ba số trường hợp liên quan đến ống mật chủ và ít gặp hơn ở các vị trí khác, khối u có thể được cắt bỏ hoàn toàn bằng phẫu thuật, mang lại cơ hội chữa khỏi. Ngay cả khi phẫu thuật cắt bỏ thành công, hóa trị và xạ trị thường được khuyến khích. Trong một số trường hợp, phẫu thuật có thể bao gồm ghép gan. Ngay cả khi phẫu thuật thành công, xác suất sống sót sau 5 năm thường dưới 50%. Ung thư đường mật rất hiếm ở thế giới phương Tây, với ước tính xảy ra ở 0,5–2 người trên 100.000 người mỗi năm. Tỷ lệ này cao hơn ở Đông Nam Á, nơi sán lá gan phổ biến. Tỷ lệ ở các vùng của Thái Lan là 60 trên 100.000 mỗi năm. Nó thường xảy ra ở những người ở độ tuổi 70 và ở độ tuổi 40 đối với những người bị viêm đường mật xơ cứng nguyên phát. Tỷ lệ ung thư đường mật trong gan ở thế giới phương Tây đã tăng lên.	https://en.wikipedia.org/wiki/Cholangiocarcinoma
DOID:4989	viêm tụy	Pancreatitis	Viêm tụy là một tình trạng đặc trưng bởi tình trạng viêm tuyến tụy. Tuyến tụy là một cơ quan lớn phía sau dạ dày sản xuất các enzyme tiêu hóa và một số hormone. Có hai loại chính là viêm tụy cấp và viêm tụy mãn tính. Các dấu hiệu và triệu chứng của viêm tụy bao gồm đau vùng bụng trên, buồn nôn và nôn. Cơn đau thường lan vào lưng và thường dữ dội. Trong viêm tụy cấp, có thể sốt; các triệu chứng thường hết sau vài ngày. Trong viêm tụy mãn tính, có thể xảy ra sụt cân, phân béo và tiêu chảy. Các biến chứng có thể bao gồm nhiễm trùng, chảy máu, đái tháo đường hoặc các vấn đề với các cơ quan khác. Hai nguyên nhân phổ biến nhất của viêm tụy cấp là sỏi mật làm tắc ống mật chung sau khi ống tụy đã nối; và sử dụng rượu nặng. Các nguyên nhân khác bao gồm chấn thương trực tiếp, một số loại thuốc, nhiễm trùng như quai bị và khối u. Viêm tụy mãn tính có thể phát triển do viêm tụy cấp. Nguyên nhân phổ biến nhất là do sử dụng rượu nặng trong nhiều năm. Các nguyên nhân khác bao gồm lượng mỡ trong máu cao, lượng canxi trong máu cao, một số loại thuốc và một số rối loạn di truyền nhất định, chẳng hạn như bệnh xơ nang, cùng nhiều nguyên nhân khác. Hút thuốc làm tăng nguy cơ viêm tụy cấp và mãn tính. Chẩn đoán viêm tụy cấp dựa trên sự gia tăng gấp ba lần lượng amylase hoặc lipase trong máu. Trong viêm tụy mãn tính, các xét nghiệm này có thể bình thường. Hình ảnh y tế như siêu âm và chụp CT cũng có thể hữu ích. Viêm tụy cấp thường được điều trị bằng dịch truyền tĩnh mạch, thuốc giảm đau và đôi khi dùng kháng sinh. Đối với những bệnh nhân bị viêm tụy nặng không thể dung nạp thức ăn bằng đường miệng bình thường, một ống thông mũi dạ dày sẽ được đặt vào dạ dày. Một thủ tục được gọi là nội soi mật tụy ngược dòng (ERCP) có thể được thực hiện để kiểm tra ống mật chung ở xa và loại bỏ sỏi mật nếu có. Ở những người bị sỏi mật, túi mật cũng thường bị cắt bỏ. Trong viêm tụy mãn tính, ngoài các biện pháp trên, có thể sử dụng phương pháp cho ăn tạm thời qua ống thông mũi dạ dày để cung cấp đầy đủ dinh dưỡng. Có thể cần phải thay đổi chế độ ăn uống lâu dài và thay thế enzyme tuyến tụy. Đôi khi, phẫu thuật được thực hiện để cắt bỏ các phần của tuyến tụy. Trên toàn cầu, năm 2015 có khoảng 8,9 triệu trường hợp viêm tụy xảy ra. Điều này dẫn đến 132.700 ca tử vong, tăng từ 83.000 ca tử vong vào năm 1990. Viêm tụy cấp xảy ra ở khoảng 30 trên 100.000 người mỗi năm. Các trường hợp viêm tụy mãn tính mới phát triển ở khoảng 8 trên 100.000 người mỗi năm và hiện ảnh hưởng đến khoảng 50 trên 100.000 người ở Hoa Kỳ. Nó phổ biến ở nam giới hơn phụ nữ. Viêm tụy mãn tính thường bắt đầu ở độ tuổi từ 30 đến 40 và hiếm gặp ở trẻ em. Viêm tụy cấp được mô tả lần đầu tiên trên khám nghiệm tử thi vào năm 1882, trong khi viêm tụy mãn tính được mô tả lần đầu tiên vào năm 1946.	https://en.wikipedia.org/wiki/Pancreatitis
DOID:5041	ung thư thực quản	Esophageal cancer	"Ung thư thực quản (tiếng Anh Mỹ) hoặc ung thư thực quản (tiếng Anh Anh) là bệnh ung thư phát sinh từ thực quản—ống dẫn thức ăn chạy giữa cổ họng và dạ dày. Các triệu chứng thường bao gồm khó nuốt và giảm cân. Các triệu chứng khác có thể bao gồm đau khi nuốt, khàn giọng, nổi hạch (""tuyến"") quanh xương đòn, ho khan và có thể ho hoặc nôn ra máu. Hai loại bệnh chính là ung thư biểu mô tế bào vảy thực quản (thường được viết tắt là ESCC), phổ biến hơn ở các nước đang phát triển và ung thư biểu mô tuyến thực quản (EAC), phổ biến hơn ở các nước phát triển. Một số loại ít phổ biến hơn cũng xảy ra. Ung thư biểu mô tế bào vảy phát sinh từ các tế bào biểu mô lót thực quản. Ung thư biểu mô tuyến phát sinh từ các tế bào tuyến hiện diện ở phần dưới của thực quản, thường là nơi chúng đã chuyển thành loại tế bào ruột (một tình trạng được gọi là thực quản Barrett). Nguyên nhân của loại tế bào vảy bao gồm thuốc lá, rượu, đồ uống quá nóng, chế độ ăn uống kém và nhai trầu. Nguyên nhân phổ biến nhất của loại ung thư biểu mô tuyến là hút thuốc lá, béo phì và trào ngược axit. Ngoài ra, đối với những bệnh nhân mắc bệnh achalasia, bệnh nấm candida (sự phát triển quá mức của thực quản với nấm candida) là yếu tố nguy cơ quan trọng nhất. Bệnh được chẩn đoán bằng sinh thiết được thực hiện bằng máy nội soi (máy ảnh sợi quang). Phòng ngừa bao gồm ngừng hút thuốc và ăn một chế độ ăn uống lành mạnh. Việc điều trị dựa trên giai đoạn và vị trí của ung thư, cùng với tình trạng chung của người bệnh và sở thích cá nhân. Ung thư tế bào vảy nhỏ khu trú có thể được điều trị bằng phẫu thuật đơn thuần với hy vọng khỏi bệnh. Trong hầu hết các trường hợp khác, hóa trị có hoặc không có xạ trị được sử dụng cùng với phẫu thuật. Các khối u lớn hơn có thể bị chậm phát triển bằng hóa trị và xạ trị. Khi bệnh lan rộng hoặc nếu người bị ảnh hưởng không đủ sức khỏe để phẫu thuật, chăm sóc giảm nhẹ thường được khuyến khích. Tính đến năm 2018, ung thư thực quản là loại ung thư phổ biến thứ tám trên toàn cầu với 572.000 ca mắc mới trong năm. Nó gây ra khoảng 509.000 ca tử vong trong năm đó, tăng từ 345.000 ca vào năm 1990. Tỷ lệ rất khác nhau giữa các quốc gia, với khoảng một nửa số trường hợp xảy ra ở Trung Quốc. Nó phổ biến hơn ở nam giới khoảng ba lần so với phụ nữ. Kết quả có liên quan đến mức độ của bệnh và các tình trạng bệnh lý khác, nhưng nhìn chung có xu hướng khá kém vì chẩn đoán thường muộn. Tỷ lệ sống sót sau 5 năm ở Hoa Kỳ là khoảng 22% (2016–2022)."	https://en.wikipedia.org/wiki/Esophageal_cancer
DOID:5099	ung thư tai giữa		Không tìm thấy mô tả.	
DOID:5408	Bệnh Paget xương	Paget's disease of bone	Bệnh Paget xương (thường được gọi là bệnh Paget hoặc viêm xương biến dạng) là một tình trạng liên quan đến việc tái cấu trúc tế bào và biến dạng của một hoặc nhiều xương. Các xương bị ảnh hưởng có dấu hiệu rối loạn điều hòa quá trình tái tạo xương ở cấp độ vi mô, đặc biệt là tình trạng gãy xương quá mức và sau đó là quá trình hình thành xương mới vô tổ chức. Những thay đổi về cấu trúc này khiến xương yếu đi, có thể dẫn đến biến dạng, đau, gãy xương hoặc viêm khớp ở các khớp liên quan. Nguyên nhân chính xác vẫn chưa được biết, mặc dù các lý thuyết hàng đầu cho thấy cả yếu tố di truyền và yếu tố mắc phải (xem Nguyên nhân). Bệnh Paget có thể ảnh hưởng đến bất kỳ một hoặc nhiều xương của cơ thể (phổ biến nhất là xương chậu, xương chày, xương đùi, đốt sống thắt lưng và hộp sọ), nhưng không bao giờ ảnh hưởng đến toàn bộ bộ xương và không lan từ xương này sang xương khác. Hiếm khi xương bị ảnh hưởng bởi bệnh Paget có thể chuyển thành ung thư xương ác tính. Vì căn bệnh này thường ảnh hưởng đến mỗi người một cách khác nhau nên các phương pháp điều trị bệnh Paget có thể khác nhau. Mặc dù không có cách chữa khỏi bệnh Paget nhưng thuốc (bisphosphonates và calcitonin) có thể giúp kiểm soát chứng rối loạn và giảm đau cũng như các triệu chứng khác. Thuốc thường thành công trong việc kiểm soát rối loạn, đặc biệt khi được sử dụng trước khi các biến chứng bắt đầu. Bệnh Paget ảnh hưởng từ 1,5 đến 8,0% dân số và phổ biến nhất ở những người gốc Anh, tiếp theo là Bắc Âu và Bắc Mỹ. Nó chủ yếu được chẩn đoán ở người lớn tuổi và hiếm gặp ở những người dưới 55 tuổi. Đàn ông thường bị ảnh hưởng nhiều hơn phụ nữ (3:2). Căn bệnh này được đặt theo tên của bác sĩ phẫu thuật người Anh Sir James Paget, người đã mô tả nó vào năm 1877.	https://en.wikipedia.org/wiki/Paget%27s_disease_of_bone
DOID:5419	tâm thần phân liệt	Schizophrenia	Tâm thần phân liệt là một rối loạn tâm thần có đặc điểm khác nhau là ảo giác (thường là nghe thấy giọng nói), ảo tưởng, suy nghĩ hoặc hành vi vô tổ chức và cảm xúc không phù hợp hoặc phẳng lặng. Các triệu chứng phát triển dần dần và thường bắt đầu ở tuổi trưởng thành trẻ. Không có xét nghiệm chẩn đoán khách quan; chẩn đoán dựa trên hành vi được quan sát, tiền sử tâm thần bao gồm những trải nghiệm được báo cáo của người đó và báo cáo của những người khác quen thuộc với người đó. Để chẩn đoán chính thức, các triệu chứng được mô tả phải tồn tại ít nhất sáu tháng (theo DSM-5) hoặc một tháng (theo ICD-11). Nhiều người bị tâm thần phân liệt có các rối loạn tâm thần khác, đặc biệt là rối loạn tâm trạng, lo lắng và sử dụng chất kích thích cũng như rối loạn ám ảnh cưỡng chế (OCD). Tỷ lệ mắc bệnh tâm thần phân liệt suốt đời là khoảng 0,3% đến 0,7%. Năm 2017, ước tính có khoảng 1,1 triệu ca mắc mới và đến năm 2022, tổng số ca mắc bệnh trên toàn cầu là 24 triệu. Nam giới thường bị ảnh hưởng nhiều hơn và trung bình khởi phát sớm hơn nữ giới. Nguyên nhân gây tâm thần phân liệt có thể bao gồm các yếu tố di truyền và môi trường. Yếu tố di truyền bao gồm nhiều biến thể di truyền phổ biến và hiếm gặp. Các yếu tố môi trường có thể xảy ra bao gồm việc lớn lên ở thành phố, nghịch cảnh thời thơ ấu, sử dụng cần sa trong thời niên thiếu, nhiễm trùng, tuổi của cha hoặc mẹ và dinh dưỡng kém khi mang thai. Khoảng một nửa số người được chẩn đoán mắc bệnh tâm thần phân liệt sẽ có sự cải thiện rõ rệt về lâu dài mà không bị tái phát thêm nữa và một tỷ lệ nhỏ trong số này sẽ hồi phục hoàn toàn. Nửa còn lại sẽ bị suy yếu suốt đời. Trong trường hợp nghiêm trọng, mọi người có thể phải nhập viện. Các vấn đề xã hội như thất nghiệp dài hạn, nghèo đói, vô gia cư, bóc lột và trở thành nạn nhân thường có liên quan đến bệnh tâm thần phân liệt. So với dân số nói chung, những người mắc bệnh tâm thần phân liệt có tỷ lệ tự tử cao hơn (khoảng 5%) và gặp nhiều vấn đề về sức khỏe thể chất hơn, dẫn đến tuổi thọ trung bình giảm từ 20 đến 28 năm. Năm 2015, ước tính có khoảng 17.000 ca tử vong có liên quan đến bệnh tâm thần phân liệt. Phương pháp điều trị chính là dùng thuốc chống loạn thần, bao gồm olanzapine và risperidone, cùng với tư vấn, đào tạo nghề và phục hồi chức năng xã hội. Có tới một phần ba số người không đáp ứng với thuốc chống loạn thần ban đầu, trong trường hợp đó clozapine được cung cấp.  Hầu hết các thuốc chống loạn thần đều cải thiện các triệu chứng tâm thần phân liệt, trong đó clozapine có hiệu quả tổng thể cao nhất; tác dụng phụ khác nhau đáng kể và hướng dẫn lựa chọn điều trị. Trong những tình huống mà bác sĩ đánh giá rằng có nguy cơ gây tổn hại cho bản thân hoặc người khác, họ có thể áp dụng lệnh nhập viện không tự nguyện trong thời gian ngắn. Việc nhập viện dài hạn được áp dụng cho một số ít người bị tâm thần phân liệt nặng. Ở một số quốc gia nơi các dịch vụ hỗ trợ bị hạn chế hoặc không có sẵn, việc nằm viện dài hạn phổ biến hơn.	https://en.wikipedia.org/wiki/Schizophrenia
DOID:5559	ung thư trung thất		Không tìm thấy mô tả.	
DOID:5612	ung thư cột sống	Spinal tumor	Các khối u cột sống là những khối u nằm ở cột sống hoặc tủy sống. Có ba loại khối u cột sống chính được phân loại dựa trên vị trí của chúng: ngoài màng cứng và trong màng cứng (trong màng cứng-trong màng cứng và trong màng cứng-ngoài màng cứng). Các khối u ngoài màng cứng nằm bên ngoài màng cứng và thường di căn nhất. Các khối u trong màng cứng nằm bên trong màng cứng và được chia thành các khối u trong màng cứng và ngoài màng cứng. Các khối u trong màng cứng-trong tủy sống nằm trong màng cứng và nhu mô tủy sống, trong khi các khối u trong màng cứng-ngoài tủy nằm trong màng cứng nhưng bên ngoài nhu mô tủy sống. Triệu chứng phổ biến nhất của u cột sống là đau lưng về đêm. Các triệu chứng phổ biến khác bao gồm yếu cơ, mất cảm giác và đi lại khó khăn. Mất kiểm soát ruột và bàng quang có thể xảy ra trong giai đoạn sau của bệnh. Nguyên nhân của khối u cột sống là không rõ. Hầu hết các khối u ngoài màng cứng thường di căn từ ung thư vú, tuyến tiền liệt, phổi và thận. Có nhiều yếu tố di truyền liên quan đến khối u trong màng cứng, phổ biến nhất là bệnh u xơ thần kinh 1 (NF1), bệnh u xơ thần kinh 2 (NF2) và hội chứng Von Hippel–Lindau (VHL). Loại u trong màng cứng-ngoài tủy phổ biến nhất là u màng não và u vỏ thần kinh. Loại khối u trong màng cứng-trong tủy phổ biến nhất là u màng não thất và u tế bào hình sao. Chẩn đoán bao gồm đánh giá y tế đầy đủ, sau đó là chụp ảnh bằng CT hoặc MRI. Sinh thiết có thể được thực hiện trong một số trường hợp nhất định để phân loại tổn thương nếu chẩn đoán không chắc chắn. Điều trị thường bao gồm sự kết hợp của phẫu thuật, xạ trị và hóa trị. Quan sát bằng hình ảnh tiếp theo có thể là một lựa chọn cho các tổn thương nhỏ, lành tính. Steroid cũng có thể được dùng trước khi phẫu thuật trong trường hợp dây rốn bị chèn ép đáng kể. Kết quả phụ thuộc vào một số yếu tố bao gồm khối u lành tính hay ác tính, nguyên phát hay di căn và vị trí của khối u. Điều trị thường mang tính tạm thời đối với phần lớn các khối u di căn.	https://en.wikipedia.org/wiki/Spinal_tumor
DOID:585	bệnh sỏi thận	Kidney stone disease	"Bệnh sỏi thận hay bệnh sỏi tiết niệu là bệnh lý tinh thể xảy ra khi có quá nhiều khoáng chất trong nước tiểu và không đủ chất lỏng hoặc nước. Sự mất cân bằng này làm cho các tinh thể nhỏ tập hợp lại và tạo thành khối cứng, hoặc sỏi (sỏi), ở đường tiết niệu trên. Vì sỏi thận thường hình thành ở thận nên nếu đủ nhỏ, chúng có thể thoát ra khỏi đường tiết niệu qua dòng nước tiểu. Một phép tính nhỏ có thể trôi qua mà không gây ra bất kỳ triệu chứng nào. Tuy nhiên, nếu sỏi phát triển đến hơn 5 mm (0,2 inch), nó có thể gây tắc nghẽn niệu quản, dẫn đến đau dữ dội và dữ dội (cơn đau quặn thận) ở vùng lưng dưới thường lan xuống háng. Sỏi thận cũng có thể dẫn đến tiểu ra máu, nôn mửa (do đau dữ dội), sưng thận hoặc đi tiểu đau. Khoảng một nửa số người bị sỏi thận có khả năng phát triển bệnh khác trong vòng mười năm. Renal trong tiếng Latin có nghĩa là ""thận"", trong khi nephro là từ tương đương trong tiếng Hy Lạp. Litva (tiếng Hy Lạp) và phép tính (tiếng Latin; phép tính số nhiều) đều có nghĩa là đá. Do đó, sỏi thận đôi khi được gọi là sỏi thận hoặc sỏi thận và tình trạng này có thể được gọi là sỏi thận. Hầu hết sỏi hình thành do sự kết hợp của yếu tố di truyền và môi trường. Các yếu tố nguy cơ bao gồm nồng độ canxi trong nước tiểu cao, béo phì, một số loại thực phẩm, một số loại thuốc, chất bổ sung canxi, bệnh gút, cường cận giáp và không uống đủ nước. Sỏi hình thành ở thận khi khoáng chất trong nước tiểu ở nồng độ cao. Chẩn đoán thường dựa trên các triệu chứng, xét nghiệm nước tiểu và hình ảnh y tế. Xét nghiệm máu cũng có thể hữu ích. Sỏi thường được phân loại theo vị trí của chúng, về mặt y học gọi là sỏi thận (ở thận), sỏi niệu quản (ở niệu quản) hoặc sỏi bàng quang (trong bàng quang). Sỏi cũng được phân loại theo thành phần cấu tạo của chúng, chẳng hạn như canxi oxalate, axit uric, struvite hoặc Cystine. Ở những người đã bị sỏi thận, uống nhiều nước, đặc biệt là nước lọc là cách để phòng ngừa. Nên uống chất lỏng sao cho hơn hai lít nước tiểu được sản xuất mỗi ngày. Nếu chỉ uống nước không hiệu quả, có thể đề xuất các loại thuốc như thuốc lợi tiểu thiazide, citrate hoặc allopurinol. Nên tránh nước ngọt có chứa axit photphoric (thường là cola). Khi sỏi không gây ra triệu chứng thì không cần điều trị. Đối với những người có triệu chứng, kiểm soát cơn đau thường là biện pháp đầu tiên, sử dụng các loại thuốc như thuốc chống viêm không steroid hoặc opioid. Sỏi lớn hơn có thể được điều trị bằng thuốc tamsulosin hoặc có thể yêu cầu các thủ tục để loại bỏ như liệu pháp sóng xung kích ngoại bào (ESWT), tán sỏi bằng laser (LL) hoặc phẫu thuật lấy sỏi thận qua da (PCNL). Sỏi thận đã ảnh hưởng đến con người trong suốt lịch sử, với những mô tả về phẫu thuật để loại bỏ chúng có từ đầu năm 600 trước Công nguyên ở Ấn Độ cổ đại bởi Sushruta. Từ 1% đến 15% số người trên toàn cầu bị ảnh hưởng bởi sỏi thận vào một thời điểm nào đó trong đời. Năm 2015, có khoảng 22,1 triệu ca mắc bệnh, khiến khoảng 16.100 ca tử vong. Chúng đã trở nên phổ biến hơn ở thế giới phương Tây kể từ những năm 1970. Nhìn chung, nam giới mắc bệnh nhiều hơn nữ giới, chủ yếu ở độ tuổi từ 40 đến 60. Tỷ lệ lưu hành và tỷ lệ mắc bệnh tiếp tục gia tăng trên toàn thế giới."	https://en.wikipedia.org/wiki/Kidney_stone_disease
DOID:5875	ung thư sau phúc mạc		Không tìm thấy mô tả.	
DOID:594	rối loạn hoảng sợ	Panic disorder	Rối loạn hoảng sợ là một chứng rối loạn lo âu đặc trưng bởi các cơn hoảng loạn bất ngờ tái diễn. Cơn hoảng loạn là những giai đoạn sợ hãi mãnh liệt đột ngột, có thể bao gồm đánh trống ngực, đổ mồ hôi, run rẩy, khó thở, tê liệt hoặc cảm giác sắp chết. Mức độ tối đa của các triệu chứng xảy ra trong vòng vài phút. Có thể có những lo lắng đang diễn ra về việc có thêm các cuộc tấn công và tránh những nơi đã xảy ra các cuộc tấn công trong quá khứ. Nguyên nhân chính xác của chứng rối loạn hoảng sợ vẫn chưa được hiểu đầy đủ; tuy nhiên, có một số yếu tố liên quan đến chứng rối loạn này, chẳng hạn như một sự kiện căng thẳng hoặc chấn thương trong cuộc sống, có những thành viên thân thiết trong gia đình mắc chứng rối loạn này và sự mất cân bằng của các chất dẫn truyền thần kinh. Chẩn đoán bao gồm việc loại trừ các nguyên nhân tiềm ẩn khác gây lo âu bao gồm các rối loạn tâm thần khác, các tình trạng bệnh lý như bệnh tim hoặc cường giáp và sử dụng ma túy. Việc sàng lọc tình trạng này có thể được thực hiện bằng cách sử dụng bảng câu hỏi. Rối loạn hoảng sợ thường được điều trị bằng tư vấn và dùng thuốc. Loại tư vấn được sử dụng thường là liệu pháp hành vi nhận thức (CBT), có hiệu quả ở hơn một nửa số người. Các loại thuốc được sử dụng bao gồm thuốc chống trầm cảm, thuốc benzodiazepin và thuốc chẹn beta. Sau khi ngừng điều trị, có tới 30% số người bị tái phát. Rối loạn hoảng sợ ảnh hưởng đến khoảng 2,5% số người tại một thời điểm nào đó trong cuộc đời họ. Nó thường bắt đầu ở tuổi thiếu niên hoặc tuổi trưởng thành sớm, nhưng có thể ảnh hưởng đến mọi người ở mọi lứa tuổi. Nó ít phổ biến hơn ở trẻ em và người già. Phụ nữ có nhiều khả năng mắc chứng rối loạn hoảng sợ hơn nam giới.	https://en.wikipedia.org/wiki/Panic_disorder
DOID:635	hội chứng suy giảm miễn dịch mắc phải	HIV/AIDS	"Virus gây suy giảm miễn dịch ở người (HIV) là một loại retrovirus tấn công hệ thống miễn dịch. Nếu không điều trị, nó có thể dẫn đến một loạt các tình trạng bao gồm hội chứng suy giảm miễn dịch mắc phải (AIDS). Đó là một căn bệnh có thể phòng ngừa được. Nó có thể được kiểm soát bằng cách điều trị và trở thành một tình trạng sức khỏe mãn tính có thể kiểm soát được. Mặc dù không có cách chữa trị hoặc vắc-xin cho HIV, nhưng điều trị bằng thuốc kháng vi-rút có thể làm chậm quá trình bệnh và nếu được sử dụng trước khi bệnh tiến triển đáng kể, có thể kéo dài tuổi thọ của người nhiễm HIV lên mức gần như tiêu chuẩn. Một người nhiễm HIV đang được điều trị có thể mong muốn sống một cuộc sống bình thường và chết vì virus chứ không phải vì nó. Điều trị hiệu quả cho người nhiễm HIV (người nhiễm HIV) bao gồm phác đồ dùng thuốc suốt đời để ức chế vi-rút, làm cho tải lượng vi-rút không thể phát hiện được.  Xét nghiệm sớm có thể cho biết liệu có cần điều trị để ngăn chặn sự tiến triển và ngăn ngừa lây nhiễm cho người khác hay không. Điều trị được khuyến cáo ngay khi chẩn đoán được thực hiện. Một người dương tính với HIV có tải lượng virus không thể phát hiện được nhờ điều trị lâu dài sẽ không có nguy cơ lây truyền HIV qua đường tình dục. Các chiến dịch của UNAIDS và các tổ chức khác trên thế giới đã truyền đạt điều này là Không thể phát hiện được = Không thể truyền được.  Nếu không điều trị, nhiễm trùng có thể cản trở hệ thống miễn dịch và cuối cùng tiến triển thành AIDS, đôi khi mất nhiều năm. Sau lần nhiễm trùng đầu tiên, một cá nhân có thể không nhận thấy bất kỳ triệu chứng nào hoặc có thể trải qua một thời gian ngắn bị bệnh giống cúm. Trong thời gian này, người bệnh có thể không biết mình nhiễm HIV nhưng vẫn có khả năng truyền virut. Thông thường, sau giai đoạn này là thời gian ủ bệnh kéo dài mà không có triệu chứng. Cuối cùng, nhiễm HIV làm tăng nguy cơ phát triển các bệnh nhiễm trùng khác như bệnh lao, cũng như các bệnh nhiễm trùng cơ hội khác và các khối u hiếm gặp ở những người có chức năng miễn dịch bình thường. Giai đoạn muộn cũng thường liên quan đến tình trạng giảm cân ngoài ý muốn. Nếu không điều trị, tuổi thọ của người nhiễm HIV là khoảng 11 năm.  HIV lây lan chủ yếu qua quan hệ tình dục không an toàn (bao gồm quan hệ tình dục qua đường hậu môn, miệng và âm đạo), kim tiêm dưới da hoặc truyền máu bị ô nhiễm và từ mẹ sang con trong khi mang thai, sinh nở hoặc cho con bú. Một số chất dịch cơ thể, chẳng hạn như nước bọt, mồ hôi và nước mắt, không truyền vi-rút. Quan hệ tình dục bằng miệng ít có nguy cơ lây truyền virus. Các cách để tránh nhiễm HIV và ngăn ngừa lây lan bao gồm quan hệ tình dục an toàn, điều trị ngăn ngừa nhiễm trùng (""PrEP""), điều trị để ngăn chặn nhiễm trùng ở người mới phơi nhiễm (""PEP""), điều trị cho những người bị nhiễm bệnh và các chương trình trao đổi kim tiêm. Bệnh ở trẻ thường có thể được ngăn ngừa bằng cách cho cả mẹ và con dùng thuốc kháng vi-rút. Được công nhận trên toàn thế giới vào đầu những năm 1980, HIV/AIDS đã có tác động lớn đến xã hội, vừa là một căn bệnh vừa là nguồn gốc của sự phân biệt đối xử. Dịch bệnh còn có tác động lớn về mặt kinh tế. Có nhiều quan niệm sai lầm về HIV/AIDS, chẳng hạn như niềm tin rằng nó có thể lây truyền qua quan hệ tình dục thông thường. Căn bệnh này đã trở thành chủ đề gây ra nhiều tranh cãi liên quan đến tôn giáo, bao gồm cả quan điểm của Giáo hội Công giáo là không ủng hộ việc sử dụng bao cao su để phòng ngừa. Nó đã thu hút sự chú ý của y tế và chính trị quốc tế cũng như nguồn tài trợ quy mô lớn kể từ khi được xác định vào những năm 1980. HIV đã lây từ các loài linh trưởng khác sang người ở phía Tây Trung Phi vào đầu đến giữa thế kỷ 20. AIDS lần đầu tiên được Trung tâm Kiểm soát và Phòng ngừa Dịch bệnh Hoa Kỳ (CDC) công nhận vào năm 1981 và nguyên nhân của nó - nhiễm HIV - đã được xác định vào đầu thập kỷ này. Từ lần đầu tiên bệnh AIDS được xác định dễ dàng cho đến năm 2024, căn bệnh này ước tính đã gây ra ít nhất 42,3 triệu ca tử vong trên toàn thế giới. Vào năm 2025, có 1,2 triệu người nhiễm HIV và ước tính có khoảng 40,9 triệu người trên toàn thế giới đang sống chung với HIV. HIV/AIDS được coi là một đại dịch—một đợt bùng phát dịch bệnh hiện diện trên một khu vực rộng lớn và đang lan rộng mạnh mẽ. Viện Y tế Quốc gia Hoa Kỳ (NIH) và Quỹ Gates đã cam kết chi 200 triệu USD tập trung vào việc phát triển phương pháp chữa trị bệnh AIDS trên toàn cầu."	https://en.wikipedia.org/wiki/HIV/AIDS
DOID:6364	chứng đau nửa đầu	Migraine	Chứng đau nửa đầu là một chứng rối loạn thần kinh gây đau đầu từ trung bình đến nặng. Cơn đau thường ảnh hưởng đến một bên đầu, nhưng có thể ảnh hưởng đến cả hai. Nó thường liên quan đến buồn nôn, nhạy cảm với ánh sáng và nhạy cảm với âm thanh. Các triệu chứng khác có thể bao gồm chóng mặt, nôn mửa và khó suy nghĩ. Trong một số trường hợp, cơn đau nửa đầu bắt đầu bằng một giai đoạn rối loạn cảm giác được gọi là hào quang. Một số người thỉnh thoảng gặp phải các cơn đau nửa đầu, trong khi những người khác lại bị chứng đau nửa đầu mãn tính với những cơn đau đầu thường xuyên. Tần suất đau nửa đầu có thể tăng theo thời gian. Trong một số trường hợp, việc sử dụng thuốc giảm đau thường xuyên có thể làm cho chứng đau nửa đầu trở nên trầm trọng hơn và dẫn đến đau đầu do lạm dụng thuốc. Các cuộc tấn công có nhiều khả năng xảy ra hơn khi có những thay đổi xảy ra trong thói quen hàng ngày của một người. Những tác nhân này có thể bao gồm thiếu ngủ, giấc ngủ bị gián đoạn, bỏ bữa và dao động nội tiết tố. Chứng đau nửa đầu được cho là kết quả của sự kết hợp của các yếu tố di truyền, môi trường và thần kinh ảnh hưởng đến hoạt động của các tế bào thần kinh và tín hiệu hóa học trong não. Các cơn đau nửa đầu được cho là xảy ra khi não vượt quá ngưỡng nhạy cảm của một cá nhân.  Các cuộc tấn công đau nửa đầu có nhiều giai đoạn. Giai đoạn đầu của cơn đau nửa đầu có thể bắt đầu 48 giờ trước giai đoạn đau đầu chính và có thể gây ra các triệu chứng cảnh báo sớm. Giai đoạn đau tiếp theo của cơn đau nửa đầu có thể liên quan đến hoạt động gia tăng trong đường dẫn truyền cảm giác đau của não, với lưu lượng máu tăng cao và truyền tín hiệu đau. Kiểm soát chứng đau nửa đầu bao gồm thay đổi lối sống để xác định và quản lý các tác nhân có thể xảy ra, đồng thời bao gồm quản lý căng thẳng, cải thiện thói quen ngủ, ăn uống thường xuyên và tập thể dục. Điều trị các cơn cấp tính từ nhẹ đến trung bình bắt đầu bằng thuốc giảm đau không kê đơn như ibuprofen và acetaminophen. Triptan được khuyến cáo sử dụng như liệu pháp đầu tay cho các cơn bệnh từ trung bình đến nặng. Gepants cũng có hiệu quả và được sử dụng khi triptan không hiệu quả hoặc không phù hợp. Thuốc chống buồn nôn được sử dụng cho chứng buồn nôn liên quan đến chứng đau nửa đầu. Một số loại thuốc có thể giúp ngăn ngừa chứng đau nửa đầu. Những loại thuốc phòng ngừa này bao gồm thuốc gepants, thuốc chẹn beta, thuốc chống co giật và một số thuốc chống trầm cảm. Thuốc phiện không nên được kê đơn thường xuyên cho chứng đau nửa đầu.  Khoảng 14% (1,16 tỷ) người trên toàn thế giới bị ảnh hưởng bởi chứng đau nửa đầu, khiến nó trở thành tình trạng tàn tật thứ ba ảnh hưởng đến hệ thần kinh và là một trong những nguyên nhân phổ biến nhất gây ra tình trạng khuyết tật. Phụ nữ bị chứng đau nửa đầu nhiều hơn và kéo dài hơn nam giới và tỷ lệ khuyết tật cao hơn liên quan đến chứng đau nửa đầu bắt đầu ở tuổi dậy thì. Chứng đau nửa đầu thường bắt đầu xảy ra sau kỳ kinh nguyệt đầu tiên, tần suất tăng dần theo thời gian, đạt đỉnh điểm ở thời kỳ tiền mãn kinh và có xu hướng giảm dần sau thời kỳ mãn kinh. Từ 30 đến 50 tuổi, số phụ nữ bị chứng đau nửa đầu nhiều gấp 4 lần so với nam giới.	https://en.wikipedia.org/wiki/Migraine
DOID:7147	viêm cột sống dính khớp	Ankylosing spondylitis	Viêm cột sống dính khớp (AS) là một loại viêm khớp thuộc phổ bệnh của viêm cột sống dính khớp trục. Thuật ngữ này xuất phát từ tiếng Hy Lạp ankylos có nghĩa là quanh co, cong hoặc tròn, spondylos có nghĩa là đốt sống và -itis có nghĩa là viêm. Nó được đặc trưng bởi tình trạng viêm lâu dài ở các khớp cột sống, điển hình là nơi cột sống nối với xương chậu. Đau lưng dưới là dấu hiệu đặc trưng, ​​​​nhưng các vấn đề về mắt, đường tiêu hóa và viêm khớp ở các khớp khác cũng có thể xảy ra. Khả năng vận động của khớp ở vùng bị ảnh hưởng thường xấu đi theo thời gian, mặc dù mức độ tiến triển của các triệu chứng thay đổi đáng kể. Viêm cột sống dính khớp được cho là có sự kết hợp của các yếu tố di truyền và môi trường. Hơn 90% số người bị ảnh hưởng ở Anh có kháng nguyên bạch cầu cụ thể ở người được gọi là kháng nguyên HLA-B27, mặc dù mối tương quan di truyền khác nhau giữa các quần thể (ví dụ: chỉ 70% bệnh nhân AS ở Thổ Nhĩ Kỳ là dương tính với HLA-B27). Cơ chế cơ bản được cho là tự miễn dịch hoặc tự viêm. Chẩn đoán dựa trên các triệu chứng với sự hỗ trợ từ hình ảnh y tế và xét nghiệm máu. AS là một loại bệnh khớp cột sống huyết thanh âm tính, có nghĩa là các xét nghiệm cho thấy không có sự hiện diện của kháng thể yếu tố dạng thấp (RF). Tính đến năm 2019, không có cách chữa trị AS. Phương pháp điều trị có thể bao gồm dùng thuốc, vật lý trị liệu và phẫu thuật. Điều trị bằng thuốc tập trung vào việc giảm đau và các triệu chứng khác của AS, cũng như ngăn chặn sự tiến triển của bệnh bằng cách chống lại các quá trình viêm lâu dài. Các loại thuốc thường được sử dụng bao gồm NSAID, thuốc ức chế TNF, thuốc đối kháng IL-17 và DMARD. Tiêm Glucocorticoid thường được sử dụng cho các đợt bùng phát cấp tính và cục bộ. Khoảng 0,1% đến 0,8% dân số bị ảnh hưởng, khởi phát thường xảy ra ở người trẻ tuổi. Trong khi nam giới và phụ nữ đều bị ảnh hưởng bởi AS như nhau, phụ nữ có nhiều khả năng bị viêm hơn là hợp nhất.	https://en.wikipedia.org/wiki/Ankylosing_spondylitis
DOID:7148	viêm khớp dạng thấp	Rheumatoid arthritis	Viêm khớp dạng thấp (RA) là một rối loạn tự miễn dịch lâu dài, chủ yếu ảnh hưởng đến khớp. Nó thường dẫn đến các khớp ấm, sưng và đau. Đau và cứng khớp thường trầm trọng hơn sau khi nghỉ ngơi. Thông thường nhất là cổ tay và bàn tay có liên quan, với các khớp giống nhau thường liên quan ở cả hai bên cơ thể. Bệnh cũng có thể ảnh hưởng đến các bộ phận khác của cơ thể, bao gồm da, mắt, phổi, tim, dây thần kinh và máu. Điều này có thể dẫn đến số lượng hồng cầu thấp, viêm quanh phổi, sốt, năng lượng thấp và viêm quanh tim. Thông thường, các triệu chứng xuất hiện dần dần trong vài tuần đến vài tháng. Nguyên nhân gây viêm khớp dạng thấp được cho là có sự kết hợp của các yếu tố di truyền và môi trường. Cơ chế cơ bản liên quan đến việc hệ thống miễn dịch của cơ thể tấn công các khớp. Điều này dẫn đến tình trạng viêm và dày lên của bao khớp. Nó cũng ảnh hưởng đến xương và sụn bên dưới. Việc chẩn đoán dựa trên các dấu hiệu và triệu chứng của một người. Chụp X-quang và xét nghiệm trong phòng thí nghiệm có thể hỗ trợ chẩn đoán hoặc loại trừ các bệnh khác có triệu chứng tương tự. Các bệnh khác có thể biểu hiện tương tự bao gồm bệnh lupus ban đỏ hệ thống, viêm khớp vẩy nến và đau cơ xơ hóa. Mục tiêu của việc điều trị là giảm đau, giảm viêm và cải thiện chức năng tổng thể của một người. Điều này có thể được hỗ trợ bằng cách cân bằng giữa nghỉ ngơi và tập thể dục, sử dụng nẹp và niềng răng hoặc sử dụng các thiết bị hỗ trợ. Thuốc giảm đau, steroid và NSAID thường được sử dụng để giảm triệu chứng. Thuốc chống thấp khớp tác dụng chậm (DMARD), chẳng hạn như hydroxychloroquine và methotrexate, có thể được sử dụng để cố gắng làm chậm sự tiến triển của bệnh. DMARD sinh học có thể được sử dụng khi bệnh không đáp ứng với các phương pháp điều trị khác. Tuy nhiên, chúng có thể có tỷ lệ tác dụng phụ cao hơn. Phẫu thuật để sửa chữa, thay thế hoặc nối khớp có thể giúp ích trong một số trường hợp. Tính đến năm 2020, bệnh viêm khớp dạng thấp ảnh hưởng đến khoảng 17,6 triệu người trên toàn cầu. Con số này chiếm 0,5–1% người trưởng thành ở các nước phát triển với khoảng 5 đến 50 trên 100.000 người mới mắc bệnh này mỗi năm. Bệnh khởi phát thường xuyên nhất ở tuổi trung niên và phụ nữ bị ảnh hưởng nhiều hơn nam giới 2,5 lần. Nó dẫn đến 38.300 ca tử vong vào năm 2020, tăng từ 28.000 ca tử vong vào năm 1990. Mô tả đầu tiên được công nhận về RA được thực hiện vào năm 1800 bởi Tiến sĩ Augustin Jacob Landré-Beauvais (1772–1840) ở Paris. Thuật ngữ viêm khớp dạng thấp dựa trên các từ tiếng Hy Lạp để chỉ các khớp bị chảy nước và bị viêm (từ tiếng Hy Lạp cổ ῥεῦμα (rheûma) 'dòng chảy', với bệnh viêm khớp có nguồn gốc từ arthr- (có nghĩa là 'khớp') và -itis (có nghĩa là 'viêm')).	https://en.wikipedia.org/wiki/Rheumatoid_arthritis
DOID:7693	chứng phình động mạch chủ bụng	Abdominal aortic aneurysm	Phình động mạch chủ bụng (AAA) là tình trạng động mạch chủ bụng phì đại cục bộ với đường kính lớn hơn 3 cm (1,2 in) hoặc lớn hơn 50% so với bình thường. AAA thường không gây ra triệu chứng nào, ngoại trừ khi bị vỡ. Thỉnh thoảng, đau bụng, lưng hoặc chân có thể xảy ra. Chứng phình động mạch lớn đôi khi có thể được cảm nhận bằng cách ấn vào bụng. Vỡ có thể dẫn đến đau bụng hoặc lưng, huyết áp thấp hoặc mất ý thức và thường dẫn đến tử vong. AAA xảy ra phổ biến nhất ở nam giới, những người trên 50 tuổi và những người có tiền sử gia đình mắc bệnh. Các yếu tố nguy cơ khác bao gồm hút thuốc, huyết áp cao và các bệnh về tim hoặc mạch máu khác. Các tình trạng di truyền có nguy cơ gia tăng bao gồm hội chứng Marfan và hội chứng Ehlers–Danlos. AAA là dạng phình động mạch chủ phổ biến nhất. Khoảng 85% xảy ra ở dưới thận, phần còn lại ở ngang hoặc trên thận. Tại Hoa Kỳ, việc sàng lọc bằng siêu âm bụng được khuyến khích cho nam giới từ 65 đến 75 tuổi có tiền sử hút thuốc. Tại Vương quốc Anh và Thụy Điển, nên sàng lọc tất cả nam giới trên 65 tuổi. Sau khi phát hiện chứng phình động mạch, các siêu âm tiếp theo thường được thực hiện thường xuyên vì chứng phình động mạch phát triển và theo dõi để xác định khi nào chứng phình động mạch đáp ứng ngưỡng để sửa chữa Kiêng hút thuốc lá là cách tốt nhất để ngăn ngừa bệnh. Các phương pháp phòng ngừa khác bao gồm điều trị huyết áp cao, điều trị cholesterol trong máu cao và tránh thừa cân. Phẫu thuật thường được khuyến nghị khi đường kính của AAA tăng lên >5,5 cm ở nam và >5,0 cm ở nữ. Các lý do khác để sửa chữa bao gồm các triệu chứng và kích thước tăng nhanh, được xác định là hơn một cm mỗi năm. Sửa chữa có thể bằng phẫu thuật mở hoặc sửa chữa chứng phình động mạch nội mạch (EVAR). So với phẫu thuật mở, EVAR có nguy cơ tử vong thấp hơn trong thời gian ngắn và thời gian nằm viện ngắn hơn, nhưng không phải lúc nào cũng là một lựa chọn. Dường như không có sự khác biệt về kết quả lâu dài giữa hai điều này. Các thủ tục lặp lại phổ biến hơn với EVAR. AAA ảnh hưởng đến 2–8% nam giới trên 65 tuổi. Chúng phổ biến hơn ở nam giới gấp 5 lần. Ở những người có chứng phình động mạch dưới 5,5 cm, nguy cơ vỡ trong năm tới là dưới 1%. Trong số những người bị phình động mạch từ 5,5 đến 7 cm, nguy cơ là khoảng 10%, trong khi đối với những người bị phình động mạch lớn hơn 7 cm thì nguy cơ là khoảng 33%. Tỷ lệ tử vong nếu vỡ là 85% đến 90%. Trên toàn cầu, chứng phình động mạch chủ dẫn đến 168.200 ca tử vong trong năm 2013, tăng từ 100.000 ca vào năm 1990. Tại Hoa Kỳ, AAA gây ra khoảng 10.000 đến 18.000 ca tử vong trong năm 2009.	https://en.wikipedia.org/wiki/Abdominal_aortic_aneurysm
DOID:784	suy thận mãn tính	Chronic kidney disease	Bệnh thận mãn tính (CKD) là một loại bệnh thận mãn tính, được xác định bởi sự hiện diện liên tục của chức năng thận bất thường và/hoặc cấu trúc thận bất thường. Để đáp ứng các tiêu chí về CKD, những bất thường phải tồn tại trong ít nhất ba tháng. Trong giai đoạn đầu của bệnh thận mạn, bệnh nhân thường không có triệu chứng nhưng có thể được chẩn đoán qua protein niệu. Ở giai đoạn sau, các triệu chứng có thể bao gồm sưng chân, cảm thấy mệt mỏi, nôn mửa, chán ăn và lú lẫn. Các biến chứng có thể liên quan đến rối loạn chức năng nội tiết tố của thận và bao gồm huyết áp cao (thường liên quan đến việc kích hoạt hệ thống renin-angiotensin), kháng insulin, bệnh về xương và thiếu máu. Ngoài ra, bệnh nhân CKD có biến chứng tim mạch gia tăng rõ rệt với nguy cơ tử vong và nhập viện cao hơn. Bệnh thận mạn có thể dẫn đến suy thận giai đoạn cuối cần phải chạy thận nhân tạo hoặc ghép thận. Nguyên nhân của bệnh thận mãn tính bao gồm tiểu đường, huyết áp cao, viêm cầu thận và bệnh thận đa nang. Các yếu tố nguy cơ bao gồm tiền sử gia đình mắc bệnh thận mãn tính. Chẩn đoán bằng xét nghiệm máu để đo mức lọc cầu thận ước tính (eGFR) và xét nghiệm nước tiểu để đo albumin. Siêu âm hoặc sinh thiết thận có thể được thực hiện để xác định nguyên nhân cơ bản. Một số hệ thống phân giai đoạn dựa trên mức độ nghiêm trọng đang được sử dụng. Nên kiểm tra những người có yếu tố rủi ro (tìm trường hợp). Phương pháp điều trị ban đầu có thể bao gồm thuốc hạ huyết áp, lượng đường trong máu và cholesterol. Thuốc ức chế men chuyển angiotensin (ACEIs) hoặc thuốc đối kháng thụ thể angiotensin II (ARB) nói chung là những thuốc hàng đầu để kiểm soát huyết áp, vì chúng làm chậm sự tiến triển của bệnh thận và nguy cơ mắc bệnh tim. Thuốc lợi tiểu quai có thể được sử dụng để kiểm soát phù nề và nếu cần để hạ huyết áp hơn nữa. Nên tránh dùng NSAID. Các biện pháp được khuyến nghị khác bao gồm duy trì hoạt động và “áp dụng chế độ ăn uống lành mạnh và đa dạng với mức tiêu thụ thực phẩm có nguồn gốc thực vật cao hơn so với thực phẩm có nguồn gốc động vật và tiêu thụ ít thực phẩm siêu chế biến hơn”. Chế độ ăn dựa trên thực vật là khả thi và có liên quan đến cải thiện kết quả trung gian và dấu ấn sinh học. Một ví dụ về chế độ ăn uống tổng quát, lành mạnh, phù hợp với những người bị bệnh thận mạn không cần hạn chế, đó là Hướng dẫn Ăn kiêng của Canada. Những người bị bệnh thận mạn cần hạn chế về chế độ ăn uống hoặc những người có vấn đề về dinh dưỡng cụ thể khác nên được giới thiệu đến một chuyên gia dinh dưỡng. Phương pháp điều trị bệnh thiếu máu và bệnh về xương cũng có thể được yêu cầu. Bệnh nặng cần phải chạy thận nhân tạo, lọc màng bụng hoặc ghép thận để sống sót. 8-16% dân số thế giới mắc bệnh thận mãn tính. Các ước tính khác cho thấy bệnh thận mãn tính ảnh hưởng đến 753 triệu người trên toàn cầu vào năm 2016 (417 triệu nữ và 336 triệu nam). Năm 2015, nó gây ra 1,2 triệu ca tử vong, tăng từ 409.000 vào năm 1990. Nguyên nhân gây ra số ca tử vong lớn nhất là huyết áp cao ở 550.000, tiếp theo là bệnh tiểu đường ở 418.000 và viêm cầu thận ở 238.000.	https://en.wikipedia.org/wiki/Chronic_kidney_disease
DOID:824	viêm nha chu	Periodontal disease	Bệnh nha chu, còn được gọi là bệnh nướu răng, là một tập hợp các tình trạng viêm ảnh hưởng đến các mô xung quanh răng. Ở giai đoạn đầu, được gọi là viêm nướu, nướu bị sưng, đỏ và có thể chảy máu. Nó được coi là nguyên nhân chính gây mất răng ở người lớn trên toàn thế giới. Ở dạng nghiêm trọng hơn, được gọi là viêm nha chu, nướu có thể bị tụt ra khỏi răng, xương có thể bị tiêu và răng có thể lung lay hoặc rụng. Chứng hôi miệng (hôi miệng) cũng có thể xảy ra. Bệnh nha chu thường phát sinh từ sự phát triển của màng sinh học mảng bám, nơi chứa các vi khuẩn có hại như Porphyromonas gingivalis và Treponema denticola. Những vi khuẩn này lây nhiễm vào mô nướu xung quanh răng, dẫn đến viêm nhiễm và nếu không được điều trị sẽ gây tổn thương tiến triển cho răng và mô nướu. Phân tích tổng hợp gần đây đã chỉ ra rằng thành phần của hệ vi sinh vật đường miệng và phản ứng của nó đối với bệnh nha chu là khác nhau giữa nam và nữ. Những khác biệt này đặc biệt đáng chú ý trong giai đoạn tiến triển của bệnh viêm nha chu, cho thấy các yếu tố đặc trưng về giới tính có thể ảnh hưởng đến tính nhạy cảm và sự tiến triển của bệnh. Các yếu tố làm tăng nguy cơ mắc bệnh bao gồm hút thuốc, tiểu đường, HIV/AIDS và hầu hết các bệnh tự miễn, tiền sử gia đình, nồng độ homocysteine ​​​​cao trong máu và một số loại thuốc. Chẩn đoán bằng cách kiểm tra mô nướu xung quanh răng bằng mắt và bằng đầu dò và chụp X-quang để tìm kiếm tình trạng mất xương quanh răng. Điều trị bao gồm vệ sinh răng miệng tốt và làm sạch răng chuyên nghiệp thường xuyên. Vệ sinh răng miệng được khuyến nghị bao gồm đánh răng và dùng chỉ nha khoa hàng ngày. Trong một số trường hợp nhất định, thuốc kháng sinh hoặc phẫu thuật nha khoa có thể được khuyến nghị. Các nghiên cứu lâm sàng chứng minh rằng việc bỏ hút thuốc và thay đổi chế độ ăn uống sẽ tăng cường sức khỏe nha chu. Trên toàn cầu, ước tính có 538 triệu người bị ảnh hưởng vào năm 2015 và được biết là ảnh hưởng đến 10–15% dân số nói chung. Tại Hoa Kỳ, gần một nửa số người trên 30 tuổi bị ảnh hưởng ở một mức độ nào đó và khoảng 70% những người trên 65 tuổi mắc bệnh này. Nam giới bị ảnh hưởng thường xuyên hơn nữ giới.	https://en.wikipedia.org/wiki/Periodontal_disease
DOID:8398	viêm xương khớp	Osteoarthritis	Viêm xương khớp là một loại bệnh thoái hóa khớp do sụn khớp và xương bên dưới bị phá hủy. Một dạng viêm khớp, được cho là nguyên nhân gây tàn tật đứng hàng thứ tư trên thế giới, với ước tính khoảng 240 triệu người trên toàn thế giới mắc chứng viêm xương khớp hạn chế hoạt động. Các triệu chứng phổ biến nhất là đau khớp và cứng khớp. Thông thường các triệu chứng tiến triển chậm qua nhiều năm. Các triệu chứng khác có thể bao gồm sưng khớp, giảm phạm vi chuyển động và khi lưng bị ảnh hưởng, yếu hoặc tê tay và chân. Các khớp thường gặp nhất là hai khớp gần đầu ngón tay và khớp gốc ngón tay cái, khớp gối và khớp hông, khớp cổ và lưng dưới. Các triệu chứng có thể cản trở công việc và hoạt động bình thường hàng ngày. Không giống như một số loại viêm khớp khác, chỉ có các khớp bị ảnh hưởng chứ không phải các cơ quan nội tạng. Các nguyên nhân có thể bao gồm chấn thương khớp trước đó, sự phát triển khớp hoặc chi bất thường và các yếu tố di truyền. Nguy cơ cao hơn ở những người thừa cân, có đôi chân có chiều dài khác nhau hoặc làm những công việc dẫn đến mức độ căng thẳng ở khớp cao. Viêm xương khớp được cho là do căng thẳng cơ học lên khớp và các quá trình viêm ở mức độ thấp. Nó phát triển khi sụn bị mất và xương bên dưới bị ảnh hưởng. Vì cơn đau có thể gây khó khăn cho việc tập thể dục nên có thể xảy ra hiện tượng mất cơ. Chẩn đoán thường dựa trên các dấu hiệu và triệu chứng, bằng hình ảnh y tế và các xét nghiệm khác được sử dụng để hỗ trợ hoặc loại trừ các vấn đề khác. Ngược lại với viêm khớp dạng thấp, trong viêm xương khớp, khớp không bị nóng hoặc đỏ. Điều trị bao gồm tập thể dục, giảm căng thẳng cho khớp như nghỉ ngơi hoặc sử dụng gậy, các nhóm hỗ trợ và thuốc giảm đau. Giảm cân có thể giúp ích cho những người thừa cân. Thuốc giảm đau có thể bao gồm acetaminophen (acetaminophen) cũng như NSAID như naproxen hoặc ibuprofen. Việc sử dụng opioid lâu dài không được khuyến khích do thiếu thông tin về lợi ích cũng như nguy cơ gây nghiện và các tác dụng phụ khác. Phẫu thuật thay khớp có thể là một lựa chọn nếu tình trạng khuyết tật vẫn tiếp diễn mặc dù đã có các phương pháp điều trị khác. Hơn 90% ca thay khớp háng và khớp gối là do viêm xương khớp. Khớp hông hoặc khớp gối nhân tạo thường tồn tại hơn 20 năm. Viêm xương khớp là dạng viêm khớp phổ biến nhất, ảnh hưởng đến khoảng 237 triệu người hay 3,3% dân số thế giới tính đến năm 2015. Bệnh này trở nên phổ biến hơn khi con người già đi. Trong số những người trên 60 tuổi, khoảng 10% nam giới và 18% nữ giới mắc bệnh. Viêm xương khớp là nguyên nhân khiến khoảng 2% số năm sống trong tình trạng khuyết tật. Những người bị viêm xương khớp hông hoặc đầu gối (khớp lớn bị ảnh hưởng phổ biến nhất) có nguy cơ tử vong tăng 20%, có thể do mức độ hoạt động giảm.	https://en.wikipedia.org/wiki/Osteoarthritis
DOID:8577	viêm loét đại tràng	Ulcerative colitis	Viêm loét đại tràng (UC) là một trong hai loại bệnh viêm ruột (IBD), loại còn lại là bệnh Crohn. Đây là một tình trạng lâu dài dẫn đến viêm và loét đại tràng và trực tràng. Các triệu chứng chính của bệnh đang hoạt động là đau bụng và tiêu chảy kèm theo máu (đại tiện ra máu). Sụt cân, sốt và thiếu máu cũng có thể xảy ra. Thông thường, các triệu chứng xuất hiện chậm và có thể từ nhẹ đến nặng. Các triệu chứng thường xảy ra không liên tục với các giai đoạn giảm hoặc vắng mặt các triệu chứng lâm sàng giữa các đợt bùng phát, mặc dù các triệu chứng chức năng dai dẳng có thể vẫn tồn tại trong thời gian thuyên giảm. Các biến chứng có thể bao gồm sự giãn nở bất thường của đại tràng (megacolon), viêm mắt, khớp hoặc gan và ung thư ruột kết. Nguyên nhân của UC vẫn chưa được biết. Các lý thuyết liên quan đến rối loạn chức năng hệ thống miễn dịch, di truyền, những thay đổi trong vi khuẩn đường ruột bình thường và các yếu tố môi trường. Tỷ lệ này có xu hướng cao hơn ở các nước phát triển và một số người cho rằng đây là kết quả của việc ít tiếp xúc với nhiễm trùng đường ruột hoặc chế độ ăn uống và lối sống phương Tây. Việc cắt bỏ ruột thừa khi còn nhỏ có thể có tác dụng bảo vệ. Chẩn đoán thường bằng nội soi, một loại nội soi, với sinh thiết mô. Một số loại thuốc được sử dụng để điều trị các triệu chứng, mang lại và duy trì sự thuyên giảm, bao gồm aminosalicylates như mesalazine hoặc sulfasalazine, steroid, thuốc ức chế miễn dịch như azathioprine và liệu pháp sinh học. Việc cắt bỏ đại tràng bằng phẫu thuật có thể cần thiết nếu bệnh nặng, không đáp ứng với điều trị hoặc nếu các biến chứng như ung thư ruột kết phát triển. Việc cắt bỏ ruột kết và trực tràng thường chữa khỏi tình trạng này.	https://en.wikipedia.org/wiki/Ulcerative_colitis
DOID:8778	bệnh Crohn	Crohn's disease	Bệnh Crohn (CD) là một loại bệnh viêm ruột (IBD) có thể ảnh hưởng đến bất kỳ đoạn nào của đường tiêu hóa. Các triệu chứng thường bao gồm đau bụng, tiêu chảy, sốt, chướng bụng và sụt cân. Các biến chứng bên ngoài đường tiêu hóa có thể bao gồm thiếu máu, phát ban trên da, viêm khớp, viêm mắt và mệt mỏi. Phát ban trên da có thể là do nhiễm trùng, cũng như viêm da mủ hoại thư hoặc ban đỏ nút. Tắc ruột có thể xảy ra như một biến chứng của tình trạng viêm mãn tính và những người mắc bệnh này có nguy cơ mắc ung thư đại trực tràng và ung thư ruột non cao hơn nhiều. Mặc dù nguyên nhân chính xác của bệnh Crohn vẫn chưa được biết rõ nhưng người ta tin rằng nguyên nhân là do sự kết hợp của các yếu tố môi trường, miễn dịch và vi khuẩn ở những người nhạy cảm về mặt di truyền. Nó dẫn đến tình trạng rối loạn viêm mãn tính, trong đó hệ thống miễn dịch của cơ thể bảo vệ đường tiêu hóa, có thể nhắm vào các kháng nguyên vi khuẩn. Mặc dù bệnh Crohn là một bệnh liên quan đến miễn dịch nhưng nó dường như không phải là một bệnh tự miễn (hệ thống miễn dịch không được cơ thể tự kích hoạt). Vấn đề miễn dịch tiềm ẩn chính xác vẫn chưa rõ ràng, mặc dù có thể là do suy giảm miễn dịch. Khoảng một nửa nguy cơ tổng thể có liên quan đến di truyền, với hơn 70 gen liên quan. Những người hút thuốc lá có nguy cơ mắc bệnh Crohn cao gấp ba lần so với những người không hút thuốc. Bệnh Crohn thường được kích hoạt sau một đợt viêm dạ dày ruột. Các tình trạng khác có triệu chứng tương tự bao gồm hội chứng ruột kích thích và bệnh Behçet. Không có cách chữa trị bệnh Crohn. Các lựa chọn điều trị nhằm mục đích giúp giảm triệu chứng, duy trì sự thuyên giảm và ngăn ngừa tái phát. Ở những người mới được chẩn đoán, corticosteroid có thể được sử dụng trong một thời gian ngắn để cải thiện triệu chứng nhanh chóng, cùng với một loại thuốc khác như methotrexate hoặc thiopurine để ngăn ngừa tái phát. Nên ngừng hút thuốc đối với những người mắc bệnh Crohn. Cứ năm người mắc bệnh thì có một người nhập viện mỗi năm và một nửa số người mắc bệnh sẽ phải phẫu thuật vào một thời điểm nào đó trong mười năm tới. Phẫu thuật được giữ ở mức tối thiểu bất cứ khi nào có thể, nhưng đôi khi nó rất cần thiết để điều trị áp xe, tắc ruột và ung thư. Việc kiểm tra ung thư ruột bằng nội soi được khuyến nghị 1–3 năm một lần, bắt đầu từ 8 năm sau khi bệnh bắt đầu. Bệnh Crohn ảnh hưởng đến khoảng 3,2 trên 1.000 người ở Châu Âu và Bắc Mỹ; nó ít phổ biến hơn ở Châu Á và Châu Phi. Về mặt lịch sử, nó phổ biến hơn ở các nước phát triển. Tuy nhiên, tỷ lệ này ngày càng tăng, đặc biệt ở các nước đang phát triển, kể từ những năm 1970. Bệnh viêm ruột dẫn đến 47.400 ca tử vong vào năm 2015 và những người mắc bệnh Crohn có tuổi thọ giảm nhẹ. Sự khởi phát của bệnh Crohn có xu hướng bắt đầu ở tuổi thiếu niên và thanh niên, mặc dù nó có thể xảy ra ở mọi lứa tuổi. Nam và nữ bị ảnh hưởng gần như bằng nhau.	https://en.wikipedia.org/wiki/Crohn%27s_disease
DOID:8850	ung thư tuyến nước bọt	Salivary gland tumour	Các khối u tuyến nước bọt, hay khối u, là những khối u hình thành trong các mô của tuyến nước bọt. Các tuyến nước bọt được phân loại là lớn hoặc nhỏ. Các tuyến nước bọt chính bao gồm tuyến mang tai, tuyến dưới hàm và tuyến dưới lưỡi. Các tuyến nước bọt nhỏ bao gồm 800 đến 1000 tuyến tiết chất nhầy nhỏ nằm khắp niêm mạc khoang miệng. Những người có loại khối u này có thể không có triệu chứng.	https://en.wikipedia.org/wiki/Salivary_gland_tumour
DOID:8893	bệnh vẩy nến	Psoriasis	"Bệnh vẩy nến là một bệnh tự miễn kéo dài, không lây nhiễm, đặc trưng bởi các mảng da bất thường. Những vùng này có màu đỏ, hồng hoặc tím, khô, ngứa và có vảy. Bệnh vẩy nến có mức độ nghiêm trọng khác nhau từ các mảng nhỏ cục bộ đến toàn bộ cơ thể. Tổn thương da có thể gây ra những thay đổi ở da vảy nến tại vị trí đó, được gọi là hiện tượng Koebner. Năm loại bệnh vẩy nến chính là mảng bám, thể giọt, nghịch đảo, mụn mủ và hồng ban. Bệnh vẩy nến mảng bám, còn được gọi là bệnh vẩy nến thông thường, chiếm khoảng 90% trường hợp. Nó thường biểu hiện dưới dạng các mảng màu đỏ có vảy trắng ở trên. Các vùng cơ thể thường bị ảnh hưởng nhất là mặt sau của cẳng tay, cẳng chân, vùng rốn và da đầu. Bệnh vẩy nến thể giọt có tổn thương hình giọt nước. Bệnh vẩy nến mụn mủ biểu hiện dưới dạng mụn nước nhỏ, không nhiễm trùng, chứa đầy mủ. Bệnh vẩy nến nghịch đảo hình thành các mảng đỏ ở nếp gấp da. Bệnh vẩy nến Erythrodermic xảy ra khi phát ban trở nên rất lan rộng và có thể phát triển từ bất kỳ loại nào khác. Móng tay và móng chân đều bị ảnh hưởng ở hầu hết những người mắc bệnh vẩy nến tại một thời điểm nào đó. Điều này có thể bao gồm các vết lõm trên móng hoặc thay đổi màu móng. Bệnh vẩy nến thường được cho là một bệnh di truyền được kích hoạt bởi các yếu tố môi trường. Nếu một người trong cặp song sinh mắc bệnh vẩy nến thì người còn lại có nguy cơ bị ảnh hưởng cao gấp ba lần nếu cặp song sinh giống hệt nhau so với khi chúng không giống nhau. Điều này cho thấy yếu tố di truyền có xu hướng dẫn đến bệnh vẩy nến. Các triệu chứng thường trở nên trầm trọng hơn trong mùa đông và khi dùng một số loại thuốc, chẳng hạn như thuốc chẹn beta hoặc NSAID. Nhiễm trùng và căng thẳng tâm lý cũng có thể đóng một vai trò. Cơ chế cơ bản liên quan đến hệ thống miễn dịch phản ứng với các tế bào da. Chẩn đoán thường dựa trên các dấu hiệu và triệu chứng. Không có cách chữa trị bệnh vẩy nến, nhưng các phương pháp điều trị khác nhau có thể giúp kiểm soát các triệu chứng. Những phương pháp điều trị này bao gồm kem steroid, kem vitamin D3, tia cực tím, thuốc ức chế miễn dịch, như methotrexate và các liệu pháp sinh học nhắm vào các con đường miễn dịch cụ thể. Khoảng 75% tình trạng da được cải thiện chỉ bằng kem dưỡng. Căn bệnh này ảnh hưởng đến 2–4% dân số. Đàn ông và phụ nữ bị ảnh hưởng với tần suất như nhau. Bệnh có thể bắt đầu ở mọi lứa tuổi nhưng thường bắt đầu ở tuổi trưởng thành. Bệnh vẩy nến có liên quan đến việc tăng nguy cơ viêm khớp vẩy nến, u lympho, bệnh tim mạch, bệnh Crohn và trầm cảm. Viêm khớp vẩy nến ảnh hưởng đến 30% số người mắc bệnh vẩy nến. Từ ""bệnh vẩy nến"" có nguồn gốc từ tiếng Hy Lạp ψωρίασις có nghĩa là 'tình trạng ngứa' hoặc 'bị ngứa', từ psora 'ngứa' và -osis 'hành động, tình trạng'."	https://en.wikipedia.org/wiki/Psoriasis
DOID:8986	chứng ngủ rũ	Narcolepsy	Chứng ngủ rũ là một chứng rối loạn thần kinh mãn tính làm suy yếu khả năng điều chỉnh chu kỳ ngủ-thức và đặc biệt ảnh hưởng đến giấc ngủ REM (chuyển động mắt nhanh). Các triệu chứng của chứng ngủ rũ bao gồm buồn ngủ ban ngày quá mức (EDS), ảo giác liên quan đến giấc ngủ, tê liệt khi ngủ, rối loạn giấc ngủ về đêm (DNS) và chứng mất trương lực. Những người mắc chứng ngủ rũ thường có chất lượng giấc ngủ kém. Có hai dạng chứng ngủ rũ được công nhận: loại 1 và loại 2. Chứng ngủ rũ loại 1 có EDS với nồng độ orexin trong dịch não tủy hoặc cataplexy (CSF) dưới 110 pg/ml, nhưng hầu hết các trường hợp đều có cả hai. Chứng mất trương lực xuất hiện dưới dạng các giai đoạn trương lực cơ bất thường thoáng qua (thường là mất trương lực cơ) do cảm xúc mạnh gây ra. Trong chứng ngủ rũ khởi phát ở trẻ em, chứng mất trương lực có thể biểu hiện với các đặc điểm tăng động thoáng qua. Cataplexy có thể bị nhầm lẫn với ngất, giật cơ hoặc co giật. Chứng ngủ rũ loại 2 (NT2) không có biểu hiện mất trương lực và mức orexin trong dịch não tủy ở mức bình thường. Ảo giác liên quan đến giấc ngủ, cả ảo giác thôi miên (đi ngủ) và ảo giác thôi miên (khi thức dậy), có thể là thính giác, thị giác hoặc xúc giác và có thể xảy ra độc lập hoặc kết hợp với tình trạng không thể cử động (tê liệt khi ngủ). Chứng ngủ rũ là một hội chứng lâm sàng của rối loạn vùng dưới đồi, nhưng nguyên nhân chính xác của chứng ngủ rũ vẫn chưa được biết rõ, có thể có một số nguyên nhân. Nguyên nhân hàng đầu của chứng ngủ rũ loại 1 là do rối loạn tự miễn dịch. Sinh lý bệnh được đề xuất là một bệnh tự miễn cho thấy sự trình diện kháng nguyên của DQ0602 tới các tế bào T CD4+ cụ thể dẫn đến kích hoạt tế bào T CD8+ và do đó gây tổn thương cho các tế bào thần kinh sản xuất orexin. Nguy cơ tương đối mắc chứng ngủ rũ ở người thân độ một được coi là cao hơn ít nhất 10 lần so với dân số nói chung. Có nhiều người thân mắc chứng rối loạn giấc ngủ nguyên phát làm tăng đáng kể nguy cơ tương đối nhưng nguy cơ tuyệt đối vẫn ở mức thấp do tình trạng này hiếm gặp. Quá trình tự miễn dịch được cho là được kích hoạt ở những người nhạy cảm về mặt di truyền do trải nghiệm kích thích miễn dịch, chẳng hạn như nhiễm cúm H1N1. Chứng ngủ rũ thứ phát có thể xảy ra do hậu quả của một chứng rối loạn thần kinh khác. Chứng ngủ rũ thứ phát có thể gặp ở một số người bị chấn thương sọ não, khối u, hội chứng Prader–Willi hoặc các bệnh khác ảnh hưởng đến các bộ phận của não điều chỉnh sự tỉnh táo hoặc giấc ngủ REM. Chẩn đoán thường dựa trên các triệu chứng và nghiên cứu về giấc ngủ, sau khi loại trừ các nguyên nhân khác của EDS. EDS cũng có thể được gây ra bởi các rối loạn giấc ngủ khác như hội chứng ngủ không đủ giấc, ngưng thở khi ngủ, rối loạn trầm cảm nặng, thiếu máu, suy tim và uống rượu. Mặc dù không có cách chữa trị nhưng các chiến lược hành vi, thay đổi lối sống, hỗ trợ xã hội và thuốc men có thể hữu ích. Các chiến lược về lối sống và hành vi có thể bao gồm việc xác định và tránh hoặc giảm bớt các yếu tố kích thích cảm xúc gây ra chứng mất trương lực, các chiến lược ăn kiêng có thể làm giảm lượng thức ăn và đồ uống gây buồn ngủ, các giấc ngủ ngắn theo lịch trình hoặc chiến lược và duy trì lịch trình ngủ-thức đều đặn. Hỗ trợ xã hội, mạng lưới xã hội và hòa nhập xã hội là những nguồn lực có thể nằm trong cộng đồng liên quan đến việc sống chung với chứng ngủ rũ. Các loại thuốc dùng để điều trị chứng ngủ rũ chủ yếu nhắm vào EDS và/hoặc chứng mất trương lực. Những loại thuốc này bao gồm các chất cảnh báo (ví dụ: modafinil, armodafinil, pitolisant, sorriamfetol), thuốc oxybate (ví dụ: natri oxybate hai lần mỗi đêm, muối oxybate hỗn hợp hai lần mỗi đêm và một lần natri oxybate giải phóng kéo dài hàng đêm) và các chất kích thích khác (ví dụ: methylphenidate, amphetamine). Ngoài ra còn có việc sử dụng các thuốc chống trầm cảm như thuốc chống trầm cảm ba vòng, thuốc ức chế tái hấp thu serotonin có chọn lọc (SSRI) và thuốc ức chế tái hấp thu serotonin–norepinephrine (SNRI) để điều trị chứng mất trương lực.  Ước tính tần số dao động từ 0,2 đến 600 trên 100.000 người ở nhiều quốc gia khác nhau. Tình trạng này thường bắt đầu từ thời thơ ấu, nam và nữ đều bị ảnh hưởng như nhau. Chứng ngủ rũ không được điều trị làm tăng nguy cơ va chạm và té ngã khi xe cơ giới. Chứng ngủ rũ thường xảy ra bất cứ lúc nào từ thời thơ ấu đến 50 tuổi và phổ biến nhất là từ 15 đến 36 tuổi. Tuy nhiên, nó cũng có thể hiếm khi xuất hiện ở bất kỳ thời điểm nào ngoài phạm vi này.	https://en.wikipedia.org/wiki/Narcolepsy
DOID:90	bệnh thoái hóa đĩa đệm	Degenerative disc disease	Bệnh thoái hóa đĩa đệm (DDD) là một tình trạng bệnh lý thường do quá trình lão hóa gây ra, trong đó có những thay đổi về mặt giải phẫu và có thể mất chức năng của một hoặc nhiều đĩa đệm cột sống. DDD có thể xảy ra khi có hoặc không có triệu chứng, nhưng thường được xác định khi có triệu chứng. Nguyên nhân sâu xa được cho là do mất các protein hòa tan trong chất lỏng chứa trong đĩa dẫn đến giảm áp suất keo, từ đó gây ra mất thể tích chất lỏng. Lực hướng xuống bình thường khiến đĩa đệm bị ảnh hưởng giảm chiều cao và khoảng cách giữa các đốt sống giảm đi. Vòng xơ, lớp ngoài cứng chắc của đĩa đệm, cũng yếu đi. Sự mất chiều cao này gây ra tình trạng lỏng lẻo của các dây chằng dọc, có thể khiến thân đốt sống dịch chuyển ra trước, sau hoặc sang bên, gây ra sai lệch khớp mặt và viêm khớp; vẹo cột sống; chứng phì đại cổ tử cung; chứng tăng trương lực ngực; chứng phì đại thắt lưng; thu hẹp không gian dành cho đường cột sống trong đốt sống (hẹp cột sống); hoặc thu hẹp khoảng trống mà dây thần kinh cột sống thoát ra (hẹp lỗ đốt sống) dẫn đến viêm và chèn ép dây thần kinh cột sống, gây ra bệnh rễ thần kinh. DDD có thể gây đau từ nhẹ đến nặng, cấp tính hoặc mãn tính, gần đĩa đệm liên quan, cũng như đau thần kinh nếu có liên quan đến rễ thần kinh cột sống lân cận. Nghi ngờ chẩn đoán khi có các triệu chứng điển hình và biểu hiện thực thể; và được xác nhận bằng chụp X-quang cột sống. Đôi khi, chẩn đoán X quang về thoái hóa đĩa đệm được thực hiện một cách tình cờ khi chụp X-quang cổ, chụp X-quang ngực hoặc chụp X-quang bụng vì những lý do khác và nhận ra những bất thường của cột sống. Chẩn đoán DDD không phải là chẩn đoán bằng X quang, vì bác sĩ X quang phiên dịch không biết liệu có triệu chứng hay không. Các dấu hiệu X quang điển hình bao gồm thu hẹp khoang đĩa đệm, dịch chuyển thân đốt sống, dính các thân đốt sống liền kề và sự phát triển của xương ở mô mềm lân cận (hình thành gai xương). MRI thường được dành riêng cho những người có triệu chứng, dấu hiệu và kết quả chụp X-quang cho thấy cần phải can thiệp bằng phẫu thuật. Điều trị có thể bao gồm vật lý trị liệu để giảm đau, ROM (phạm vi chuyển động) và rèn luyện cơ/sức mạnh thích hợp, nhấn mạnh vào việc điều chỉnh tư thế bất thường, hỗ trợ các cơ cạnh cột sống (paraspinous) trong việc ổn định cột sống và tăng cường cơ cốt lõi; bài tập kéo giãn; liệu pháp xoa bóp; giảm đau đường uống bằng thuốc chống viêm không steroid (NSAIDS); và giảm đau tại chỗ bằng lidocain, chườm đá và chườm nóng. Phẫu thuật ngay lập tức có thể được chỉ định nếu các triệu chứng khởi phát nghiêm trọng hoặc đột ngột hoặc các triệu chứng xấu đi đột ngột. Phẫu thuật tự chọn có thể được chỉ định sau sáu tháng điều trị bảo tồn với các triệu chứng giảm không thỏa đáng.	https://en.wikipedia.org/wiki/Degenerative_disc_disease
DOID:9008	viêm khớp vảy nến	Psoriatic arthritis	Viêm khớp vẩy nến (PsA) là một bệnh viêm khớp mãn tính. Các đặc điểm cổ điển của viêm khớp vẩy nến bao gồm viêm điểm bám (viêm các điểm bám), viêm màng hoạt dịch (viêm màng khớp) và viêm dactyl (sưng ngón tay giống như xúc xích). Nó đặc biệt ảnh hưởng đến các khớp ngoại vi, cột sống và khớp cùng chậu. PsA cũng thường biểu hiện các tổn thương ở móng, có thể bao gồm các vết lõm nhỏ ở móng (rỗ), móng dày và bong móng khỏi nền móng. PsA ảnh hưởng đặc biệt đến những người mắc bệnh vẩy nến tự miễn và khoảng 20-30% bệnh nhân mắc bệnh vẩy nến phát triển PsA. Tuy nhiên, 10-30% bệnh nhân mắc bệnh PsA không mắc bệnh vẩy nến tại thời điểm chẩn đoán. Không rõ hai bệnh này là các thực thể bệnh riêng biệt hay một bệnh. PsA được phân loại là một loại bệnh lý cột sống khớp huyết thanh âm tính và là một chẩn đoán lâm sàng. Không có xét nghiệm đáng tin cậy nào cho PsA. Di truyền được cho là có liên quan mạnh mẽ đến sự phát triển của bệnh viêm khớp vẩy nến. Béo phì và một số dạng bệnh vẩy nến được cho là làm tăng nguy cơ.   PsA xảy ra ở cả trẻ em và người lớn và ảnh hưởng đến nam giới và phụ nữ như nhau.  Tình trạng này ít phổ biến hơn ở những người gốc Á hoặc Châu Phi.	https://en.wikipedia.org/wiki/Psoriatic_arthritis
DOID:9074	bệnh lupus ban đỏ hệ thống	Lupus	"Lupus, chính thức được gọi là lupus ban đỏ hệ thống (SLE), là một bệnh tự miễn, trong đó hệ thống miễn dịch của cơ thể tấn công nhầm vào các mô khỏe mạnh ở nhiều bộ phận của cơ thể. Các triệu chứng khác nhau ở mỗi người và có thể từ nhẹ đến nặng. Các triệu chứng thường gặp bao gồm đau và sưng khớp, sốt, đau ngực, rụng tóc, loét miệng, sưng hạch, cảm thấy mệt mỏi và phát ban đỏ thường gặp nhất ở mặt. Thường có những giai đoạn bệnh, được gọi là đợt bùng phát, và những giai đoạn thuyên giảm mà có rất ít triệu chứng. Trẻ em từ 18 tuổi trở xuống phát triển một dạng SLE nặng hơn được gọi là bệnh lupus ban đỏ hệ thống khởi phát ở trẻ em. Lupus là tiếng Latin có nghĩa là ""sói"": căn bệnh này được đặt tên như vậy vào thế kỷ 13 vì phát ban được cho là giống vết cắn của sói. Nguyên nhân của SLE không rõ ràng. Nó được cho là liên quan đến sự kết hợp của yếu tố di truyền và môi trường. Trong số các cặp song sinh giống hệt nhau, nếu một người bị ảnh hưởng thì có 24% khả năng người kia cũng sẽ mắc bệnh. Nội tiết tố sinh dục nữ, ánh sáng mặt trời, hút thuốc, thiếu vitamin D và một số bệnh nhiễm trùng cũng được cho là làm tăng nguy cơ mắc bệnh. Cơ chế này liên quan đến phản ứng miễn dịch của các tự kháng thể chống lại các mô của chính một người. Đây là những kháng thể chống hạt nhân phổ biến nhất và chúng gây ra tình trạng viêm. Chẩn đoán có thể khó khăn và dựa trên sự kết hợp của các triệu chứng và xét nghiệm. Có một số loại bệnh lupus ban đỏ khác bao gồm lupus ban đỏ dạng đĩa, lupus sơ sinh và lupus ban đỏ bán cấp ở da. Không có cách chữa trị SLE, nhưng có những phương pháp điều trị thử nghiệm và triệu chứng. Các phương pháp điều trị có thể bao gồm NSAID, corticosteroid, thuốc ức chế miễn dịch, hydroxychloroquine và methotrexate. Mặc dù corticosteroid có hiệu quả nhanh chóng nhưng sử dụng lâu dài sẽ gây ra tác dụng phụ. Thuốc thay thế chưa được chứng minh là có tác dụng với bệnh. Đàn ông có tỷ lệ tử vong cao hơn. SLE làm tăng đáng kể nguy cơ mắc bệnh tim mạch, đây là nguyên nhân gây tử vong phổ biến nhất. Trong khi phụ nữ mắc bệnh lupus có nguy cơ mang thai cao hơn, hầu hết đều thành công. Tỷ lệ SLE khác nhau giữa các quốc gia từ 20 đến 70 trên 100.000. Phụ nữ trong độ tuổi sinh đẻ bị ảnh hưởng nhiều hơn nam giới khoảng 9 lần. Mặc dù bệnh thường bắt đầu ở độ tuổi từ 15 đến 45 nhưng ở nhiều độ tuổi khác nhau cũng có thể bị ảnh hưởng. Những người gốc Phi, Caribe và Trung Quốc có nguy cơ cao hơn những người gốc châu Âu. Tỷ lệ bệnh tật ở các nước đang phát triển không rõ ràng."	https://en.wikipedia.org/wiki/Lupus
DOID:9206	thực quản Barrett	Barrett's esophagus	Barrett thực quản là tình trạng có sự thay đổi bất thường (metaplastic) ở các tế bào niêm mạc nằm ở phần dưới của thực quản. Các tế bào thay đổi từ biểu mô vảy phân tầng thành biểu mô trụ đơn giản, xen kẽ với các tế bào cốc thường chỉ tìm thấy ở ruột non và ruột già. Sự thay đổi này được coi là tình trạng tiền ác tính vì nó có khả năng chuyển sang ung thư biểu mô tuyến thực quản, một loại ung thư thường gây tử vong. Nguyên nhân chính gây ra bệnh Barrett thực quản là do mô thích ứng với việc tiếp xúc với axit mãn tính do trào ngược từ dạ dày. Barrett thực quản được chẩn đoán bằng nội soi để quan sát trực quan phần dưới thực quản, sau đó là sinh thiết vùng bị ảnh hưởng và kiểm tra mô đó bằng kính hiển vi. Các tế bào của thực quản Barrett được phân thành bốn loại: không loạn sản, loạn sản cấp độ thấp, loạn sản cấp độ cao và ung thư biểu mô. Chứng loạn sản cấp độ cao và giai đoạn đầu của ung thư biểu mô tuyến có thể được điều trị bằng phẫu thuật nội soi hoặc cắt bỏ tần số vô tuyến. Các giai đoạn sau của ung thư biểu mô tuyến có thể được điều trị bằng phẫu thuật cắt bỏ hoặc giảm nhẹ. Những người mắc chứng loạn sản không loạn sản hoặc mức độ thấp được kiểm soát bằng cách theo dõi hàng năm bằng nội soi hoặc điều trị bằng cắt bỏ tần số vô tuyến. Ở những bệnh nhân mắc chứng loạn sản cấp độ cao, nguy cơ phát triển ung thư được ước tính ít nhất là 7–13% mỗi năm. Tỷ lệ ung thư biểu mô tuyến thực quản đã tăng lên đáng kể ở thế giới phương Tây trong những năm gần đây. Tình trạng này được tìm thấy ở 5–15% bệnh nhân tìm kiếm sự chăm sóc y tế vì chứng ợ nóng (bệnh trào ngược dạ dày thực quản hoặc GERD), mặc dù một nhóm lớn bệnh nhân mắc bệnh Barrett thực quản không có triệu chứng.  Tình trạng này được đặt theo tên của bác sĩ phẫu thuật Norman Barrett (1903–1979), mặc dù tình trạng này ban đầu được mô tả bởi Philip Rowland Allison vào năm 1946.	https://en.wikipedia.org/wiki/Barrett%27s_esophagus
DOID:9296	sứt môi	Cleft lip and cleft palate	Sứt môi (khe hở hàm ếch) là một tình trạng bệnh lý trong đó môi trên có một lỗ hở từ chu vi miệng, có thể kéo dài vào mũi. Lỗ mở có thể ở một bên, cả hai bên hoặc ở giữa.  Hở hàm ếch là một tình trạng liên quan trong đó vòm miệng (vòm miệng) có lỗ thông vào mũi. Thuật ngữ sứt môi hàm mặt dùng để chỉ một trong hai tình trạng hoặc cả hai xảy ra cùng nhau. Những tình trạng này có thể dẫn đến các vấn đề về ăn uống, vấn đề về giọng nói, vấn đề về thính giác và nhiễm trùng tai thường xuyên. Tình trạng này có thể liên quan đến các rối loạn khác. Sứt môi và hở hàm ếch là kết quả của việc các mô trên khuôn mặt không liên kết đúng cách trong quá trình phát triển. Như vậy, chúng là một loại dị tật bẩm sinh. Nguyên nhân không được biết trong hầu hết các trường hợp. Các yếu tố nguy cơ bao gồm hút thuốc khi mang thai, tiểu đường, béo phì, người mẹ lớn tuổi và một số loại thuốc (chẳng hạn như một số loại thuốc dùng để điều trị động kinh). Sứt môi và hở hàm ếch thường có thể được chẩn đoán khi mang thai bằng siêu âm. Sứt môi hoặc hở hàm ếch có thể được điều trị thành công bằng phẫu thuật. Điều này thường được thực hiện trong vài tháng đầu đời đối với sứt môi và trước 18 tháng đối với hở hàm ếch. Trị liệu ngôn ngữ và chăm sóc nha khoa cũng có thể cần thiết. Với điều trị thích hợp, kết quả là tốt.  Sứt môi và vòm miệng xảy ra ở khoảng 1 đến 2 trên 1000 ca sinh ở các nước phát triển. Sứt môi phổ biến ở nam gấp đôi so với nữ, trong khi sứt môi không kèm sứt môi phổ biến hơn ở nữ. Trong năm 2017, nó đã gây ra khoảng 3.800 ca tử vong trên toàn cầu, giảm so với 14.600 ca tử vong vào năm 1990. Sứt môi thường được gọi là môi thỏ vì chúng giống với môi của thỏ rừng hoặc thỏ rừng, mặc dù thuật ngữ đó bị coi là gây khó chịu trong một số bối cảnh nhất định.	https://en.wikipedia.org/wiki/Cleft_lip_and_cleft_palate
DOID:9352	đái tháo đường týp 2	Type 2 diabetes	Bệnh tiểu đường loại 2 (T2D), trước đây gọi là bệnh tiểu đường khởi phát ở người trưởng thành, là một dạng đái tháo đường được đặc trưng bởi lượng đường trong máu cao, kháng insulin và thiếu insulin tương đối. Các triệu chứng thường gặp bao gồm khát nước nhiều, đi tiểu thường xuyên, mệt mỏi và sụt cân không rõ nguyên nhân. Các triệu chứng khác bao gồm cảm giác đói nhiều hơn, có cảm giác như kim châm và vết loét (vết thương) chậm lành. Các triệu chứng thường phát triển chậm. Các biến chứng lâu dài do lượng đường trong máu cao bao gồm bệnh tim; đột quỵ; bệnh võng mạc tiểu đường, có thể dẫn đến mù lòa; suy thận; và lưu lượng máu kém ở chi dưới, có thể dẫn đến phải cắt cụt chi. Có thể xảy ra tình trạng tăng đường huyết tăng áp lực thẩm thấu đột ngột; tuy nhiên, nhiễm toan ceton hiếm gặp. Bệnh tiểu đường loại 2 chủ yếu xảy ra do béo phì và thiếu tập thể dục. Một số người có nguy cơ di truyền cao hơn những người khác. Bệnh tiểu đường loại 2 chiếm khoảng 90% các trường hợp mắc bệnh tiểu đường, 10% còn lại chủ yếu là do bệnh tiểu đường loại 1 và tiểu đường thai kỳ.  Chẩn đoán bệnh tiểu đường bằng các xét nghiệm máu như đường huyết lúc đói, xét nghiệm dung nạp glucose đường uống hoặc huyết sắc tố glycated (A1c). Bệnh tiểu đường loại 2 thường có thể phòng ngừa được bằng cách duy trì cân nặng bình thường, tập thể dục thường xuyên và có chế độ ăn uống lành mạnh (ví dụ phổ biến là chế độ ăn nhiều trái cây và rau quả, ít đường và chất béo bão hòa). Điều trị có thể bao gồm tập thể dục, thay đổi chế độ ăn uống và dùng thuốc. Metformin thường được khuyên dùng. Nhiều người cuối cùng cũng có thể cần tiêm insulin. Ở những người sử dụng insulin, nên kiểm tra lượng đường trong máu thường xuyên (chẳng hạn như thông qua máy theo dõi đường huyết liên tục); tuy nhiên, điều này có thể không cần thiết ở những người không điều trị bằng insulin. Phẫu thuật giảm béo thường cải thiện bệnh tiểu đường ở những người béo phì. Tỷ lệ mắc bệnh tiểu đường loại 2 đã tăng lên rõ rệt kể từ năm 1960 song song với tình trạng béo phì. Tính đến năm 2015, có khoảng 392 triệu người được chẩn đoán mắc bệnh tiểu đường so với khoảng 30 triệu người vào năm 1985. Thông thường, bệnh bắt đầu ở độ tuổi trung niên trở lên, mặc dù tỷ lệ mắc bệnh tiểu đường loại 2 đang gia tăng ở những người trẻ tuổi. Bệnh tiểu đường loại 2 có liên quan đến tuổi thọ ngắn hơn 10 năm. Bệnh tiểu đường là một trong những căn bệnh đầu tiên được mô tả, có từ một bản thảo của người Ai Cập từ c. 1500 năm trước Công nguyên. Hai loại bệnh tiểu đường đã được xác định vào năm 400–500 CN, một loại liên quan đến tuổi trẻ (hiện được xác định là loại 1) và loại còn lại liên quan đến thừa cân (hiện được xác định là loại 2). Tầm quan trọng của insulin trong căn bệnh này đã được xác định vào những năm 1920.	https://en.wikipedia.org/wiki/Type_2_diabetes
DOID:9744	đái tháo đường týp 1	Type 1 diabetes	Bệnh tiểu đường loại 1 (T1D), hay đái tháo đường loại 1, là một bệnh tự miễn xảy ra khi hệ thống miễn dịch của cơ thể phá hủy các tế bào beta trong tuyến tụy sản xuất hormone insulin.  Insulin được cơ thể sử dụng để dự trữ và chuyển hóa lượng đường trong máu thành năng lượng. T1D dẫn đến lượng đường trong máu cao trong cơ thể trước khi điều trị do thiếu insulin. Các triệu chứng thường gặp bao gồm đi tiểu thường xuyên (đa niệu), khát nước nhiều hơn (chứng khát nhiều), tăng cảm giác đói (đau bụng), sụt cân và những thay đổi khác. Các triệu chứng khác có thể bao gồm mờ mắt, mệt mỏi và vết thương chậm lành (do lưu lượng máu bị suy giảm). Trong khi một số trường hợp mất nhiều thời gian hơn, các triệu chứng thường xuất hiện trong vòng vài tuần đến vài tháng. Nguyên nhân của bệnh tiểu đường loại 1 vẫn chưa được hiểu rõ hoàn toàn nhưng người ta cho rằng nó liên quan đến một cuộc tấn công tự miễn dịch do sự kết hợp của các yếu tố di truyền và môi trường. Cơ chế cơ bản liên quan đến sự phá hủy tự miễn dịch của các tế bào beta sản xuất insulin trong tuyến tụy. Bệnh tiểu đường được chẩn đoán bằng cách kiểm tra lượng đường hoặc huyết sắc tố glycated (HbA1C) trong máu. Bệnh tiểu đường loại 1 có thể được phân biệt với loại 2 bằng cách kiểm tra sự hiện diện của tự kháng thể và/hoặc mức độ giảm/không có C-peptide. C-peptide là sản phẩm được tách ra từ proinsulin trong quá trình sản xuất insulin. Ở bệnh tiểu đường loại 1, mức độ của nó thấp hoặc không có. Trong bệnh tiểu đường loại 2, nồng độ trong máu cao do sản xuất insulin cao do tình trạng kháng insulin. Hiện tại không có cách nào để ngăn ngừa bệnh tiểu đường loại 1. Điều trị bằng insulin là cần thiết để sống sót. Liệu pháp insulin có thể được tiêm dưới da nhiều lần trong ngày hoặc có thể được cung cấp liên tục dưới dạng liều cơ bản bằng các liều bolus khi lượng đường trong máu cao hoặc trước bữa ăn bằng máy bơm insulin. Một chế độ ăn kiêng, tập thể dục và điều chỉnh lối sống cho bệnh nhân tiểu đường được coi là nền tảng của việc quản lý. Nếu không được điều trị, bệnh tiểu đường loại 1 sẽ dẫn đến tử vong. Bệnh tiểu đường loại 1 có thể gây ra nhiều biến chứng nếu việc kiểm soát lượng đường trong máu không được kiểm soát tốt. Các biến chứng khởi phát tương đối nhanh bao gồm nhiễm toan đái tháo đường và hôn mê tăng thẩm thấu không nhiễm ceton. Các biến chứng lâu dài bao gồm bệnh tim, đột quỵ, suy thận (Bệnh thận tiểu đường), loét bàn chân và tổn thương mắt (bệnh võng mạc tiểu đường). Vì insulin làm giảm lượng đường trong máu, các biến chứng có thể phát sinh do lượng đường trong máu thấp nếu dùng nhiều insulin hơn mức cần thiết. Bệnh tiểu đường loại 1 ước tính chiếm khoảng 5–10% tổng số trường hợp mắc bệnh tiểu đường. Số lượng người bị ảnh hưởng trên toàn cầu vẫn chưa được biết rõ, mặc dù người ta ước tính có khoảng 80.000 trẻ em mắc bệnh mỗi năm. Tại Hoa Kỳ, số người bị ảnh hưởng được ước tính là từ một đến ba triệu. Tỷ lệ mắc bệnh rất khác nhau, với khoảng 1 ca mới trên 100.000 dân mỗi năm ở Đông Á và Mỹ Latinh và khoảng 30 ca mới trên 100.000 dân mỗi năm ở Scandinavia và Kuwait. Nó thường bắt đầu ở trẻ em và thanh niên nhưng có thể bắt đầu ở mọi lứa tuổi.	https://en.wikipedia.org/wiki/Type_1_diabetes
DOID:9835	tật khúc xạ	Refractive error	Tật khúc xạ là vấn đề tập trung ánh sáng chính xác vào võng mạc do hình dạng của mắt và/hoặc giác mạc. Các loại tật khúc xạ phổ biến nhất là cận thị, viễn thị, loạn thị và lão thị. Cận thị làm mờ vật ở xa, viễn thị và lão thị làm mờ vật ở gần, loạn thị làm vật bị kéo dài hoặc mờ. Các triệu chứng khác có thể bao gồm nhìn đôi, đau đầu và mỏi mắt. Cận thị là do chiều dài của nhãn cầu quá dài; viễn thị nhãn cầu quá ngắn; loạn thị giác mạc có hình dạng sai, trong khi lão thị là do thủy tinh thể của mắt bị lão hóa khiến nó không thể thay đổi hình dạng đầy đủ. Một số tật khúc xạ xảy ra thường xuyên hơn ở những người có cha mẹ mắc bệnh. Chẩn đoán bằng khám mắt. Tật khúc xạ được điều chỉnh bằng kính đeo mắt, kính áp tròng hoặc phẫu thuật. Đeo kính là phương pháp chỉnh sửa dễ dàng và an toàn nhất. Kính áp tròng có thể mang lại tầm nhìn rộng hơn; tuy nhiên chúng có liên quan đến nguy cơ nhiễm trùng. Phẫu thuật khúc xạ có thể bao gồm thay đổi vĩnh viễn hình dạng giác mạc hoặc cấy ghép thấu kính nội nhãn. Số người mắc tật khúc xạ trên toàn cầu ước tính khoảng một đến hai tỷ. Tỷ lệ khác nhau giữa các khu vực trên thế giới với khoảng 25% người châu Âu và 80% người châu Á bị ảnh hưởng. Cận thị là bệnh phổ biến nhất. Tỷ lệ ở người lớn là từ 15 đến 49% trong khi tỷ lệ ở trẻ em là từ 1,2 đến 42%. Viễn thị thường ảnh hưởng đến trẻ nhỏ và người già. Lão thị ảnh hưởng đến hầu hết mọi người trên 35 tuổi. Số người mắc tật khúc xạ chưa được điều chỉnh ước tính khoảng 660 triệu người (10 trên 100 người) vào năm 2013. Trong số này có 9,5 triệu người bị mù do tật khúc xạ. Đây là một trong những nguyên nhân phổ biến nhất gây giảm thị lực cùng với đục thủy tinh thể, thoái hóa điểm vàng và thiếu vitamin A.	https://en.wikipedia.org/wiki/Refractive_error
DOID:986	rụng tóc từng vùng	Alopecia areata	"Alopecia areata (AA), còn được gọi là hói đầu từng điểm, là tình trạng tóc bị rụng ở một số hoặc toàn bộ vùng trên cơ thể. Nó thường dẫn đến một vài vết hói trên da đầu, mỗi vết có kích thước bằng một đồng xu. Căng thẳng tâm lý và bệnh tật là những yếu tố có thể gây ra chứng rụng tóc từng vùng ở những người có nguy cơ cao, nhưng trong hầu hết các trường hợp không có nguyên nhân rõ ràng. Nói chung mọi người đều khỏe mạnh. Trong một số trường hợp, toàn bộ tóc trên da đầu bị rụng (rụng tóc toàn phần) hoặc rụng toàn bộ tóc trên cơ thể (alopecia Universalis). Rụng tóc có thể là vĩnh viễn hoặc tạm thời. Rụng tóc từng vùng được cho là một bệnh tự miễn do vi phạm đặc quyền miễn dịch của nang lông. Các yếu tố rủi ro bao gồm tiền sử gia đình mắc bệnh này. Trong số các cặp song sinh giống hệt nhau, nếu một người bị ảnh hưởng thì người còn lại có khoảng 50% khả năng bị ảnh hưởng. Cơ chế cơ bản liên quan đến việc cơ thể không thể nhận ra các tế bào của chính mình, sau đó là sự phá hủy nang lông qua trung gian miễn dịch. Không có cách chữa trị cho tình trạng này được biết đến. Một số phương pháp điều trị, đặc biệt là tiêm triamcinolone và kem bôi minoxidil 5%, có hiệu quả trong việc đẩy nhanh quá trình mọc lại tóc. Kem chống nắng, khăn trùm đầu để bảo vệ khỏi lạnh và nắng, và đeo kính, nếu thiếu lông mi, cũng được khuyên dùng. Trong hơn 50% trường hợp bệnh ""lắp vá"" cục bộ khởi phát đột ngột, tóc sẽ mọc lại trong vòng một năm. Ở những bệnh nhân chỉ có một hoặc hai miếng dán, tỷ lệ hồi phục sau một năm này sẽ lên tới 80%. Tuy nhiên, nhiều người sẽ có nhiều hơn một giai đoạn trong đời. Ở nhiều bệnh nhân, rụng tóc và mọc lại tóc xảy ra đồng thời trong vài năm. Trong số những người bị mất toàn bộ lông trên cơ thể, có ít hơn 10% phục hồi. Khoảng 0,15% số người bị ảnh hưởng tại một thời điểm bất kỳ và 2% số người bị ảnh hưởng tại một thời điểm nào đó. Khởi phát thường ở thời thơ ấu. Phụ nữ bị ảnh hưởng với tỷ lệ cao hơn nam giới."	https://en.wikipedia.org/wiki/Alopecia_areata
DOID:9917	ung thư màng phổi		Không tìm thấy mô tả.	
DOID:9970	béo phì	Obesity	Béo phì là một tình trạng y tế, được nhiều tổ chức coi là một căn bệnh, trong đó mỡ thừa trong cơ thể tích tụ đến mức có thể gây ảnh hưởng tiêu cực đến sức khỏe. Mọi người được phân loại là béo phì khi chỉ số khối cơ thể (BMI)—cân nặng của một người chia cho bình phương chiều cao của người đó—trên 30 kg/m2; phạm vi 25–30 kg/m2 được xác định là thừa cân. Một số quốc gia Đông Á sử dụng ngưỡng BMI thấp hơn để xác định béo phì. Béo phì là nguyên nhân chính gây ra tình trạng khuyết tật và có liên quan đến nhiều bệnh và tình trạng khác nhau, đặc biệt là bệnh tim mạch, tiểu đường loại 2, chứng ngưng thở khi ngủ do tắc nghẽn, một số loại ung thư và viêm xương khớp. Béo phì có nguyên nhân cá nhân, kinh tế xã hội và môi trường. Một số nguyên nhân được biết đến là chế độ ăn uống, hoạt động thể chất thấp, tự động hóa, đô thị hóa, tính nhạy cảm di truyền, thuốc men, rối loạn tâm thần, chính sách kinh tế và rối loạn nội tiết. Tiếp xúc với các hóa chất gây rối loạn nội tiết là một yếu tố nguy cơ. Trong khi nhiều người mắc bệnh béo phì cố gắng giảm cân và thường thành công thì việc duy trì giảm cân lâu dài là rất hiếm. Ngăn ngừa béo phì đòi hỏi một cách tiếp cận nhiều mặt, bao gồm các biện pháp can thiệp ở cấp độ y tế, xã hội, cộng đồng, gia đình và cá nhân. Thay đổi chế độ ăn uống cũng như tập thể dục là phương pháp điều trị chính được các chuyên gia y tế khuyên dùng. Chất lượng chế độ ăn uống có thể được cải thiện bằng cách giảm tiêu thụ thực phẩm giàu năng lượng, chẳng hạn như những thực phẩm giàu chất béo hoặc đường, và bằng cách tăng lượng chất xơ ăn vào. Tổ chức Y tế Thế giới nhấn mạnh rằng căn bệnh này là trách nhiệm xã hội và những lựa chọn chế độ ăn uống này phải là những lựa chọn sẵn có nhất, giá cả phải chăng và dễ tiếp cận nhất. Có thể sử dụng thuốc cùng với chế độ ăn uống phù hợp để giảm cảm giác thèm ăn hoặc giảm hấp thu chất béo. Nếu chế độ ăn kiêng, tập thể dục và dùng thuốc không hiệu quả, bóng dạ dày hoặc phẫu thuật có thể được thực hiện để giảm thể tích dạ dày hoặc chiều dài của ruột, dẫn đến cảm giác no sớm hơn hoặc giảm khả năng hấp thụ chất dinh dưỡng từ thức ăn. Phẫu thuật chuyển hóa thúc đẩy giảm cân không chỉ bằng cách giảm lượng calo mà còn bằng cách tạo ra những thay đổi bền vững trong việc tiết ra các hormone đường ruột liên quan đến sự thèm ăn và điều hòa trao đổi chất. Béo phì là nguyên nhân gây tử vong hàng đầu có thể phòng ngừa được trên toàn thế giới, với tỷ lệ ngày càng tăng ở người lớn và trẻ em. Vào năm 2022, hơn 1 tỷ người mắc bệnh béo phì trên toàn thế giới (879 triệu người lớn và 159 triệu trẻ em), cao hơn gấp đôi số trường hợp ở người lớn (và cao gấp bốn lần so với trường hợp ở trẻ em) được đăng ký vào năm 1990. Béo phì phổ biến ở phụ nữ hơn nam giới. Béo phì thường bị kỳ thị ở nhiều nơi trên thế giới. Ngược lại, một số nền văn hóa, trong quá khứ và hiện tại, lại có quan điểm tích cực về béo phì, coi đó là biểu tượng của sự giàu có và khả năng sinh sản. Tổ chức Y tế Thế giới, Mỹ, Canada, Nhật Bản, Bồ Đào Nha, Đức, Nghị viện Châu Âu và các hiệp hội y tế (như Hiệp hội Y khoa Hoa Kỳ) phân loại béo phì là một căn bệnh. Những nước khác, chẳng hạn như Vương quốc Anh, thì không.	https://en.wikipedia.org/wiki/Obesity
