id	name	wiki_title	description	wiki_url
DOID:0050156	idiopathic pulmonary fibrosis	Idiopathic pulmonary fibrosis	Idiopathic pulmonary fibrosis (IPF), formerly known as cryptogenic fibrosing alveolitis, is a rare, progressive illness of the respiratory system, characterized by the thickening and stiffening of lung tissue, that surrounds the air sacs, and is associated with the formation of scar tissue. It is a type of chronic pulmonary fibrosis characterized by a progressive and irreversible decline in lung function. Symptoms typically include gradual onset of shortness of breath and a dry cough. Other changes may include feeling tired, and clubbing (abnormally large and dome shaped finger and toenails). Complications may include pulmonary hypertension, heart failure, pneumonia or pulmonary embolism. The cause is unknown, hence the term idiopathic. Risk factors include cigarette smoking, gastroesophageal reflux disease, certain viral infections, and genetic predisposition. The underlying mechanism involves scarring of the lungs. Diagnosis requires ruling out other potential causes. It may be supported by a high resolution CT scan or lung biopsy which show usual interstitial pneumonia. It is a type of interstitial lung disease. People often benefit from pulmonary rehabilitation and supplemental oxygen. Anti-fibrotic medications like pirfenidone or nintedanib may slow the progression of the disease. Lung transplantation may also be an option. About 5 million people are affected globally. The disease newly occurs in about 12 per 100,000 people per year. Those in their 60s and 70s are most commonly affected. Males are affected more often than females. Average life expectancy following diagnosis is about four years. Updated international guidelines were published in 2022, which resulted in some simplification in diagnosis and the removal of antacids as a possible adjunct therapy.	https://en.wikipedia.org/wiki/Idiopathic_pulmonary_fibrosis
DOID:0050425	restless legs syndrome	Restless legs syndrome	Restless legs syndrome (RLS), also known as Willis–Ekbom disease (WED), is a neurological disorder, usually chronic, that causes an overwhelming urge to move one's legs. There is often an unpleasant feeling in the legs that improves temporarily by moving them. This feeling is often described as aching, tingling, or crawling in nature. Occasionally, arms may also be affected. The feelings generally happen when at rest and therefore can make it hard to sleep. Sleep disruption may leave people with RLS sleepy during the day, with low energy, and irritable or depressed. Additionally, many have limb twitching during sleep, a condition known as periodic limb movement disorder (PLMD). RLS is not the same as habitual foot-tapping or leg-rocking.	https://en.wikipedia.org/wiki/Restless_legs_syndrome
DOID:0050741	alcohol dependence	Alcohol dependence	Alcohol dependence is a previous (DSM-IV and ICD-10) psychiatric diagnosis in which an individual is physically or psychologically dependent upon alcohol (also chemically known as ethanol). In 2013, it was reclassified as alcohol use disorder in DSM-5, which combined alcohol dependence and alcohol abuse into this diagnosis.	https://en.wikipedia.org/wiki/Alcohol_dependence
DOID:0050742	nicotine dependence	Nicotine dependence	"Nicotine dependence is a state of substance dependence on nicotine. It is a chronic, relapsing disease characterized by a compulsive craving to use the drug despite social consequences, loss of control over drug intake, and the emergence of withdrawal symptoms. Tolerance is another component of drug dependence. Nicotine dependence develops over time as an individual continues to use nicotine. While cigarettes are the most commonly used tobacco product, all forms of tobacco use—including smokeless tobacco and e-cigarette use—can cause dependence. Nicotine dependence is a serious public health problem because it leads to continued tobacco use and the associated negative health effects. Tobacco use is one of the leading preventable causes of death worldwide, causing more than 8 million deaths per year and killing half of its users who do not quit. Current smokers are estimated to die an average of 10 years earlier than non-smokers. According to the World Health Organization, ""Greater nicotine dependence has been shown to be associated with lower motivation to quit, difficulty in trying to quit, and failure to quit, as well as with smoking the first cigarette earlier in the day and smoking more cigarettes per day."" The WHO estimates that there were 1.24 billion tobacco users globally in 2022, with the number projected to decline to 1.20 billion in 2025. Of the 34 million smokers in the United States in 2018, 74.6% smoked every day, indicating the potential for some level of nicotine dependence. There is an increased incidence of nicotine dependence in individuals with psychiatric disorders, such as anxiety disorders and substance use disorders. Various methods exist for measuring nicotine dependence. Common assessment scales for cigarette smokers include the Fagerström Test for Nicotine Dependence, the Diagnostic and Statistical Manual of Mental Disorders criteria, the Cigarette Dependence Scale, the Nicotine Dependence Syndrome Scale, and the Wisconsin Inventory of Smoking Dependence Motives. Nicotine is a parasympathomimetic stimulant that binds to nicotinic acetylcholine receptors in the brain. Neuroplasticity within the brain's reward system, including an increase in the number of nicotine receptors, occurs as a result of long-term nicotine use and leads to nicotine dependence. In contrast, the effect of nicotine on human brain structure (e.g., gray matter and white matter) is less clear. Genetic risk factors contribute to the development of dependence. For instance, genetic markers for specific types of nicotinic receptors (the α5–α3–β4 nicotinic receptors) have been linked to an increased risk of dependence. Evidence-based treatments—including medications such as nicotine replacement therapy, bupropion, varenicline, or cytisine, and behavioral counseling—can double or triple a smoker's chances of successfully quitting."	https://en.wikipedia.org/wiki/Nicotine_dependence
DOID:0060073	lymphatic system cancer		Description not found.	
DOID:0060119	pharynx cancer	Head and neck cancer	Head and neck cancer is a general term encompassing multiple cancers that can develop in the head and neck region. These include cancers of the mouth, tongue, gums and lips (oral cancer), voice box (laryngeal), throat (nasopharyngeal, oropharyngeal, hypopharyngeal), salivary glands, nose and sinuses. Head and neck cancer can present a wide range of symptoms depending on where the cancer developed. These can include an ulcer in the mouth that does not heal, changes in the voice, difficulty swallowing, red or white patches in the mouth, and a neck lump.  The majority of head and neck cancer is caused by the use of alcohol or tobacco (including smokeless tobacco). An increasing number of cases are caused by the human papillomavirus (HPV). Other risk factors include the Epstein–Barr virus, chewing betel quid (paan), radiation exposure, poor nutrition and workplace exposure to certain toxic substances. About 90% are pathologically classified as squamous cell cancers. The diagnosis is confirmed by a tissue biopsy. The degree of surrounding tissue invasion and distant spread may be determined by medical imaging and blood tests. Not using tobacco or alcohol can reduce the risk of head and neck cancer. Regular dental examinations may help to identify signs before the cancer develops. The HPV vaccine helps to prevent HPV-related oropharyngeal cancer. Treatment may include a combination of surgery, radiation therapy, chemotherapy, and targeted therapy. In the early stage head and neck cancers are often curable but 50% of people see their doctor when they already have an advanced disease.  Globally, head and neck cancer accounts for 650,000 new cases of cancer and 330,000 deaths annually on average. In 2018, it was the seventh most common cancer worldwide, with 890,000 new cases documented and 450,000 people dying from the disease. The usual age at diagnosis is between 55 and 65 years old. The average 5-year survival following diagnosis in the developed world is 42–64%.	https://en.wikipedia.org/wiki/Head_and_neck_cancer
DOID:10021	duodenum cancer		Description not found.	
DOID:10153	ileum cancer		Description not found.	
DOID:1024	leprosy	Leprosy	"Leprosy, also known as Hansen's disease (HD), is a long-term infection by the bacterium Mycobacterium leprae or Mycobacterium lepromatosis. Infection can lead to damage of the nerves, respiratory tract, skin, and eyes. This nerve damage may result in the loss of nociception, which can lead to the loss of parts of a person's extremities from repeated injuries or infection through unnoticed wounds. An infected person may also experience muscle weakness and loss of eyesight. Leprosy symptoms may begin within one year or take 20 years or more. Leprosy is spread between people, although extensive contact is necessary. Leprosy has a low pathogenicity, and 95% of people who contract or who are exposed to M. leprae do not develop the disease. Spread is likely through a cough or contact with fluid from the nose of a person infected by leprosy. Genetic factors and baseline immune function play a role in how easily a person catches the disease. Leprosy is not spread during pregnancy to the unborn child or through genital sexual contact. There are two main types of the disease—paucibacillary and multibacillary, which differ in the number of bacteria present. A person with paucibacillary disease has five or fewer poorly pigmented, numb skin patches, while a person with multibacillary disease has more than five skin patches. The diagnosis is confirmed by finding acid-fast bacilli in a biopsy of the skin. Leprosy is curable with multidrug therapy. Treatment of paucibacillary leprosy is with the medications dapsone, rifampicin, and clofazimine for six months. Treatment for multibacillary leprosy uses the same medications for 12 months. Several other antibiotics may also be used. These treatments are provided free of charge by the World Health Organization. Leprosy is not highly contagious. People with leprosy can live with their families and attend school and work. In the 1980s, there were 5.2 million cases globally, but by 2020 this decreased to fewer than 200,000. Most new cases occur in one of 14 countries, with India accounting for more than half of all new cases. In the 20 years from 1994 to 2014, 16 million people worldwide were cured of leprosy. Separating people affected by leprosy by placing them in leper colonies is not supported by evidence but as of the late 2000s was still occurring in some areas of India, China, Japan, Africa, and Thailand. Leprosy has affected humanity for thousands of years. The disease takes its name from the Greek word λέπρα (lépra), from λεπίς (lepís; 'scale'), while the term ""Hansen's disease"" is named after the Norwegian physician Gerhard Armauer Hansen. Leprosy has historically been associated with social stigma, which continues to be a barrier to self-reporting and early treatment. Leprosy is classified as a neglected tropical disease. World Leprosy Day was started in 1954 to draw awareness to those affected by leprosy. The study of leprosy and its treatment is known as leprology."	https://en.wikipedia.org/wiki/Leprosy
DOID:10283	prostate cancer	Prostate cancer	Prostate cancer is the uncontrolled growth of cells in the prostate, a gland in the male reproductive system below the bladder. Abnormal growth of prostate tissue is usually detected through screening tests, typically blood tests that check for prostate-specific antigen (PSA) levels. Those with high levels of PSA in their blood are at increased risk for developing prostate cancer.  Diagnosis requires a biopsy of the prostate. If cancer is present, the pathologist assigns a Gleason score; a higher score represents a more dangerous tumor. Medical imaging is performed to look for cancer that has spread outside the prostate. Based on the Gleason score, PSA levels, and imaging results, a cancer case is assigned a stage 1 to 4. A higher stage signifies a more advanced, more dangerous disease. Most prostate tumors remain small and cause no health problems. These are managed with active surveillance, monitoring the tumor with regular tests to ensure it has not grown. Tumors more likely to be dangerous can be destroyed with radiation therapy or surgically removed by radical prostatectomy. Those whose cancer spreads beyond the prostate are treated with hormone therapy, which reduces levels of the androgens (masculinizing sex hormones) that prostate cells need to survive. Eventually, cancer cells can grow resistant to this treatment. This most-advanced stage of the disease, called castration-resistant prostate cancer, is treated with continued hormone therapy alongside the chemotherapy drug docetaxel.  Some tumors metastasize (spread) to other areas of the body, particularly the bones and lymph nodes. There, tumors cause severe bone pain, leg weakness or paralysis, and eventually death. Prostate cancer prognosis depends on how far the cancer has spread at diagnosis. Most men diagnosed have low-risk tumors confined to the prostate; 99% of them survive more than 10 years from their diagnoses. Tumors that have metastasized to distant body sites are most dangerous, with five-year survival rates of 30–40%. The risk of developing prostate cancer increases with age; the average age of diagnosis is 67. Those with a family history of any cancer are more likely to have prostate cancer, particularly those who inherit cancer-associated variants of the BRCA2 gene. Each year, 1.2 million cases of prostate cancer are diagnosed, and 350,000 die of the disease, making it the second-leading cause of cancer and cancer death in men. One in eight men is diagnosed with prostate cancer in their lifetime, and one in forty dies of the disease.  Prostate tumors were first described in the mid-19th century, during surgeries on men with urinary obstructions. Initially, prostatectomy was the primary treatment for prostate cancer. By the mid-20th century, radiation treatments and hormone therapies were developed to improve prostate cancer treatment. The invention of hormone therapies for prostate cancer was recognized with the 1966 Nobel Prize to Charles Huggins and the 1977 Prize to Andrzej W. Schally.	https://en.wikipedia.org/wiki/Prostate_cancer
DOID:10534	stomach cancer	Stomach cancer	Stomach cancer, also known as gastric cancer, is a malignant tumor of the stomach. It is a cancer that develops in the lining of the stomach, caused by abnormal cell growth. Most cases of stomach cancers are gastric carcinomas, which can be divided into several subtypes, including gastric adenocarcinomas. Lymphomas and mesenchymal tumors may also develop in the stomach. Early symptoms may include heartburn, upper abdominal pain, nausea, and loss of appetite. Later signs and symptoms may include weight loss, yellowing of the skin and whites of the eyes, vomiting, difficulty swallowing, and blood in the stool, among others. The cancer may spread from the stomach to other parts of the body, particularly the liver, lungs, bones, lining of the abdomen, and lymph nodes. The bacterium Helicobacter pylori accounts for more than 60% of cases of stomach cancer. Certain strains of H. pylori have greater risks than others. Smoking, dietary factors such as pickled vegetables and obesity are other risk factors. About 10% of cases run in families, and between 1% and 3% of cases are due to genetic syndromes inherited such as hereditary diffuse gastric cancer. Most of the time, stomach cancer develops in stages over the years. Diagnosis is usually by biopsy done during endoscopy. This is followed by medical imaging to determine if the cancer has spread to other parts of the body. Japan and South Korea, two countries that have high rates of the disease, screen for stomach cancer. A Mediterranean diet lowers the risk of stomach cancer, as does not smoking. Tentative evidence indicates that treating H. pylori decreases the future risk. If stomach cancer is treated early, it can be cured. Treatments may include some combination of surgery, chemotherapy, radiation therapy, and targeted therapy. For certain subtypes of gastric cancer, cancer immunotherapy is an option as well. If treated late, palliative care may be advised. Some types of lymphoma can be cured by eliminating H. pylori. Outcomes are often poor, with a less than 10% five-year survival rate in the Western world for advanced cases. Most people with the condition present with advanced disease. In the United States, five-year survival is 39.8%, while in South Korea it is over 65% and Japan over 70%, mostly due to screening efforts. Globally, stomach cancer is the fifth-leading type of cancer and the third-leading cause of death from cancer, making up 7% of cases and 9% of deaths. In 2018, it newly occurred in 1.03 million people and caused 783,000 deaths. Before the 1930s, it was a leading cause of cancer deaths in the Western world;  rates have sharply declined among younger generations in the West,  although they remain high for people living in East Asia. The decline in the West is believed to be due to the decline of salted and pickled food consumption, as a result of the development of refrigeration as a method of preserving food. Stomach cancer occurs most commonly in East Asia, followed by Eastern Europe. It occurs twice as often in males as in females.	https://en.wikipedia.org/wiki/Stomach_cancer
DOID:10608	celiac disease	Coeliac disease	Coeliac disease (Commonwealth English) or celiac disease (American English) is a chronic autoimmune disease, mainly affecting the small intestine. It is caused by an abnormal immune system response to gluten, a protein found in wheat and other grains such as barley and rye. Coeliac disease causes a wide range of symptoms and complications that can affect multiple organs outside the gastrointestinal tract. The classic form of the disease can affect any age group, but is usually diagnosed in early childhood and causes symptoms of malabsorption such as weight loss, diarrhoea, and stunted growth. Non-classic coeliac disease is more commonly seen in adults, characterised by vague abdominal symptoms and complications in organs outside the gastrointestinal tract, such as bone disease, anaemia, and other consequences of nutritional deficiencies. In people with a genetic predisposition to the condition, eating gluten causes inflammation in the small intestine, damaging its lining and leading to malabsorption. The development of coeliac disease is believed to be influenced by other environmental factors, such as infections. Diagnosis is based on symptoms, blood tests, and biopsies of the small intestine. For people who have already cut gluten from their diet, gluten may need to be reintroduced before testing to ensure an accurate diagnosis. A lack of awareness and the diverse symptoms, which overlap with other disorders, often complicate the diagnosis by leading to a delay in diagnosis. Current research indicates that there is not enough evidence to advocate for mass screening for coeliac disease in those without symptoms. The only treatment for coeliac disease is a lifelong gluten-free diet (GFD). A GFD involves removing all food and drink containing wheat, rye, barley, and gluten derivatives. Symptoms can improve within days of adopting a GFD, and the diet can improve quality of life, prevent further complications, and normalise some effects of the disease such as stunted growth.  Approximately 1 in 200 to 1 in 50 people have coeliac disease. Diagnoses of coeliac disease have increased recently due to increased awareness and availability of blood testing. The disease is still thought to be underdiagnosed, with a significant number of people with the condition remaining undiagnosed and untreated. The disease usually develops before age 10; it is slightly more common in women than in men.	https://en.wikipedia.org/wiki/Coeliac_disease
DOID:10652	Alzheimer's disease	Alzheimer's disease	Alzheimer's disease (AD) is a neurodegenerative disease and is the most common cause of dementia, accounting for around 60–70% of cases. The most common early symptom is difficulty in remembering recent events. As the disease advances, symptoms can include problems with language, disorientation (including easily getting lost), mood swings, loss of motivation, self-neglect, and behavioral issues. As a person's condition declines, they often withdraw from family and society. Gradually, bodily functions are lost, ultimately leading to death. The median life expectancy following diagnosis of dementia is three to twelve years. Co-occurring movement disorder, also known as extrapyramidal signs, multiplies risk of death by 1.6. The causes of Alzheimer's disease remain poorly understood. There are many environmental and genetic risk factors associated with its development. The strongest genetic risk factor is from an allele of apolipoprotein E, a protein involved in the metabolism of fats in mammals. Other risk factors include a history of head injury, clinical depression, and high blood pressure. The progression of the disease is largely characterised by the accumulation of malformed protein deposits in the cerebral cortex, called amyloid plaques and neurofibrillary tangles. These misfolded protein aggregates interfere with normal cell function, and over time lead to irreversible degeneration of neurons and loss of synaptic connections in the brain. A probable diagnosis is based on the history of the illness and cognitive testing, with medical imaging and blood tests to rule out other possible causes. Initial symptoms are often mistaken for normal brain aging. Examination of brain tissue post mortem is the only way to definitively diagnose Alzheimer's, but neuroimaging techniques and fluid biomarkers have made it possible to diagnose probable Alzheimer's disease in vivo. No known treatments can stop or reverse its progression, though some may temporarily improve symptoms. A healthy diet, physical activity, and social engagement are generally beneficial in aging, and may help in reducing the risk of cognitive decline and Alzheimer's. Affected people become increasingly reliant on others for assistance, often placing a burden on caregivers. The pressures can include social, psychological, physical, and economic elements. Exercise programs may be beneficial with respect to activities of daily living and can potentially improve outcomes. Behavioral problems or psychosis due to dementia are sometimes treated with antipsychotics, but this has an increased risk of early death. As of 2020, there were approximately 50 million people worldwide with Alzheimer's disease. It most often begins in people over 65 years of age, although up to 10% of cases are early-onset impacting those in their 30s to mid-60s. It affects about 6% of people 65 years and older, and women more often than men. The disease is named after German psychiatrist and pathologist Alois Alzheimer, who first described it in 1906. Alzheimer's financial burden on society is large, with an estimated global annual cost of US$1 trillion. Alzheimer's and related dementias are ranked as the seventh leading cause of death worldwide.  Given the widespread impacts of Alzheimer's disease, both basic-science and health funders in many countries support Alzheimer's research at large scales. For example, the US National Institutes of Health program for Alzheimer's research, the National Plan to Address Alzheimer's Disease, has a budget of US$3.98 billion for fiscal year 2026. In the European Union, the 2020 Horizon Europe research programme awarded over €570 million for dementia-related projects.	https://en.wikipedia.org/wiki/Alzheimer%27s_disease
DOID:10763	hypertension	Hypertension	Hypertension, also known as high blood pressure, is a long-term medical condition in which the blood pressure in the arteries is persistently elevated. High blood pressure usually does not cause symptoms itself. It is, however, a major risk factor for stroke, coronary artery disease, heart failure, atrial fibrillation, peripheral arterial disease, vision loss, chronic kidney disease, and dementia. Hypertension is a major cause of premature death worldwide. High blood pressure is classified as primary (essential) hypertension or secondary hypertension. About 90–95% of cases are primary, defined as high blood pressure due to non-specific lifestyle and genetic factors. Lifestyle factors that increase the risk include excess salt in the diet, excess body weight, smoking, physical inactivity, and alcohol use. The remaining 5–10% of cases are categorized as secondary hypertension, defined as high blood pressure due to a clearly identifiable cause, such as chronic kidney disease, narrowing of the kidney arteries, an endocrine disorder, or the use of birth control pills. Blood pressure is classified by two measurements, the systolic (first number) and diastolic (second number) pressures. For most adults, normal blood pressure at rest is under 120 millimeters mercury (mmHg) systolic and 80 mmHg diastolic, elevated blood pressure is between 120 and 129 mmHg systolic and under 80 mmHg diastolic and high blood pressure is present if the resting blood pressure is persistently at or above 130/80 (stage 1) or 140/90 (stage 2) mmHg. Different numbers apply to children. Ambulatory blood pressure monitoring over a 24-hour period appears more accurate than office-based blood pressure measurement. Lifestyle changes and medications can lower blood pressure and decrease the risk of health complications. Lifestyle changes include weight loss, physical exercise, decreased salt intake, reducing alcohol intake, and a healthy diet. If lifestyle changes are not sufficient, blood pressure medications are used. Up to three medications taken concurrently can control blood pressure in 90% of people. The treatment of moderately high arterial blood pressure (defined as >160/100 mmHg) with medications is associated with an improved life expectancy. The effect of treatment of blood pressure between 130/80 mmHg and 160/100 mmHg is less clear, with some reviews finding benefit and others finding unclear or no benefit. High blood pressure affects 33% of the population globally. About half of all people with high blood pressure do not know that they have it. In 2019, high blood pressure was believed to have been a factor in 19% of all deaths (10.4 million globally).	https://en.wikipedia.org/wiki/Hypertension
DOID:10811	nasal cavity cancer		Description not found.	
DOID:10871	age related macular degeneration	Macular degeneration	"Macular degeneration, also known as age-related macular degeneration (AMD or ARMD), is an eye disease that gradually damages the macula, the small central part of the retina responsible for sharp, detailed central vision. It mainly affects older adults and can make tasks like reading, driving, recognizing faces, or seeing fine details difficult. Wet-form AMD is when abnormal blood vessels grow under the macula and leak fluid or blood, damaging the retina and causing rapid loss of central vision. Dry-form AMD is when the macula gradually thins and small deposits called drusen build up, leading to a slow loss of central vision. Macular degeneration typically occurs in older people, and is caused by damage to the macula of the retina. Genetic factors and smoking may play a role. The condition is diagnosed through a complete eye exam. Severity is divided into early, intermediate, and late types. The late type is additionally divided into ""dry"" and ""wet"" forms, with the dry form making up 90% of cases. The difference between the two forms is categorized by the change in the macula. Those with dry-form AMD have drusen, cellular debris in their macula that gradually damages light-sensitive cells and leads to vision loss. In wet-form AMD, blood vessels grow under the macula, causing blood and fluid to leak into the retina. Exercising, eating well, and not smoking may reduce the risk of macular degeneration. No cure or treatment restores the vision already lost. In the wet form, anti–vascular endothelial growth factor injected into the eye or, less commonly, laser coagulation or photodynamic therapy may slow worsening. Dietary antioxidant vitamins, minerals, and carotenoids do not appear to affect the onset; however, dietary supplements may slow the progression in those who already have the disease. As of 2022, AMD affects more than 200 million people globally with the prevalence expected to increase to 300 million people by 2040 as the proportion of elderly persons in the population increases. It is more common in those of European or North American ancestry, and is about equally common in males and females. In 2013, it was the fourth most common cause of blindness, after cataracts, preterm birth, and glaucoma. It most commonly occurs in people over the age of fifty and in the United States is the most common cause of vision loss in this age group. About 0.4% of people between 50 and 60 have the disease, while it occurs in 0.7% of people 60 to 70, 2.3% of those 70 to 80, and nearly 12% of people over 80 years old."	https://en.wikipedia.org/wiki/Macular_degeneration
DOID:1094	attention deficit hyperactivity disorder	Attention deficit hyperactivity disorder	Attention deficit hyperactivity disorder (ADHD) is a neurodevelopmental disorder characterised by symptoms of inattention, hyperactivity, impulsivity, and emotional dysregulation that are excessive and pervasive, impairing in multiple contexts, and developmentally inappropriate. ADHD symptoms arise from executive dysfunction. Impairments resulting from deficits in self-regulation such as time management, cognitive inhibition, task initiation, and sustained attention can include poor professional performance, relationship difficulties, and numerous health risks, collectively predisposing to a diminished quality of life and a reduction in life expectancy. It is associated with other mental disorders as well as non-psychiatric disorders, which can cause additional impairment. While ADHD involves a lack of sustained attention to tasks, inhibitory deficits also can lead to difficulty interrupting an ongoing response pattern, manifesting in the perseveration of actions despite a change in context whereby the individual intends the termination of those actions. This symptom is known colloquially as hyperfocus and is related to risks such as addiction and types of offending behaviour. ADHD can be difficult to tell apart from other conditions. ADHD represents the extreme lower end of the continuous dimensional trait (bell curve) of executive functioning and self-regulation, which is supported by twin, brain imaging and molecular genetic studies.  ADHD treatment is most effective when medications (primarily stimulants like methylphenidate or amphetamines, as well as non-stimulants such as atomoxetine or alpha-2 agonists) are used, often in combination with psychotherapy; exercise and dietary modifications have no proven benefit. The precise causes of ADHD are unknown in most individual cases. Meta-analyses have shown that the disorder is primarily genetic with a heritability rate of 70–80%, where risk factors are highly accumulative. The environmental risks are not related to social or familial factors; they exert their effects very early in life, in the prenatal or early postnatal period. However, in rare cases, ADHD can be caused by a single event including traumatic brain injury, exposure to biohazards during pregnancy, or a major genetic mutation. As it is a neurodevelopmental disorder, there is no biologically distinct adult-onset ADHD except for when ADHD occurs after traumatic brain injury.	https://en.wikipedia.org/wiki/Attention_deficit_hyperactivity_disorder
DOID:10941	intracranial aneurysm	Intracranial aneurysm	An intracranial aneurysm, also known as a cerebral aneurysm, is a cerebrovascular disorder characterized by a localized dilation or ballooning of a blood vessel in the brain due to a weakness in the vessel wall. These aneurysms can occur in any part of the brain but are most commonly found in the arteries of the cerebral arterial circle, also known as the Circle of Willis. The risk of rupture varies with the size and location of the aneurysm, with those in the posterior circulation being more prone to rupture. Cerebral aneurysms are classified by size into small, large, giant, and super-giant, and by shape into saccular (berry), fusiform, and microaneurysms. Saccular aneurysms are the most common type and can result from various risk factors, including genetic conditions, hypertension, smoking, and drug abuse. Symptoms of an unruptured aneurysm are often minimal, but a ruptured aneurysm can cause a subarachnoid hemorrhage which may present with severe headaches, nausea, vision impairment, and loss of consciousness. Treatment options include surgical clipping and endovascular coiling, both aimed at preventing further bleeding. Diagnosis typically involves imaging techniques such as CT or MR angiography and lumbar puncture to detect subarachnoid hemorrhage. Prognosis depends on factors like the size and location of the aneurysm and the patient’s age and health, with larger aneurysms having a higher risk of rupture and poorer outcomes.  Advances in medical imaging have led to increased detection of unruptured aneurysms, prompting ongoing research into their management and the development of predictive tools for rupture risk.	https://en.wikipedia.org/wiki/Intracranial_aneurysm
DOID:10976	membranous glomerulonephritis	Membranous glomerulonephritis	Membranous glomerulonephritis (MGN) is a slowly progressive disease of the kidney affecting mostly people between ages of 30 and 50 years, usually white people (i.e., those of European, Middle Eastern, or North African ancestry.).  It is the second most common cause of nephrotic syndrome in adults, with focal segmental glomerulosclerosis (FSGS) recently becoming the most common.	https://en.wikipedia.org/wiki/Membranous_glomerulonephritis
DOID:11054	urinary bladder cancer	Bladder cancer	Bladder cancer is the abnormal growth of cells in the bladder. These cells can grow to form a tumor, which eventually spreads, damaging the bladder and other organs. Most people with bladder cancer are diagnosed after noticing blood in their urine. Those suspected of having bladder cancer typically have their bladder inspected by a thin medical camera, a procedure called cystoscopy. Suspected tumors are removed and examined to determine if they are cancerous. Based on how far the tumor has spread, the cancer case is assigned a stage 0 to 4; a higher stage indicates a more widespread and dangerous disease.  Those whose bladder tumors have not spread outside the bladder have the best prognoses. These tumors are typically surgically removed, and the person is treated with chemotherapy or one of several immune-stimulating therapies. Those whose tumors continue to grow, or whose tumors have penetrated the bladder muscle, often have their bladder surgically removed (radical cystectomy). People whose tumors have spread beyond the bladder have the worst prognoses; on average they survive a year from diagnosis. These people are treated with chemotherapy and immune checkpoint inhibitors, followed by enfortumab vedotin. Around 500,000 people are diagnosed with bladder cancer each year, and 200,000 die of the disease. The risk of bladder cancer increases with age and the average age at diagnosis is 73. Tobacco smoking is the greatest contributor to bladder cancer risk, and causes around half of bladder cancer cases. Exposure to certain toxic chemicals or the tropical bladder infection schistosomiasis also increases the risk.	https://en.wikipedia.org/wiki/Bladder_cancer
DOID:11119	Gilles de la Tourette syndrome	Tourette syndrome	"Tourette syndrome (TS), or simply Tourette's, is a motor disorder that begins in childhood or adolescence. It is characterized by multiple movement (motor) tics and at least one vocal (phonic) tic. Common tics are blinking, coughing, throat clearing, sniffing, and facial movements. Tics are typically preceded by an unwanted urge or sensation in the affected area known as a premonitory urge, can sometimes be suppressed temporarily, and characteristically change in location, strength, and frequency. Tourette's is at the more severe end of the spectrum of tic disorders. The tics often go unnoticed by casual observers. Tourette's was once regarded as a rare and bizarre syndrome and has popularly been associated with coprolalia (the utterance of obscene words or socially inappropriate and derogatory remarks). It is no longer considered rare; about 1% of school-age children and adolescents are estimated to have Tourette's, though coprolalia occurs only in a minority. There are no specific tests for diagnosing Tourette's; it is not always correctly identified, because most cases are mild, and the severity of tics decreases for most children as they pass through adolescence. Therefore, many go undiagnosed or may never seek medical attention. Extreme Tourette's in adulthood, often sensationalized in the media, is rare, but for a small minority, severely debilitating tics can persist into adulthood.  There is no cure for Tourette's and no single most effective medication. In most cases, medication for tics is not necessary, and behavioral therapies are the first-line treatment. Education is an important part of any treatment plan, and explanation alone often provides sufficient reassurance that no other treatment is necessary. Other conditions, such as attention deficit hyperactivity disorder (ADHD) and obsessive–compulsive disorder (OCD), are more likely to be present among those who are referred to specialty clinics than they are among the broader population of persons with Tourette's. These co-occurring conditions often cause more impairment to the individual than the tics; hence it is important to correctly distinguish co-occurring conditions and treat them. Tourette syndrome was named by French neurologist Jean-Martin Charcot for his intern, Georges Gilles de la Tourette, who published in 1885 an account of nine patients with a ""convulsive tic disorder"". While the exact cause is unknown, it is believed to involve a combination of genetic and environmental factors. The mechanism appears to involve dysfunction in neural circuits between the basal ganglia and related structures in the brain."	https://en.wikipedia.org/wiki/Tourette_syndrome
DOID:1115	sarcoma	Sarcoma	"A sarcoma is a rare type of cancer that arises from cells of mesenchymal origin. Originating from mesenchymal cells means that sarcomas are cancers of connective tissues such as bone, cartilage, muscle, fat, or vascular tissues.  Sarcomas are one of five different types of cancer, classified by the cell type from which they originate. While there are five types under this category, sarcomas are most frequently contrasted with carcinomas which are much more common. Sarcomas are quite rare, making up about 1% of all adult cancer diagnoses and 15% of childhood cancer diagnoses. There are many subtypes of sarcoma, which are classified based on the specific tissue and type of cell from which the tumor originates. Common examples of sarcoma include liposarcoma, leiomyosarcoma, and osteosarcoma. Sarcomas are primary connective tissue tumors, meaning that they arise in connective tissues. This is in contrast to secondary (or ""metastatic"") connective tissue tumors, which occur when a cancer from elsewhere in the body (such as the lungs, breast tissue or prostate) spreads to the connective tissue.   The word sarcoma is derived from the Greek σάρκωμα sarkōma 'fleshy excrescence or substance', itself from σάρξ sarx meaning 'flesh'."	https://en.wikipedia.org/wiki/Sarcoma
DOID:11239	appendix cancer	Appendix cancer	Appendix cancer, also known as appendiceal cancer, is a very rare malignant tumor that forms in the vermiform appendix. Gastrointestinal stromal tumors are rare tumors with malignant potential. Primary lymphomas can occur in the appendix. Breast cancer, colon cancer, and tumors of the female genital tract may metastasize to the appendix.	https://en.wikipedia.org/wiki/Appendix_cancer
DOID:11476	osteoporosis	Osteoporosis	"Osteoporosis is a systemic skeletal disorder characterized by low bone mass, micro-architectural deterioration of bone tissue leading to more porous bone, and consequent increase in fracture risk. Bones undergo continuous remodeling: osteoclasts resorb old bone, and osteoblasts synthesize new bone. With advancing age, the rate of resorption exceeds that of bone formation, causing bones to lose density and become more susceptible to fractures. The word ""osteoporosis"" is from the Greek terms for ""porous bones"". Osteoporosis is the most common reason for a broken bone among the elderly. Bones that commonly break include the vertebrae in the spine, the bones of the forearm, the wrist, and the hip. Until a broken bone occurs, there are typically no symptoms. Bones may weaken to such a degree that a break may occur with minor stress or spontaneously. After the broken bone heals, some people may have chronic pain and a decreased ability to carry out normal activities. Osteoporosis may be due to lower-than-normal maximum bone mass and greater-than-normal bone loss. Bone loss increases after menopause in women due to lower levels of estrogen, and after in older men due to lower levels of testosterone. Osteoporosis may also occur due to several diseases or treatments, including alcoholism, anorexia, hyperthyroidism, kidney disease, and after oophorectomy (surgical removal of the ovaries). Certain medications increase the rate of bone loss, including chemotherapy, glucocorticosteroids. Smoking and a sedentary lifestyle are also recognized as major risk factors. Osteoporosis is defined as a bone density of 2.5 standard deviations below that of a young adult. This is typically measured by a DXA (or DEXA) bone density scan. Prevention of osteoporosis includes a proper diet during childhood, hormone replacement therapy for menopausal women, and efforts to avoid medications that increase the rate of bone loss. Efforts to prevent broken bones in those with osteoporosis include a good diet, exercise, and fall prevention. Lifestyle changes such as stopping smoking and not drinking alcohol may help. Bisphosphonate medications are useful to decrease future broken bones in those with previous broken bones due to osteoporosis. In those with osteoporosis but no previous broken bones, they have been shown to be less effective. They do not appear to affect the risk of death. Osteoporosis becomes more common with age. About 15% of Caucasians in their 50s and 70% of those over 80 are affected. It is more common in women than men. In the developed world, depending on the method of diagnosis, 2% to 8% of males and 9% to 38% of females are affected. Rates of disease in the developing world are unclear. White and Asian people are at greater risk for low bone mineral density due to their lower serum vitamin D levels and less vitamin D synthesis at certain latitudes."	https://en.wikipedia.org/wiki/Osteoporosis
DOID:11555	Fuchs' endothelial dystrophy	Fuchs' dystrophy	Fuchs dystrophy, also referred to as Fuchs endothelial corneal dystrophy (FECD) and Fuchs endothelial dystrophy (FED), is a slowly progressing corneal dystrophy that usually affects both eyes and is slightly more common in women than in men. Although early signs of Fuchs dystrophy are sometimes seen in people in their 30s and 40s, the disease rarely affects vision until people reach their 50s and 60s.	https://en.wikipedia.org/wiki/Fuchs%27_dystrophy
DOID:11612	polycystic ovary syndrome	Polyendocrine metabolic ovarian syndrome	Polyendocrine metabolic ovarian syndrome (PMOS), previously called polycystic ovary syndrome (PCOS), is the most common hormonal disorder in women of reproductive age. PMOS is diagnosed when a woman has at least two of the following three features: irregular menstrual periods, high testosterone or related symptoms (like excess facial hair), or an excess of antral ovarian follicles on ultrasound; Persons with PMOS are not more likely than those without to have true ovarian cysts. A blood test for high levels of anti-Müllerian hormone can replace the ultrasound in the diagnosis. Other symptoms associated with PMOS are heavy periods, acne, difficulty getting pregnant, and patches of darker skin. The exact cause of PMOS remains uncertain. There is a clear genetic component, but environmental factors are also thought to contribute. PMOS occurs in between 5% and 18% of women. The disorder is linked to insulin resistance, which is made worse by obesity. Insulin resistance and related excess insulin levels increase the risk of complications such as type 2 diabetes and liver disease. Those living with PMOS also have higher risk of endometrial cancer.  Management focuses on relieving symptoms and reducing long-term risks. A healthy lifestyle and weight control are recommended for general management. In addition, hormonal contraception can help regulate menstrual cycles and reduce acne and excess hair growth. Metformin, a common antidiabetic drug, increases insulin sensitivity. For fertility, ovulation can be induced with letrozole, among other methods. In addition, those affected can be monitored for cardiometabolic risks, and during pregnancy.	https://en.wikipedia.org/wiki/Polyendocrine_metabolic_ovarian_syndrome
DOID:11615	penile cancer	Penile cancer	Penile cancer, or penile carcinoma, is a rare cancer that develops in the skin or tissues of the penis. Symptoms may include abnormal growth, an ulcer or sore on the skin of the penis, and bleeding or foul-smelling discharge. Risk factors include phimosis (inability to retract the foreskin of the penis), chronic inflammation, smoking, HPV infection, condylomata acuminate, having multiple sexual partners, and early age of sexual intercourse. Around 95% of penile cancers are squamous-cell carcinomas. Other types of penile cancer, such as Merkel-cell carcinoma, small-cell carcinoma, and melanoma, are generally rare. In 2020, it occurred in 36,000 men and caused 13,000 deaths.	https://en.wikipedia.org/wiki/Penile_cancer
DOID:11714	gestational diabetes	Gestational diabetes	Gestational diabetes is a condition in which an individual without diabetes develops high blood sugar levels during pregnancy. Gestational diabetes generally results in few symptoms. Obesity increases the rate of pre-eclampsia, cesarean sections, and embryo macrosomia, as well as gestational diabetes. Babies born to individuals with poorly treated gestational diabetes are at increased risk of macrosomia, of having hypoglycemia after birth, and of jaundice. If untreated, diabetes can also result in stillbirth. Long term, children are at higher risk of being overweight and of developing type 2 diabetes. Gestational diabetes can occur during pregnancy because of insulin resistance or reduced production of insulin. Risk factors include being overweight, previously having gestational diabetes, a family history of type 2 diabetes, and having polycystic ovarian syndrome. Diagnosis is by blood tests. For those at normal risk, screening is recommended between 24 and 28 weeks' gestation. For those at high risk, testing may occur at the first prenatal visit. Maintaining a healthy weight and exercising before pregnancy assists in prevention. Gestational diabetes is treated with a healthy eating plan, exercise, medication (such as metformin), and sometimes insulin injections. Most people manage blood sugar with diet and exercise. Blood sugar testing among those affected is often recommended four times daily. Breastfeeding is recommended as soon as possible after birth. Gestational diabetes affects 3–9% of pregnancies, depending on the population studied. It is especially common during the third trimester. It affects 1% of those under the age of 20 and 13% of those over the age of 44. Several ethnic groups including Asians, American Indians, Indigenous Australians, and Pacific Islanders are at higher risk. However, the variations in prevalence are also due to different screening strategies and diagnostic criteria. In 90% of cases, gestational diabetes resolves after the baby is born. Affected people, however, are at an increased risk of developing type 2 diabetes.	https://en.wikipedia.org/wiki/Gestational_diabetes
DOID:11819	ureter cancer	Ureteral cancer	"Ureteral cancer is cancer of the ureters, muscular tubes that propel urine from the kidneys to the urinary bladder.  It is also known as ureter cancer, renal pelvic cancer, and rarely ureteric cancer or uretal cancer. Cancer in this location is rare. Ureteral cancer becomes more likely in older adults, usually ages 70–80, who have previously been diagnosed with bladder cancer. Ureteral cancer is usually a transitional cell carcinoma. Transitional cell carcinoma is ""a common cause of ureter cancer and other urinary (renal pelvic) tract cancers."" Because the inside of the ureters and the inside of the bladder contain the same cell type, people who have been diagnosed with ureteral cancer are more likely to also be diagnosed with bladder cancer, and vice versa. Ureteral cancer oftentimes doesn't present with any unusual symptoms until the cancer has progressed. Once the cancer has progressed it often causes hematuria, frequent urination, nocturia, and many other urination problems, as well as unusual weight loss and fatigue. It has not become clear to doctors what specifically causes this disease but there are many well known risk factors, many of which are common to a variety of cancers. A diagnosis can be made in different ways, but some of the most common diagnostic tools are intravenous pyelography and computed tomography urography. Once a diagnosis is made, there are many different treatment methods, which will be dependent upon the nature of the cancer and the patient's wishes."	https://en.wikipedia.org/wiki/Ureteral_cancer
DOID:119	vaginal cancer	Vaginal cancer	Vaginal cancer is an extraordinarily rare form of cancer that develops in the tissue of the vagina. Primary vaginal cancer originates from the vaginal tissue – most frequently squamous cell carcinoma, but primary vaginal adenocarcinoma, sarcoma, and melanoma have also been reported – while secondary vaginal cancer involves the metastasis of a cancer that originated in a different part of the body. Secondary vaginal cancer is more common. Signs of vaginal cancer may include abnormal vaginal bleeding, dysuria, tenesmus, or pelvic pain, though as many as 20% of women diagnosed with vaginal cancer are asymptomatic at the time of diagnosis. Vaginal cancer occurs more frequently in women over age 50, and the mean age of diagnosis of vaginal cancer is 60 years. It often can be cured if found and treated in early stages. Surgery alone or surgery combined with pelvic radiation is typically used to treat vaginal cancer.	https://en.wikipedia.org/wiki/Vaginal_cancer
DOID:1192	peripheral nervous system neoplasm		Description not found.	
DOID:11920	tracheal cancer	Lung cancer	Lung cancer is a malignant tumor that originates in the tissues of the lungs. Lung cancer is caused by genetic damage to the DNA of cells in the airways, often caused by cigarette smoking or inhaling damaging chemicals. Damaged airway cells gain the ability to multiply unchecked, causing the growth of a tumor. Without treatment, tumors spread throughout the lung, damaging lung function. Eventually lung tumors metastasize, spreading to other parts of the body. Early lung cancer often has no symptoms and can only be detected by medical imaging. As the cancer progresses, most people experience nonspecific respiratory problems: coughing, shortness of breath, or chest pain. Other symptoms depend on the location and size of the tumor. Those suspected of having lung cancer typically undergo a series of imaging tests to determine the location and extent of any tumors. Definitive diagnosis of lung cancer requires a biopsy of the suspected tumor be examined by a pathologist under a microscope. In addition to recognizing cancerous cells, a pathologist can classify the tumor according to the type of cells it originates from. Around 15% of cases are small-cell lung cancer (SCLC), and the remaining 85% (the non-small-cell lung cancers or NSCLC) are adenocarcinomas, squamous-cell carcinomas, and large-cell carcinomas. After diagnosis, further imaging and biopsies are done to determine the cancer's stage based on how far it has spread. Treatment for early stage lung cancer includes surgery to remove the tumor, sometimes followed by radiation therapy and chemotherapy to kill any remaining cancer cells. Later stage cancer is treated with radiation therapy and chemotherapy alongside drug treatments that target specific cancer subtypes. Even with treatment, only around 20% of people survive five years on from their diagnosis. Survival rates are higher in those diagnosed at an earlier stage, diagnosed at a younger age, and in women compared to men. Most lung cancer cases are caused by tobacco smoking. The remainder are caused by exposure to hazardous substances like asbestos and radon gas, or by genetic mutations that arise by chance. Consequently, lung cancer prevention efforts encourage people to avoid hazardous chemicals and quit smoking. Quitting smoking both reduces one's chance of developing lung cancer and improves treatment outcomes in those already diagnosed with lung cancer. Lung cancer is the most diagnosed and deadliest cancer worldwide, with 2.2 million cases in 2020 resulting in 1.8 million deaths. Lung cancer is rare in those younger than 40; the average age at diagnosis is 70 years, and the average age at death 72. Incidence and outcomes vary widely across the world, depending on patterns of tobacco use. Prior to the advent of cigarette smoking in the 20th century, lung cancer was a rare disease. In the 1950s and 1960s, increasing evidence linked lung cancer and tobacco use, culminating in declarations by most large national health bodies discouraging tobacco use.	https://en.wikipedia.org/wiki/Lung_cancer
DOID:11934	head and neck cancer	Head and neck cancer	Head and neck cancer is a general term encompassing multiple cancers that can develop in the head and neck region. These include cancers of the mouth, tongue, gums and lips (oral cancer), voice box (laryngeal), throat (nasopharyngeal, oropharyngeal, hypopharyngeal), salivary glands, nose and sinuses. Head and neck cancer can present a wide range of symptoms depending on where the cancer developed. These can include an ulcer in the mouth that does not heal, changes in the voice, difficulty swallowing, red or white patches in the mouth, and a neck lump.  The majority of head and neck cancer is caused by the use of alcohol or tobacco (including smokeless tobacco). An increasing number of cases are caused by the human papillomavirus (HPV). Other risk factors include the Epstein–Barr virus, chewing betel quid (paan), radiation exposure, poor nutrition and workplace exposure to certain toxic substances. About 90% are pathologically classified as squamous cell cancers. The diagnosis is confirmed by a tissue biopsy. The degree of surrounding tissue invasion and distant spread may be determined by medical imaging and blood tests. Not using tobacco or alcohol can reduce the risk of head and neck cancer. Regular dental examinations may help to identify signs before the cancer develops. The HPV vaccine helps to prevent HPV-related oropharyngeal cancer. Treatment may include a combination of surgery, radiation therapy, chemotherapy, and targeted therapy. In the early stage head and neck cancers are often curable but 50% of people see their doctor when they already have an advanced disease.  Globally, head and neck cancer accounts for 650,000 new cases of cancer and 330,000 deaths annually on average. In 2018, it was the seventh most common cancer worldwide, with 890,000 new cases documented and 450,000 people dying from the disease. The usual age at diagnosis is between 55 and 65 years old. The average 5-year survival following diagnosis in the developed world is 42–64%.	https://en.wikipedia.org/wiki/Head_and_neck_cancer
DOID:11949	Creutzfeldt-Jakob disease	Creutzfeldt–Jakob disease	"Creutzfeldt–Jakob disease (CJD) is an incurable, always fatal, neurodegenerative disease belonging to the transmissible spongiform encephalopathy (TSE) group, also known as prion diseases. Early symptoms include memory problems, behavioral changes, poor coordination, visual disturbances and auditory disturbances.  Later symptoms include dementia, involuntary movements, blindness, deafness, weakness, and coma. About 70% of sufferers die within a year of diagnosis. The condition was first described in 1920. The name ""Creutzfeldt–Jakob disease"" was introduced by Walther Spielmeyer in 1922, after the German neurologists Hans Gerhard Creutzfeldt and Alfons Maria Jakob. CJD is caused by a prion, an infectious, abnormally folded variant of a protein called the prion protein. About 85% of cases of CJD occur for unknown reasons ('sporadic CJD'), while about 10–15% of cases are inherited in an autosomal dominant manner. In rare instances, exposure to brain or spinal tissue from an infected person has resulted in transmission of disease, and a variant form of CJD was caused by exposure to meat from cows with bovine spongiform encephalopathy (""mad cow disease""). There is no evidence that sporadic CJD can spread among people via normal contact or blood transfusions, although this is possible in variant Creutzfeldt–Jakob disease. Diagnosis of CJD involves ruling out other potential causes. An electroencephalogram, spinal tap, or magnetic resonance imaging (MRI) may support the diagnosis. Another diagnostic technique is the real-time quaking-induced conversion assay, which can detect the disease in early stages. There is currently no specific treatment for CJD. Opioids may be used to help with pain, while clonazepam or sodium valproate may help with involuntary movements. CJD affects about one person per million people per year. Onset of sporadic CJD is typically around 60 years of age."	https://en.wikipedia.org/wiki/Creutzfeldt%E2%80%93Jakob_disease
DOID:12185	otosclerosis	Otosclerosis	Otosclerosis is a condition of the middle and inner ear where portions of the dense enchondral layer of the bony labyrinth remodel into one or more lesions of irregularly-laid spongy bone. As the lesions reach the stapes the bone is resorbed, then hardened (sclerotized), which limits its movement and results in hearing loss, tinnitus, vertigo or a combination of these. The term otosclerosis is something of a misnomer: much of the clinical course is characterized by lucent rather than sclerotic bony changes, so the disease is also known as otospongiosis.	https://en.wikipedia.org/wiki/Otosclerosis
DOID:12236	primary biliary cirrhosis	Primary biliary cholangitis	"Primary biliary cholangitis (PBC), previously known as primary biliary cirrhosis, is an autoimmune disease of the liver. It results from a slow, progressive destruction of the small bile ducts of the liver, causing bile and other toxins to build up in the liver, a condition called cholestasis. Further slow damage to the liver tissue can lead to scarring, fibrosis, and eventually cirrhosis. Common symptoms are tiredness, itching, and in more advanced cases, jaundice. In early cases, the only changes may be those seen in blood tests. PBC is a relatively rare disease, affecting up to one in 3,000–4,000 people.  As with many other autoimmune diseases, it is much more common in women, with a sex ratio of at least 9:1 female to male. The reasons for this disparity are unclear, but may involve the expression of sex hormones such as estrogen, which impact immune system response. The condition has been recognised since at least 1851, and was named ""primary biliary cirrhosis"" in 1949. Because cirrhosis is a feature only of advanced disease, a change of its name to ""primary biliary cholangitis"" was proposed by patient advocacy groups in 2014."	https://en.wikipedia.org/wiki/Primary_biliary_cholangitis
DOID:12306	vitiligo	Vitiligo	Vitiligo ( VIT-ih-LY-goh) is a chronic autoimmune disorder that causes skin to lose pigment (specifically melanin, which gives the skin color) in patches that vary in size and can appear anywhere on the body. The development of vitiligo is linked to aberrant attachments between melanocytes (which produce melanin) and laminins, an extracellular protein. The disorder is thought to be caused by immune system changes with potential genetic factors. Often first appearing by young adulthood, it may be triggered by environmental factors, sun or chemical exposure, stress, and physical trauma. The most common form tends to affect more skin over time, with potential treatments including topical medications and light therapy. In antiquity, the disorder was often conflated with leprosy, an infectious disease. Some public figures have had vitiligo, such as the singer Michael Jackson, who obscured his condition until it affected his entire body.	https://en.wikipedia.org/wiki/Vitiligo
DOID:12361	Graves' disease	Graves' disease	Graves' disease, also known as toxic diffuse goiter, Basedow's disease or Flajani-Graves-Basedow disease, is an autoimmune disease that affects the thyroid. It frequently results in, and is the most common cause of, hyperthyroidism. It also often results in an enlarged thyroid. Signs and symptoms of hyperthyroidism may include irritability, muscle weakness, sleeping problems, a fast heartbeat, poor tolerance of heat, diarrhea and unintentional weight loss. Other symptoms may include thickening of the skin on the shins, known as pretibial myxedema, and eye bulging, a condition caused by Graves' ophthalmopathy. About 25 to 30% of people with the condition develop eye problems. The exact cause of the disease is unclear, but symptoms are a result of antibodies binding to receptors on the thyroid, causing over-expression of thyroid hormone. Persons are more likely to be affected if they have a family member with the disease. If one monozygotic twin (identical twin) is affected, a 30% chance exists that the other twin will also have the disease. The onset of disease may be triggered by physical or emotional stress, infection, or by giving birth. Those with other autoimmune diseases such as type 1 diabetes and rheumatoid arthritis are more likely to be affected. Smoking increases the risk of disease and may worsen eye problems. The disorder results from an antibody, called thyroid-stimulating immunoglobulin (TSI), that has a similar effect to thyroid-stimulating hormone (TSH). These TSI antibodies cause the thyroid gland to produce excess thyroid hormones. The diagnosis may be suspected based on symptoms and confirmed with blood tests and radioiodine uptake. Typically, blood tests show a raised T3 and T4, low TSH, increased radioiodine uptake in all areas of the thyroid, and TSI antibodies. The three treatment options are radioiodine therapy, medications, and thyroid surgery. Radioiodine therapy involves taking iodine-131 by mouth, which is then concentrated in the thyroid and destroys it over weeks to months. The resulting hypothyroidism is treated with synthetic thyroid hormones. Medications such as beta blockers may control some of the symptoms, and antithyroid medications such as methimazole may temporarily help people, while other treatments are having an effect. Surgery to remove the thyroid is another option. Eye problems may require additional treatments. Graves' disease develops in about 0.5% of males and 3.0% of females. It occurs about 7.5 times more often in women than in men. Often, it starts between the ages of 40 and 60, but can begin at any age. It is the most common cause of hyperthyroidism in the United States (about 50 to 80% of cases). The condition is named after Irish surgeon Robert Graves, who described it in 1835. Many prior descriptions also exist.	https://en.wikipedia.org/wiki/Graves%27_disease
DOID:12365	malaria	Malaria	Malaria is a mosquito-borne infectious disease that is transmitted by the bite of Anopheles mosquitoes. The symptoms of human malaria typically include fever, fatigue, vomiting, and headaches. In severe cases, the disease can cause jaundice, seizures, coma, or death. Symptoms usually begin 10 to 15 days after being bitten by an infected Anopheles mosquito. If not properly treated, people may have recurrences of the disease months later. Those who survive an infection develop partial immunity, being susceptible to reinfection although with milder symptoms. This partial resistance disappears over months to years if the person has no continuing exposure to malaria. Malaria is caused by single-celled parasites of the genus Plasmodium, generally spread through the bites of an infected female Anopheles mosquito. The mosquito bite introduces the parasites from the mosquito's saliva into the blood. The parasites initially reproduce and mature in the liver without causing symptoms. After a few days the mature parasites spread into the bloodstream, where they infect and destroy red blood cells, causing the symptoms of infection. Five species of Plasmodium commonly infect humans. The three species associated with more severe cases are P. falciparum (which is responsible for the vast majority of malaria deaths), P. vivax and P. knowlesi (a simian malaria that spills over into thousands of people a year). P. ovale and P. malariae generally cause a milder form of malaria. Malaria is typically diagnosed by the microscopic examination of blood using blood films, or with antigen-based rapid diagnostic tests. Methods that use the polymerase chain reaction to detect the parasite's DNA have been developed, but they are not widely used in areas where malaria is common, due to their cost and complexity. The risk of disease can be reduced by preventing mosquito bites through the use of mosquito nets and insect repellents or with mosquito-control measures such as spraying insecticides and draining standing water Several prophylactic medications are available to prevent malaria in areas where the disease is common. As of 2023, two malaria vaccines have been endorsed by the World Health Organization. Resistance among the parasites has developed to several antimalarial medications; for example, chloroquine-resistant P. falciparum has spread to most malaria-prone areas, and resistance to artemisinin has become a problem in some parts of Southeast Asia. Because of this, drug treatment for malaria infection should be tailored to best fit the Plasmodium species involved and the geographical location where the infection was acquired.  The disease is widespread in the tropical and subtropical regions that exist in a broad band around the equator. This includes much of sub-Saharan Africa, Asia, and Latin America. In 2024, some 282 million cases of malaria worldwide resulted in an estimated 610,000 deaths. Around 95% of the cases and deaths occurred in sub-Saharan Africa. Malaria is commonly associated with poverty and has a significant negative effect on economic development; in Africa, it is estimated to result in economic losses (estimated at US$12 billion a year in 2005) due to increased healthcare costs, lost ability to work, and adverse effects on tourism.	https://en.wikipedia.org/wiki/Malaria
DOID:1245	vulva cancer	Vulvar cancer	Vulvar cancer is a cancer of the vulva, the outer portion of the female genitals. It most commonly affects the labia majora. Less often, the labia minora, clitoris, or Bartholin's glands are affected. Symptoms include a lump, itchiness, changes in the skin, or bleeding from the vulva. Risk factors include vulvar intraepithelial neoplasia (VIN), HPV infection, genital warts, smoking, and many sexual partners. Most vulvar cancers are squamous cell cancers. Other types include adenocarcinoma, melanoma, sarcoma, and basal cell carcinoma. Diagnosis is suspected based on physical examination and confirmed by tissue biopsy. Routine screening is not recommended. Prevention may include HPV vaccination. Standard treatments may include surgery, radiation therapy, chemotherapy, and biologic therapy. Vulvar cancer newly affected about 44,200 people and resulted in 15,200 deaths globally in 2018. In the United States, it newly occurred in about 6,070 people with 1,280 deaths a year. Onset is typically after the age of 45. The five-year survival rate for vulvar cancer is around 70% as of 2022. Outcomes, however, are affected by whether spread has occurred to lymph nodes.	https://en.wikipedia.org/wiki/Vulvar_cancer
DOID:12849	autistic disorder	Classic autism	"Classic autism—also known as childhood autism, autistic disorder, or Kanner's syndrome—is a formerly diagnosed neurodevelopmental disorder first described by Leo Kanner in 1943. It is characterized by atypical and impaired development in social interaction and communication as well as restricted and repetitive behaviors, activities, and interests. These symptoms first appear in early childhood and persist throughout life. Classic autism was last recognized as a diagnosis in the DSM-IV and ICD-10, and has been superseded by autism-spectrum disorder in the DSM-5 (2013) and ICD-11 (2022). Globally, classic autism was estimated to affect 24.8 million people as of 2015. Autism is likely caused by a combination of genetic and environmental factors, with genetic factors thought to heavily predominate. Certain proposed environmental causes of autism have been met with controversy, such as the fraudulent vaccine hypothesis that, although disproved, has negatively impacted vaccination rates among children. Since the DSM-5/ICD-11, the term ""autism"" more commonly refers to the broader autism spectrum."	https://en.wikipedia.org/wiki/Classic_autism
DOID:12930	dilated cardiomyopathy	Dilated cardiomyopathy	Dilated cardiomyopathy (DCM) is a condition in which the heart becomes enlarged and cannot pump blood effectively. Symptoms vary from none to feeling tired, leg swelling, and shortness of breath. It may also result in chest pain or fainting. Complications can include heart failure, heart valve disease, or an irregular heartbeat. Causes include genetics, alcohol, cocaine, certain toxins, complications of pregnancy, and certain infections. Coronary artery disease and high blood pressure may play a role, but are not the primary cause. In many cases the cause remains unclear. It is a type of cardiomyopathy, a group of diseases that primarily affects the heart muscle. The diagnosis may be supported by an electrocardiogram, chest X-ray, or echocardiogram. In those with heart failure, treatment may include medications in the ACE inhibitor, beta blocker, and diuretic families. A low salt diet may also be helpful. In those with certain types of irregular heartbeat, blood thinners or an implantable cardioverter defibrillator may be recommended. Cardiac resynchronization therapy (CRT) may be necessary. If other measures are not effective a heart transplant may be an option in some. During the last two decades, there has been an increase in the number of patients diagnosed, and DCM represents the most common form of cardiomyopathy in adults. The most recent figures indicate that about 3 per 1,000 men and 1 per 1,000 women are affected. It is associated with a substantial excess mortality compared with the general population, ranging from about a 32-fold higher mortality in the youngest adults with DCM to about a 2-fold increase in the oldest patients. It can also occur in children and is the most common type of cardiomyopathy in this age group. DCM predominantly affects the left ventricle as it has the highest load. Comparing the left to the right, the right ventricle only needs to circulate blood to the pulmonary arteries, which are relatively close in proximity. The left ventricle however, is responsible for pumping blood to the remaining parts of the body that are not the lungs. This load difference results in the cardiac muscle of the left ventricle getting more wear and stress throughout the course of a day, resulting in a higher vulnerability to DCM than the right ventricle.	https://en.wikipedia.org/wiki/Dilated_cardiomyopathy
DOID:12995	conduct disorder	Conduct disorder	Conduct disorder (CD) is a mental disorder diagnosed in childhood or adolescence that is characterized by a repetitive and persistent pattern of antisocial behavior involving the violation of the basic rights of others or major age-appropriate norms. These behaviors may include theft, lying, physical violence, destruction, and rule-breaking. Conduct disorder is often seen as the precursor to antisocial personality disorder; however, the latter, by definition, cannot be diagnosed until the individual is 18 years old.  Conduct disorder may result from parental rejection and neglect and in such cases can be treated with family therapy, as well as behavioral modifications and pharmacotherapy. It may also be caused by environmental lead exposure. Conduct disorder is estimated to affect 51.1 million people globally as of 2013.	https://en.wikipedia.org/wiki/Conduct_disorder
DOID:1312	focal segmental glomerulosclerosis	Focal segmental glomerulosclerosis	Focal segmental glomerulosclerosis (FSGS) is a histopathologic finding of scarring (sclerosis) of glomeruli and damage to renal podocytes. This process damages the filtration function of the kidney, resulting in protein presence in the urine due to protein loss. FSGS is a leading cause of excess protein loss—nephrotic syndrome—in children and adults in the US. Signs and symptoms include proteinuria and edema.  Kidney failure is a common long-term complication of the disease. FSGS can be classified as primary, secondary, or genetic, depending on whether a particular toxic or pathologic stressor or genetic predisposition can be identified as the cause. Diagnosis is established by renal biopsy, and treatment consists of glucocorticoids and other immune-modulatory drugs. Response to therapy is variable, with a significant portion of patients progressing to end-stage kidney failure. An American epidemiological study 20 years ago demonstrated that FSGS is estimated to occur in 7 persons per million, with male African-Americans at higher risk.	https://en.wikipedia.org/wiki/Focal_segmental_glomerulosclerosis
DOID:13189	gout	Gout	"Gout ( GOWT), also called rheumatic gout, is a form of inflammatory arthritis characterized by recurrent attacks of pain in a red, tender, hot, and swollen joint, caused by the deposition of needle-shaped crystals of the monosodium salt of uric acid. Pain typically comes on rapidly, reaching maximal intensity in less than 12 hours.  In about half of cases, the joint at the base of the big toe is affected (podagra). It may also result in tophi, kidney stones, or kidney damage. Gout is due to persistently elevated levels of uric acid (urate) in the blood (hyperuricemia). This occurs from a combination of diet, other health problems, and genetic factors. At high levels, uric acid crystallizes and the crystals deposit in joints, tendons, and surrounding tissues, resulting in an attack of gout. Gout occurs more commonly in those who regularly drink beer or sugar-sweetened beverages, eat foods that are high in purines such as liver, shellfish, or anchovies, or are overweight. Diagnosis of gout may be confirmed by the presence of crystals in the joint fluid or in a deposit outside the joint. Blood uric acid levels may be normal during an attack. Treatment with nonsteroidal anti-inflammatory drugs (NSAIDs), glucocorticoids, or colchicine improves symptoms. Once the acute attack subsides, levels of uric acid may be lowered via lifestyle changes and in those with frequent attacks, allopurinol or probenecid provides long-term prevention. Taking vitamin C and having a diet high in low-fat dairy products may be preventive. Gout affects about 1–2% of adults in the developed world at some point in their lives. It has become more common in recent decades. This is believed to be due to increasing risk factors in the population, such as metabolic syndrome, longer life expectancy, and changes in diet. Older males are most commonly affected. Gout was historically known as ""the disease of kings"" or ""rich man's disease"" for its relationship to a rich diet and obesity. It has been recognized at least since the time of the ancient Egyptians."	https://en.wikipedia.org/wiki/Gout
DOID:1319	brain cancer	Brain tumor	A brain tumor (sometimes referred to as brain cancer) occurs when a group of cells within the brain grow out of control, creating a mass. There are two main types of tumors: malignant (cancerous) tumors and benign (non-cancerous) tumors. These can be further classified as primary tumors, which start within the brain, and secondary tumors, which most commonly have spread from tumors located outside the brain, known as brain metastasis tumors. All types of brain tumors may produce symptoms that vary depending on the size of the tumor and the part of the brain that is involved. Where symptoms exist, they may include headaches, seizures, problems with vision, vomiting and mental changes. Other symptoms may include difficulty walking, speaking, with sensations, or unconsciousness. The cause of most brain tumors is unknown, though up to 4% of brain cancers may be caused by CT scan radiation. Uncommon risk factors include exposure to vinyl chloride, Epstein–Barr virus, ionizing radiation, and inherited syndromes such as neurofibromatosis, tuberous sclerosis, and von Hippel-Lindau Disease. Studies on mobile phone exposure have not shown a clear risk. The most common types of primary tumors in adults are meningiomas (usually benign) and astrocytomas such as glioblastomas. In children, the most common type is a malignant medulloblastoma. Diagnosis is usually by medical examination along with computed tomography (CT) or magnetic resonance imaging (MRI). The result is then often confirmed by a biopsy. Based on the findings, the tumors are divided into different grades of severity. Treatment may include some combination of surgery, radiation therapy and chemotherapy. If seizures occur, anticonvulsant medication may be needed. Dexamethasone and furosemide are medications that may be used to decrease swelling around the tumor. Some tumors grow gradually, requiring only monitoring and possibly needing no further intervention. Treatments that use a person's immune system are being studied. Outcomes for malignant tumors vary considerably depending on the type of tumor and how far it has spread at diagnosis. Although benign tumors only grow in one area, they may still be life-threatening depending on their size and location. Malignant glioblastomas usually have very poor outcomes, while benign meningiomas usually have good outcomes. The average five-year survival rate for all (malignant) brain cancers in the United States is 33%. Secondary, or metastatic, brain tumors are about four times as common as primary brain tumors, with about half of metastases coming from lung cancer. Primary brain tumors occur in around 250,000 people a year globally, and make up less than 2% of cancers. In children younger than 15, brain tumors are second only to acute lymphoblastic leukemia as the most common form of cancer. In New South Wales, Australia in 2005, the average lifetime economic cost of a case of brain cancer was AU$1.9 million, the greatest of any type of cancer.	https://en.wikipedia.org/wiki/Brain_tumor
DOID:13223	uterine fibroid	Uterine fibroid	Uterine fibroids, also known as uterine leiomyomas, fibromyoma or fibroids, are benign smooth muscle tumors of the uterus, part of the female reproductive system. Most women with fibroids have no symptoms, while others may have painful or heavy menstrual bleeding. If large enough, they may push on the bladder, causing a frequent need to urinate. They may also cause pain during penetrative sex or lower back pain. Someone can have one uterine fibroid or many. It is uncommon but possible that fibroids may make it difficult to become pregnant. The exact cause of uterine fibroids is unclear. However, fibroids run in families and appear to be partly determined by hormone levels. Risk factors include obesity and eating red meat. Diagnosis can be performed by pelvic examination or medical imaging. Treatment is typically not needed if there are no symptoms. NSAIDs, such as ibuprofen, and paracetamol (acetaminophen) may help with pain. According to The Mayo Clinic, NSAIDs may help relieve pain tied to fibroids. Still, they do not reduce bleeding caused by fibroids as they are not hormonal medicines. Iron supplements may be needed in those with heavy periods. Medications of the gonadotropin-releasing hormone agonist class may decrease the size of the fibroids but are expensive and associated with side effects. If greater symptoms are present, surgery to remove the fibroid or uterus may help. Uterine artery embolization may also help. Cancerous versions of fibroids are very rare and are known as leiomyosarcomas. They do not appear to develop from benign fibroids. About 20% to 80% of women develop fibroids by the age of 50. In 2013, it was estimated that 171 million women were affected worldwide. They are typically found during the middle and later reproductive years. After menopause, they usually decrease in size. In the United States, uterine fibroids are a common reason for surgical removal of the uterus.	https://en.wikipedia.org/wiki/Uterine_fibroid
DOID:1324	lung cancer	Lung cancer	Lung cancer is a malignant tumor that originates in the tissues of the lungs. Lung cancer is caused by genetic damage to the DNA of cells in the airways, often caused by cigarette smoking or inhaling damaging chemicals. Damaged airway cells gain the ability to multiply unchecked, causing the growth of a tumor. Without treatment, tumors spread throughout the lung, damaging lung function. Eventually lung tumors metastasize, spreading to other parts of the body. Early lung cancer often has no symptoms and can only be detected by medical imaging. As the cancer progresses, most people experience nonspecific respiratory problems: coughing, shortness of breath, or chest pain. Other symptoms depend on the location and size of the tumor. Those suspected of having lung cancer typically undergo a series of imaging tests to determine the location and extent of any tumors. Definitive diagnosis of lung cancer requires a biopsy of the suspected tumor be examined by a pathologist under a microscope. In addition to recognizing cancerous cells, a pathologist can classify the tumor according to the type of cells it originates from. Around 15% of cases are small-cell lung cancer (SCLC), and the remaining 85% (the non-small-cell lung cancers or NSCLC) are adenocarcinomas, squamous-cell carcinomas, and large-cell carcinomas. After diagnosis, further imaging and biopsies are done to determine the cancer's stage based on how far it has spread. Treatment for early stage lung cancer includes surgery to remove the tumor, sometimes followed by radiation therapy and chemotherapy to kill any remaining cancer cells. Later stage cancer is treated with radiation therapy and chemotherapy alongside drug treatments that target specific cancer subtypes. Even with treatment, only around 20% of people survive five years on from their diagnosis. Survival rates are higher in those diagnosed at an earlier stage, diagnosed at a younger age, and in women compared to men. Most lung cancer cases are caused by tobacco smoking. The remainder are caused by exposure to hazardous substances like asbestos and radon gas, or by genetic mutations that arise by chance. Consequently, lung cancer prevention efforts encourage people to avoid hazardous chemicals and quit smoking. Quitting smoking both reduces one's chance of developing lung cancer and improves treatment outcomes in those already diagnosed with lung cancer. Lung cancer is the most diagnosed and deadliest cancer worldwide, with 2.2 million cases in 2020 resulting in 1.8 million deaths. Lung cancer is rare in those younger than 40; the average age at diagnosis is 70 years, and the average age at death 72. Incidence and outcomes vary widely across the world, depending on patterns of tobacco use. Prior to the advent of cigarette smoking in the 20th century, lung cancer was a rare disease. In the 1950s and 1960s, increasing evidence linked lung cancer and tobacco use, culminating in declarations by most large national health bodies discouraging tobacco use.	https://en.wikipedia.org/wiki/Lung_cancer
DOID:13241	Behcet's disease	Behçet's disease	Behçet's disease or Behçet's syndrome (; BD; sometimes written Behcet) is a type of inflammatory disorder which affects multiple parts of the body. The most common symptoms include painful sores on the mucous membranes of the mouth and other parts of the body, inflammation of parts of the eye, and arthritis. The sores can last from a few days, up to a week or more. Less commonly there may be inflammation of the brain or spinal cord, blood clots, aneurysms, or blindness. Often, the symptoms come and go. The cause is unknown. It is believed to be partly genetic. Behçet's is not contagious. Diagnosis is based on at least three episodes of mouth sores in a year, together with at least two of the following: genital sores, eye inflammation, skin sores, a positive skin prick test. Although Behçet's can be treated, there is no cure. Treatments may include immunosuppressive medication such as corticosteroids and anti-TNFs as well as lifestyle changes. Lidocaine mouthwash may help with the pain. Colchicine may decrease the frequency of attacks. While rare in the United States and Europe, it is more common in the Middle East and Asia. In Turkey, for example, about 2 per 1,000 are affected. Onset is usually in a person's twenties or forties. The disease was initially described by Turkish dermatologist Hulusi Behçet in 1937.	https://en.wikipedia.org/wiki/Beh%C3%A7et%27s_disease
DOID:13378	Kawasaki disease	Kawasaki disease	"Kawasaki disease (also known as mucocutaneous lymph node syndrome) is a syndrome of unknown cause that results in a fever and mainly affects children under 5 years of age. It is a form of vasculitis, in which medium-sized blood vessels become inflamed throughout the body. The fever typically lasts for more than five days and is not affected by antipyretics. Other common symptoms include large lymph nodes in the neck, a rash in the genital area, lips, palms, or soles of the feet, and red eyes. Within three weeks of the onset, the skin from the hands and feet may peel, after which recovery typically occurs. The disease is the leading cause of acquired heart disease in children in developed countries, which include the formation of coronary artery aneurysms and myocarditis. While the specific cause is unknown, it is thought to result from an excessive immune response to particular infections in children who are genetically predisposed to those infections. It is not an infectious disease, that is, it does not spread between people. Diagnosis is usually based on a person's signs and symptoms. Other tests such as an ultrasound of the heart and blood tests may support the diagnosis. Diagnosis must take into account many other conditions that may present similar features, including scarlet fever and juvenile rheumatoid arthritis. Multisystem inflammatory syndrome in children, a ""Kawasaki-like"" disease associated with COVID-19, appears to have distinct features. Another disease that can originally be presented with the same symptoms is measles. This is due to similar symptoms such as red eyes, persistent fever, and swollen hands/feet. However, Kawasaki disease is not spread the way measles can be spread from person to person. Typically, initial treatment of Kawasaki disease consists of high doses of aspirin and immunoglobulin. Usually, with treatment, fever resolves within 24 hours and full recovery occurs. If the coronary arteries are involved, ongoing treatment or surgery may occasionally be required. Without treatment, coronary artery aneurysms occur in up to 25% and about 1% die. With treatment, the risk of death is reduced to 0.17%. People who have had coronary artery aneurysms after Kawasaki disease require lifelong cardiological monitoring by specialized teams. Kawasaki disease is rare. It affects between 8 and 67 per 100,000 people under the age of five except in Japan, where it affects 124 per 100,000. Children that are male at birth are more commonly affected than children that are female at birth. The disorder is named after Japanese pediatrician Tomisaku Kawasaki, who first described it in 1967."	https://en.wikipedia.org/wiki/Kawasaki_disease
DOID:13499	jejunal cancer		Description not found.	
DOID:14004	thoracic aortic aneurysm	Thoracic aortic aneurysm	"A thoracic aortic aneurysm is an aortic aneurysm that presents primarily in the thorax. A thoracic aortic aneurysm is the ""ballooning"" of the upper aspect of the aorta, above the diaphragm. Untreated or unrecognized they can be fatal due to dissection or ""popping"" of the aneurysm leading to nearly instant death. Thoracic aneurysms are less common than an abdominal aortic aneurysm. However, a syphilitic aneurysm is more likely to be a thoracic aortic aneurysm than an abdominal aortic aneurysm. This condition is commonly treated via a specialized multidisciplinary approach with both vascular surgeons and cardiac surgeons."	https://en.wikipedia.org/wiki/Thoracic_aortic_aneurysm
DOID:14221	metabolic syndrome X	Metabolic syndrome	Metabolic syndrome is a clustering of at least three of the following five medical conditions: abdominal obesity, high blood pressure, high blood sugar, high serum triglycerides, and low serum high-density lipoprotein (HDL). Metabolic syndrome is associated with the risk of developing cardiovascular disease and type 2 diabetes. In the U.S., about 25% of the adult population has metabolic syndrome, a proportion increasing with age, particularly among racial and ethnic minorities. Insulin resistance, metabolic syndrome, and prediabetes are closely related to one another and have overlapping aspects. The syndrome is thought to be caused by an underlying disorder of energy utilization and storage, but the cause of the syndrome is an area of ongoing medical research. Researchers debate whether a diagnosis of metabolic syndrome implies differential treatment or increases risk of cardiovascular disease beyond what is suggested by the sum of its individual components.	https://en.wikipedia.org/wiki/Metabolic_syndrome
DOID:14227	azoospermia	Azoospermia	Azoospermia is the medical condition of a man whose semen contains no sperm. It is associated with male infertility, but many forms are amenable to medical treatment. In humans, azoospermia affects about 1% of the male population and may be seen in up to 20% of male infertility situations in Canada. In a non-pathological context, azoospermia is also the intended result of a vasectomy.	https://en.wikipedia.org/wiki/Azoospermia
DOID:14268	sclerosing cholangitis	Primary sclerosing cholangitis	Primary sclerosing cholangitis (PSC) is a long-term progressive disease of the liver and gallbladder characterized by inflammation and scarring of the bile ducts, which normally allow bile to drain from the gallbladder. Affected individuals may have no symptoms or may experience signs and symptoms of liver disease, such as jaundice, itching, and abdominal pain. The bile duct scarring that occurs in PSC narrows the ducts of the biliary tree and impedes the flow of bile to the duodenum. Eventually, it can lead to cirrhosis of the liver and liver failure. PSC increases the risk of various cancers, including liver cancer, gallbladder carcinoma, colorectal cancer, and cholangiocarcinoma.  The underlying cause of PSC is unknown. Genetic susceptibility, immune system dysfunction, and abnormal composition of the gut flora may play a role. This is further suggested by the observation that around 75% of individuals with PSC also have inflammatory bowel disease (IBD), most often ulcerative colitis. No effective medical treatment for primary sclerosing cholangitis is known. Its most definitive treatment is a liver transplant, but disease recurrence can occur in 25–30% of cases. For patients unable or unwilling to receive a transplant, therapy primarily focuses on relieving symptoms, rather than stopping disease progression. If the sclerosing cholangitis is a secondary effect of a different disease, treatment is directed towards the underlying cause. PSC is a rare disease and most commonly affects people with IBD. About 3.0 to 7.5% of people with ulcerative colitis have PSC, and 80% of people with PSC have some form of IBD. Diagnosis usually occurs in people in their 30s or 40s. Individuals of Northern European ancestry are affected more often than people of Southern European or Asian descent. Men are affected more often than women. The disease was initially described in the mid-1800s, but was not fully characterized until the 1970s. The advent of improved medical-imaging techniques, such as endoscopic retrograde cholangiopancreatography, enabled more complete description and understanding.	https://en.wikipedia.org/wiki/Primary_sclerosing_cholangitis
DOID:14330	Parkinson's disease	Parkinson's disease	"Parkinson's disease (PD), or simply Parkinson's, is a neurodegenerative disease primarily of the central nervous system, affecting both motor and non-motor systems. The motor symptoms, collectively called parkinsonism, include tremors, slowness in initiating movement (bradykinesia), rigidity, and difficulty maintaining balance (postural instability). Non-motor symptoms such as autonomic nervous system failures (dysautonomia), sleep abnormalities, decreased ability to smell (anosmia), and behavioral changes or neuropsychiatric problems, such as cognitive impairment, psychosis, and anxiety, may appear at any stage of the disease. Symptoms typically develop gradually, and non-motor issues become more prevalent as the disease progresses. Parkinson's disease has no single cause; rather, genetic and environmental factors interact to affect critical cellular processes. Parkinson's disease involves the gradual decay and loss of dopamine-producing neurons in a brain region called the substantia nigra and other related cell groups in the brainstem. Misfolded proteins, such as alpha-synuclein, aggregate to form clumps called Lewy bodies, if not cleared from cells by cellular degradation systems. Protein accumulation stimulates the release of pro-inflammatory molecules by the microglia, a protective response that can cause neuroinflammation, further neuronal damage, and disruption of metabolic systems, if remaining chronic. Diagnosis is primarily based on signs and symptoms, typically motor-related, identified through neurological examination. Medical imaging techniques such as PET scanning can support the diagnosis. PD typically manifests in individuals over 60, with about one percent affected. In those younger than 50, the condition is termed ""early-onset PD"". No cure for PD is known, and treatment focuses on alleviating symptoms. Initial treatment typically includes levodopa, MAO-B inhibitors, or dopamine agonists. As the disease progresses, these medications become less effective and may cause involuntary muscle movements. Diet and rehabilitation therapies can help improve symptoms. Deep brain stimulation is used to manage severe motor symptoms when drugs are ineffective. Little evidence exists for treatments addressing non-motor symptoms, such as sleep disturbances and mood instability. Life expectancy for those with PD is near-normal, but is decreased for early-onset."	https://en.wikipedia.org/wiki/Parkinson%27s_disease
DOID:1459	hypothyroidism	Hypothyroidism	Hypothyroidism is an endocrine disease in which the thyroid gland does not produce enough thyroid hormones. It can cause a number of symptoms, such as poor ability to tolerate cold, extreme fatigue, muscle aches, constipation, slow heart rate, depression, and weight gain. Occasionally, there may be swelling of the front part of the neck due to goiter. Untreated cases of hypothyroidism during pregnancy can lead to delays in growth and intellectual development in the baby or congenital iodine deficiency syndrome. Worldwide, too little iodine in the diet is the most common cause of hypothyroidism. Hashimoto's thyroiditis, an autoimmune disease wherein the body's immune system reacts to the thyroid gland, is the most common cause of hypothyroidism in countries with sufficient dietary iodine. Less common causes include previous treatment with radioactive iodine, injury to the hypothalamus or the anterior pituitary gland, certain medications, a lack of a functioning thyroid at birth, or previous thyroid surgery. The diagnosis of hypothyroidism, when suspected, can be confirmed with blood tests measuring thyroid-stimulating hormone (TSH) and thyroxine (T4) levels. Salt iodization has prevented hypothyroidism in many populations. Thyroid hormone replacement with levothyroxine treats hypothyroidism. Medical professionals adjust the dose according to symptoms and normalization of the TSH levels. Thyroid medication is safe in pregnancy. Although an adequate amount of dietary iodine is important, too much may worsen specific forms of hypothyroidism. Worldwide about one billion people are estimated to be iodine-deficient; however, it is unknown how often this results in hypothyroidism. In the United States, overt hypothyroidism occurs in approximately 0.3–0.4% of people. Subclinical hypothyroidism, a milder form of hypothyroidism characterized by normal thyroxine levels and an elevated TSH level, is thought to occur in 4.3–8.5% of people in the United States. Hypothyroidism is more common in women than in men. People over the age of 60 are more commonly affected. Dogs are also known to develop hypothyroidism, as are cats and horses, albeit more rarely. The word hypothyroidism is from the Greek hypo- ('reduced'), thyreos ('shield'), and eidos ('form'), whereby the two latter parts refer to the thyroid gland.	https://en.wikipedia.org/wiki/Hypothyroidism
DOID:1595	endogenous depression	Endogenous depression	Endogenous depression is an atypical subclass of major depressive disorder (clinical depression). It could be caused by genetic and biological factors. Endogenous depression occurs due to the presence of an internal (cognitive, biological) stressor instead of an external (social, environmental) stressor. Endogenous depression includes patients with treatment-resistant, non-psychotic, major depressive disorder, characterized by abnormal behavior of the endogenous opioid system but not the monoaminergic system. Symptoms vary in severity, type, and frequency and can be attributed to cognitive, social, biological, or environmental factors that result in persistent feelings of sadness and distress. Since symptoms are due to a biological phenomenon, prevalence rates tend to be higher in older adults. Due to this fact, biological-focused treatment plans are often used in therapy to ensure the best prognosis. Endogenous depression was part of the Kraepelinian dichotomy system.	https://en.wikipedia.org/wiki/Endogenous_depression
DOID:1612	breast cancer	Breast cancer	Breast cancer is a cancer that develops from breast tissue. Signs of breast cancer may include: a lump in the breast, a change in breast shape, dimpling of the skin, milk rejection, fluid coming from the nipple, a newly inverted nipple, or a red or scaly patch of skin. In those with distant spread of the disease, there may be bone pain, swollen lymph nodes, shortness of breath, or yellow skin. Risk factors for developing breast cancer include obesity, a lack of physical exercise, alcohol consumption, hormone replacement therapy during menopause, ionizing radiation, an early age at first menstruation, having children late in life (or not at all), older age, having a prior history of breast cancer, and a family history of breast cancer. About five to ten percent of cases are the result of an inherited genetic predisposition, including BRCA mutations among others. Breast cancer most commonly develops in cells from the lining of milk ducts and the lobules that supply these ducts with milk. Cancers developing from the ducts are known as ductal carcinomas, while those developing from lobules are known as lobular carcinomas. There are more than 18 other sub-types of breast cancer. The diagnosis of breast cancer is confirmed by taking a biopsy of the concerning tissue. Once the diagnosis is made, further tests are carried out to determine if the cancer has spread beyond the breast and which treatments are most likely to be effective. Breast cancer screening can be instrumental, given that the size of a breast cancer and its spread are among the most critical factors in predicting the prognosis of the disease. Breast cancers found during screening are typically smaller and less likely to have spread outside the breast. Training health workers to do clinical breast examination may have potential to detect breast cancer at an early stage. A 2013 Cochrane review found that it was unclear whether mammographic screening does more harm than good, in that a large proportion of women who test positive turn out not to have the disease. A 2009 review for the US Preventive Services Task Force found evidence of benefit in those 40 to 70 years of age, and the organization recommends screening every two years in women ages 50 to 74. The medications tamoxifen or raloxifene may be used in an effort to prevent breast cancer in those who are at high risk of developing it. Surgical removal of both breasts is another preventive measure in some high risk women. In those who have been diagnosed with cancer, several treatments may be used, including surgery, radiation therapy, chemotherapy, hormonal therapy, and targeted therapy. Types of surgery vary from breast-conserving surgery to mastectomy. Breast reconstruction may take place at the time of surgery or at a later date. In those in whom the cancer has spread to other parts of the body, treatments are mostly aimed at improving quality of life and comfort. Outcomes for breast cancer vary depending on the cancer type, the extent of disease, and the person's age. The five-year survival rates in United States and in the UK are over 90%. In developing countries, five-year survival rates are lower. Worldwide, breast cancer is the leading type of cancer in women, accounting for 25% of all cases. In 2018, it resulted in two million new cases and 627,000 deaths. It is more common in developed countries, and is more than 100 times more common in women than in men. For transgender individuals on gender-affirming hormone therapy, breast cancer is five times more common in cisgender women than in transgender men, and 46 times more common in transgender women than in cisgender men.	https://en.wikipedia.org/wiki/Breast_cancer
DOID:1686	glaucoma	Glaucoma	"Glaucoma is a group of eye diseases that can lead to damage of the optic nerve, which transmits visual information from the eye to the brain. Glaucoma may cause vision loss if left untreated. It has been called the ""silent thief of sight"" because the loss of vision usually occurs slowly over a long period of time. A major risk factor for glaucoma is increased pressure within the eye, known as intraocular pressure (IOP). It is associated with old age, a family history of glaucoma, and certain medical conditions or the use of some medications. The word glaucoma comes from the Ancient Greek word γλαυκός (glaukós), meaning 'gleaming, blue-green, gray'. Of the different types of glaucoma, the most common are called open-angle glaucoma and closed-angle glaucoma. Inside the eye, a liquid called aqueous humor, which is produced by the ciliary body, helps to maintain shape and provides nutrients. The aqueous humor normally drains through the trabecular meshwork. In open-angle glaucoma, the drainage is impeded, causing the build up of aqueous to accumulate in the anterior chamber causing the pressure inside the eye to increase. This elevated pressure can reduce vascular perfusion in the vitreous chamber and can damage the optic nerve and peripheral glial tissues. In closed-angle glaucoma, the drainage of the eye becomes suddenly blocked, leading to a rapid increase in intraocular pressure. This may lead to intense eye pain, blurred vision, and nausea. Closed-angle glaucoma is an emergency requiring immediate attention. If treated early, the progression of glaucoma may be slowed or even stopped. Regular eye examinations, especially if the person is over 40 or has a family history of glaucoma, are essential for early detection. Treatment typically includes prescription of eye drops, medication, laser treatment or surgery. The goal of these treatments is to decrease eye pressure. Glaucoma is a leading cause of blindness in African Americans, Hispanic Americans, and Asians. Its incidence rises with age, to more than eight percent of Americans over the age of eighty, and closed-angle glaucoma is more common in women."	https://en.wikipedia.org/wiki/Glaucoma
DOID:1725	peritoneum cancer		Description not found.	
DOID:175	vascular cancer	Angiosarcoma	Angiosarcoma is a rare and aggressive cancer that starts in the endothelial cells that line the walls of blood vessels or lymphatic vessels. Since they are made from vascular lining, they can appear anywhere and at any age, but older people are more commonly affected, and the skin is the most affected area, with approximately 60% of cases being cutaneous (skin). Specifically, the scalp makes up ~50% of angiosarcoma cases, but this is still <0.1% of all head and neck tumors. Since angiosarcoma is an umbrella term for many types of tumor that vary greatly in origin and location, many symptoms may occur, from completely asymptomatic to non-specific symptoms like skin lesions, ulceration, shortness of breath and abdominal pain. Multiple-organ involvement at time of diagnosis is common and makes it difficult to ascertain origin and how to treat it. The cause of angiosarcoma is not known, though several risk factors are known, such as chronic lymphedema, radiation therapy and various chemicals such as arsenic and vinyl chloride. Angiosarcomas have been reported in association with long standing foreign bodies. Infrequently they have occurred in association with breast implants. Ultraviolet radiation and localized immunodeficiency may play a role in the pathogenesis of angiosarcoma. Angiosarcoma can be seen on MRI, CT and ultrasound scans, but it is usually difficult to discern it from other cancers, requiring confirmation of diagnosis by biopsy and immunohistochemical analysis. Treatment includes surgery, chemotherapy and radiation therapy, usually all three combined. Because these cancers arise from the cells lining the blood or lymphatic vessels, they can easily metastasize to distant sites, particularly the liver and lungs. This makes them especially lethal, and an early diagnosis is usually necessary for survival. Even with treatment, prognosis is poor, with a five-year survival rate of 30–38%. This is even worse in cardiac angiosarcoma and angiosarcoma of the liver, where prognosis may be as low as three months. Angiosarcomas make up 1–2% of soft tissue sarcomas, which in turn make up less than 1% of adult cancer. Due to this, no large studies have ever been published on the disease, with few exceeding even 100 patients; however, many case reports and small cohort studies have been published, and they cumulatively provide enough information to get a useful understanding of the disease. The rate of angiosarcoma is increasing in the US.	https://en.wikipedia.org/wiki/Angiosarcoma
DOID:1781	thyroid cancer	Thyroid cancer	Thyroid cancer is cancer that develops from the tissues of the thyroid gland. It is a disease in which cells grow abnormally and have the potential to spread to other parts of the body. Symptoms can include swelling or a lump in the neck, difficulty swallowing or voice changes including hoarseness, or a feeling of something being in the throat due to mass effect from the tumor. However, most cases are asymptomatic. Cancer can also occur in the thyroid after spread from other locations, in which case it is not classified as thyroid cancer. Risk factors include radiation exposure at a young age, having an enlarged thyroid, family history and obesity. The four main types are papillary thyroid cancer, follicular thyroid cancer, medullary thyroid cancer, and anaplastic thyroid cancer. Diagnosis is often based on ultrasound and fine needle aspiration. Screening people without symptoms and at normal risk for the disease is not recommended. Treatment options may include surgery, radiation therapy including radioactive iodine, chemotherapy, thyroid hormone, targeted therapy, and watchful waiting. Surgery may involve removing part or all of the thyroid. Five-year survival rates are 98% in the United States. Globally as of 2015, 3.2 million people have thyroid cancer. In 2012, 298,000 new cases occurred. It most commonly is diagnosed between the ages of 20 and 65. Women are affected more often than men. Those of Asian descent are more commonly affected; with a higher rate of mortality among Filipino females. Rates have increased in the last few decades, which is believed to be due to better detection. In 2015, it resulted in 31,900 deaths.	https://en.wikipedia.org/wiki/Thyroid_cancer
DOID:1790	malignant mesothelioma	Mesothelioma	Mesothelioma is a type of cancer that develops from the thin layer of tissue that covers many of the internal organs (known as the mesothelium). The area most commonly affected is the lining of the lungs and chest wall. Less commonly the lining of the abdomen and rarely the sac surrounding the heart, or the sac surrounding each testis may be affected. Signs and symptoms of mesothelioma may include shortness of breath due to fluid around the lung, a swollen abdomen, chest wall pain, cough, feeling tired, and weight loss. These symptoms typically come on slowly. More than 80% of mesothelioma cases are caused by exposure to asbestos. The greater the exposure, the greater the risk. As of 2013, about 125 million people worldwide have been exposed to asbestos at work. High rates of disease occur in people who mine asbestos, produce products from asbestos, work with asbestos products, live with asbestos workers, or work in buildings containing asbestos. Asbestos exposure and the onset of cancer are generally separated by about 40 years. Washing the clothing of someone who worked with asbestos also increases the risk. Other risk factors include genetics and infection with the simian virus 40. The diagnosis may be suspected based on chest X-ray and CT scan findings, and is confirmed by either examining fluid produced by the cancer or by a tissue biopsy of the cancer. Prevention focuses on reducing exposure to asbestos. Treatment often includes surgery, radiation therapy, and chemotherapy. A procedure known as pleurodesis, which involves using substances such as talc to scar together the pleura, may be used to prevent more fluid from building up around the lungs. Chemotherapy often includes the medications cisplatin and pemetrexed. The percentage of people that survive five years following diagnosis is on average 8% in the United States. In 2015, about 60,800 people had mesothelioma, and 32,000 died from the disease. Rates of mesothelioma vary in different areas of the world. Rates are higher in Australia, the United Kingdom, and lower in Japan. It occurs in about 3,000 people per year in the United States. It occurs more often in males than females. Rates of disease have increased since the 1950s. Diagnosis typically occurs after the age of 65 and most deaths occur around 70 years old. The disease was rare before the commercial use of asbestos.	https://en.wikipedia.org/wiki/Mesothelioma
DOID:1793	pancreatic cancer	Pancreatic cancer	"Pancreatic cancer is any cancer with a primary location in the pancreas, a glandular organ lying behind the stomach. It arises when cells in the pancreas start to multiply out of control and form a mass. These cancerous cells have the ability to invade or spread to other parts of the body. A number of types of pancreatic cancer are known. The most common type of pancreatic cancer, pancreatic adenocarcinoma, accounts for about 90% of cases, and the term ""pancreatic cancer"" is sometimes used to refer only to that type. These adenocarcinomas start within the ductal part of the pancreas that makes digestive enzymes. Several other types of cancer, which collectively represent the majority of the non-adenocarcinomas, can also arise from these cells. About 1–2% of cases of pancreatic cancer are neuroendocrine tumors, which arise from the hormone-producing cells of the pancreas. These are generally less aggressive than pancreatic adenocarcinoma. Signs and symptoms of the most-common form of pancreatic cancer may include yellow skin, abdominal or back pain, unexplained weight loss, light-colored stools, dark urine, and loss of appetite. Usually, no symptoms are seen in the disease's early stages, and symptoms that are specific enough to suggest pancreatic cancer typically do not develop until the disease has reached an advanced stage. By the time of diagnosis, pancreatic cancer has often spread to other parts of the body. Pancreatic cancer rarely occurs before the age of 40, and more than half of cases of pancreatic adenocarcinoma occur in those over 70. However, early-onset pancreatic cancer (defined as pancreatic cancer diagnosed in someone <50 years of age) is becoming more prevalent, disproportionally so in younger women.  Risk factors for pancreatic cancer include tobacco smoking, obesity, diabetes, and certain rare genetic conditions. About 25% of cases are linked to smoking, and 5–10% are linked to inherited genes. Pancreatic cancer is usually diagnosed by a combination of medical imaging techniques such as ultrasound or computed tomography, blood tests, and examination of tissue samples (biopsy). The disease is divided into stages, from early (stage I) to late (stage IV). Screening the general population has not been found to be effective. The risk of developing pancreatic cancer is lower among non-smokers, and people who maintain a healthy weight and limit their consumption of red or processed meat; the risk is greater for men, smokers, and those with diabetes. There are some studies that link high levels of red meat consumption to increased risk of pancreatic cancer, though meta-analyses typically find no clear evidence of a relationship. Smokers' risk of developing the disease decreases immediately upon quitting, and almost returns to that of the rest of the population after 20 years. Pancreatic cancer can be treated with surgery, radiotherapy, chemotherapy, palliative care, or a combination of these. Treatment options are partly based on the cancer stage. Surgery is the only treatment that can cure pancreatic adenocarcinoma, and may also be done to improve quality of life without the potential for cure. Pain management and medications to improve digestion are sometimes needed. Early palliative care is recommended even for those receiving treatment that aims for a cure. Pancreatic cancer is among the most deadly forms of cancer globally, with one of the lowest survival rates. In 2021, pancreatic cancers of all types resulted in 508,532 (up from 411,600 in 2013) deaths globally. It is the fifth-most-common cause of death from cancer in the United Kingdom, and the third most-common in the United States.  The disease occurs most often in the developed world, where about 70% of the new cases in 2012 originated. Pancreatic adenocarcinoma typically has a very poor prognosis; after diagnosis, 9% survive after 5 years globally and 14% live for five years in the US. For cancers diagnosed early, the five-year survival rate rises to about 20%. Neuroendocrine cancers have better outcomes; at five years from diagnosis, 65% of those diagnosed are living, though survival considerably varies depending on the type of tumor."	https://en.wikipedia.org/wiki/Pancreatic_cancer
DOID:1826	epilepsy syndrome	Epilepsy	Epilepsy is a group of neurological disorders characterized by a tendency for recurrent, unprovoked seizures. A seizure is a sudden burst of abnormal electrical activity in the brain that can cause a variety of symptoms, ranging from brief lapses of awareness or muscle jerks to prolonged convulsions. These episodes can result in physical injuries, either directly, such as broken bones, or through causing accidents. The diagnosis of epilepsy typically requires at least two unprovoked seizures occurring more than 24 hours apart. In some cases, it may be diagnosed after a single unprovoked seizure if clinical evidence suggests a high risk of recurrence. Isolated seizures that occur without recurrence risk or are provoked by identifiable causes are not considered indicative of epilepsy. The underlying cause is often unknown, but epilepsy can result from brain injury, stroke, infections, tumors, genetic conditions, developmental abnormalities, trauma, drowning, or an unidentified medical condition. In most cases, no structural or toxicological cause of death is found at autopsy. SUDEP can occur with or without evidence of a preceding seizure, and is often unwitnessed, especially during sleep.  Epilepsy that occurs as a result of other issues may be preventable. Diagnosis involves ruling out other conditions that can resemble seizures, and may include neuroimaging, blood tests, and electroencephalography (EEG). Most cases of epilepsy, approximately 69%, can be effectively controlled with anti-seizure medications, and inexpensive treatment options are widely available. For those whose seizures do not respond to drugs, other approaches, such as surgery, neurostimulation or dietary changes, may be considered. Not all cases of epilepsy are lifelong, and many people improve to the point that treatment is no longer needed. As of 2024, approximately 50 million people worldwide have epilepsy, with nearly 80% of cases occurring in low- and middle-income countries. The burden of epilepsy in low-income countries is more than twice that in high-income countries, likely due to higher exposure to risk factors such as perinatal injury, infections, and traumatic brain injury, combined with limited access to healthcare. In 2021, epilepsy was responsible for an estimated 140,000 deaths, an increase from 125,000 in 1990. Epilepsy is more common in both children and older adults. About 5–10% of people will have an unprovoked seizure by the age of 80. The chance of experiencing a second seizure within two years after the first is around 40%.  People with epilepsy may be treated differently in various areas of the world and experience varying degrees of social stigma due to the alarming nature of their symptoms. In many countries, people with epilepsy face driving restrictions and must be seizure-free for a set period before regaining eligibility to drive. The word epilepsy is from Ancient Greek ἐπιλαμβάνειν, 'to seize, possess, or afflict'.	https://en.wikipedia.org/wiki/Epilepsy
DOID:184	bone cancer	Bone tumor	A bone tumor is an abnormal growth of tissue in bone, traditionally classified as noncancerous (benign) or cancerous (malignant). Cancerous bone tumors usually originate from a cancer in another part of the body such as from lung, breast, thyroid, kidney and prostate.  There may be a lump, pain, or neurological signs from pressure. A bone tumor might present with a pathologic fracture. Other symptoms may include fatigue, fever, weight loss, anemia and nausea. Sometimes there are no symptoms and the tumour is found when investigating another problem. Diagnosis is generally by X-ray and other radiological tests such as CT scan, MRI, PET scan and bone scintigraphy. Blood tests might include a complete blood count, inflammatory markers, serum electrophoresis, PSA, kidney function and liver function. Urine may be tested for Bence Jones protein. For confirmation of diagnosis, a biopsy for histological evaluation might be required. The most common bone tumor is a non-ossifying fibroma. Average five-year survival in the United States after being diagnosed with bone and joint cancer is 68%. The earliest known bone tumor was an osteosarcoma in a foot bone discovered in South Africa, between 1.6 and 1.8 million years ago.	https://en.wikipedia.org/wiki/Bone_tumor
DOID:1909	melanoma	Melanoma	Melanoma is a type of cancer, typically skin cancer; it develops from the  melanin-producing cells known as melanocytes. It typically occurs in the skin, but may rarely occur in the mouth, intestines, or eye (uveal melanoma). In very rare cases melanoma can also happen in the lung, which is known as primary pulmonary melanoma and only happens in 0.01% of primary lung tumors. In females, melanomas most commonly occur on the legs; while in males, on the back. Melanoma is frequently referred to as malignant melanoma. However, the medical community stresses that there is no such thing as a 'benign melanoma' and recommends that the term 'malignant melanoma' should be avoided as it is redundant. About 30% of melanomas develop from moles. Changes in a mole that can indicate melanoma include increase—especially rapid increase—in size, irregular edges, change in color, itchiness, or skin breakdown. The primary cause of melanoma is ultraviolet light (UV) exposure in those with low levels of the skin pigment melanin. The UV light may be from the sun or other sources, such as tanning devices. Those with many moles, a history of affected family members, and poor immune function are at greater risk. A number of rare genetic conditions, such as xeroderma pigmentosum, also increase the risk. Diagnosis is by biopsy and analysis of any skin lesion that has signs of being potentially cancerous. Avoiding UV light and using sunscreen in UV-bright sun conditions may prevent melanoma. Treatment typically is removal by surgery of the melanoma and the potentially affected adjacent tissue bordering the melanoma. In those with slightly larger cancers, nearby lymph nodes may be tested for spread (metastasis). Most people are cured if metastasis has not occurred. For those in whom melanoma has spread, immunotherapy, biologic therapy, radiation therapy, or chemotherapy may improve survival. With treatment, the five-year survival rates in the United States are 100% among those with localized disease, 76% when the disease has spread to lymph nodes, and 35% among those with distant spread. The likelihood that melanoma will reoccur or spread depends on its thickness, how fast the cells are dividing, and whether or not the overlying skin has broken down. Melanoma is the most dangerous type of skin cancer. In 2015, 3.1 million people had active disease, which resulted in 59,800 deaths. The incidence of melanoma is expected to increase from 331,722 worldwide cases in 2022 to 510,000 cases in 2040. However mortality is decreasing as newer treatments become available. About 80% of all global cases occur in adults 50 years or older. Australia and New Zealand have the highest rates of melanoma in the world. High rates also occur in Northern Europe and North America, while it is less common in Asia, Africa, and Latin America. In the United States, melanoma occurs about 1.6 times more often in men than women. Melanoma has become more common since the 1960s in areas mostly populated by people of European descent.	https://en.wikipedia.org/wiki/Melanoma
DOID:1936	atherosclerosis	Atherosclerosis	Atherosclerosis is a pattern of the disease arteriosclerosis, characterized by the development of atheromatous plaques in the walls of arteries. This is a chronic inflammatory disease involving many different cell types and is driven by elevated blood levels of cholesterol, primarily LDL. These lesions lead to narrowing of the arteries. At the onset, there are usually no symptoms, but if they develop, symptoms generally begin around middle age. In severe cases, it can result in coronary artery disease, stroke, peripheral artery disease, or kidney disorders, depending on the body part(s) in which the affected arteries are located. The exact cause of atherosclerosis is unknown and is proposed to be multifactorial. Risk factors include abnormal cholesterol levels, elevated levels of inflammatory biomarkers, high blood pressure, diabetes, smoking (both active and passive smoking), obesity, genetic factors, family history, lifestyle habits, and an unhealthy diet. Plaque is made up of fat, cholesterol, immune cells, calcium, and other substances found in the blood. The narrowing of arteries limits the flow of oxygen-rich blood to parts of the body. Diagnosis is based upon a physical exam, electrocardiogram, and exercise stress test, among others, depending on the affected artery or arteries. Prevention guidelines include eating a healthy diet, exercising, not smoking, and maintaining a normal body weight. Treatment of established atherosclerotic disease may include medications to lower cholesterol such as statins, blood pressure medication, and anticoagulant therapies to reduce the risk of blood clot formation. As the disease state progresses, more invasive strategies are applied, such as percutaneous coronary intervention, coronary artery bypass graft, or carotid endarterectomy. In some individuals, genetic factors are also implicated in the disease process and cause a strongly increased predisposition to development of atherosclerosis. Atherosclerosis generally starts when a person is young and worsens with age. Almost all people are affected to some degree by the age of 65. It is the number one cause of death and disability in developed countries. Though it was first described in 1575, there is evidence suggesting that this disease state is genetically inherent in the broader human population, with its origins tracing back to CMAH genetic mutations that may have occurred more than two million years ago during the evolution of hominin ancestors of modern human beings.	https://en.wikipedia.org/wiki/Atherosclerosis
DOID:1964	fallopian tube cancer	Fallopian tube cancer	Primary fallopian tube cancer (PFTC), also known as tubal cancer, is a malignant neoplasm that originates from the fallopian tube. Along with primary ovarian and peritoneal carcinomas, it is grouped under epithelial ovarian cancers; cancers of the ovary that originate from a fallopian tube precursor.	https://en.wikipedia.org/wiki/Fallopian_tube_cancer
DOID:1993	rectum cancer	Colorectal cancer	Colorectal cancer, also known as bowel cancer, colon cancer, or rectal cancer, is the development of cancer from the colon or rectum (parts of the large intestine), in which uncontrolled growth of colon cells that can invade/spread to other parts of the body takes place. Signs and symptoms may include blood in the stool, a change in bowel movements, weight loss, abdominal pain, and fatigue. Most colorectal cancers are due to lifestyle factors and genetic disorders. Risk factors include diet, obesity, smoking, and lack of physical activity. Dietary factors that increase the risk include red meat, processed meat, and alcohol. Another risk factor is inflammatory bowel disease, which includes Crohn's disease and ulcerative colitis. Some of the inherited genetic disorders that can cause colorectal cancer include familial adenomatous polyposis and hereditary non-polyposis colon cancer; however, these represent less than 5% of cases. It typically starts as a benign tumor, often in the form of a polyp, which over time becomes cancerous. Colorectal cancer may be diagnosed by obtaining a sample of the colon during a sigmoidoscopy or colonoscopy. This is then followed by medical imaging to determine whether the cancer has spread beyond the colon or is in situ. Screening is effective for preventing and decreasing deaths from colorectal cancer. Screening, by one of several methods, is recommended starting from ages 45 to 75. It was recommended starting at age 50, but it was changed to 45 due to the increasing number of colon cancers. During colonoscopy, small polyps may be removed if found. If a large polyp or tumor is found, a biopsy may be performed to check if it is cancerous. Treatments used for colorectal cancer may include some combination of surgery, radiation therapy, chemotherapy, and targeted therapy. Cancers that are confined within the wall of the colon may be curable with surgery, while cancer that has spread widely is usually not curable, with management being directed towards improving quality of life and symptoms. The five-year survival rate in the United States was around 65% in 2014. The chances of survival depend on how advanced the cancer is, whether all of the cancer can be removed with surgery, and the person's overall health. Globally, colorectal cancer is the third-most common type of cancer, making up about 10% of all cases. In 2022, there were 1.93 million new cases and 903,859 deaths from the disease. It is more common in developed countries, where more than 65% of cases are found.	https://en.wikipedia.org/wiki/Colorectal_cancer
DOID:2043	hepatitis B	Hepatitis B	"Hepatitis B is an infectious disease caused by the hepatitis B virus (HBV) that affects the liver; it is a type of viral hepatitis. It can cause both acute and chronic infection. Many people have no symptoms after exposure. For others, symptoms may appear 30 to 180 days after exposure and can include a rapid onset of sickness with nausea, vomiting, yellowish skin, fatigue, yellow urine, and abdominal pain. Symptoms during acute infection typically last for a few weeks, though some people may feel sick for up to six months. Deaths resulting from acute stage HBV infections are rare. An HBV infection lasting longer than six months is usually considered chronic. The likelihood of developing chronic hepatitis B is higher for those who are infected with HBV at a younger age. About 90% of those infected during or shortly after birth develop chronic hepatitis B, while less than 10% of those infected after the age of five develop chronic cases. Most of those with chronic disease have no symptoms; however, cirrhosis and liver cancer eventually develop in about 25% of those with chronic HBV. The virus is transmitted by exposure to infectious blood or body fluids. In areas where the disease is common, infection around the time of birth or from contact with other people's blood during childhood are the most frequent methods by which hepatitis B is acquired. In areas where the disease is rare, intravenous drug use and sexual intercourse are the most frequent routes of infection. Other risk factors include working in healthcare, blood transfusions, dialysis, living with an infected person, travel in countries with high infection rates, and living in group living situations. Tattooing and acupuncture led to a significant number of cases in the 1980s; however, this has become less common with improved sterilization. The hepatitis B viruses cannot be spread by holding hands, sharing eating utensils, kissing, hugging, coughing, sneezing, or breastfeeding. The infection can be diagnosed 30 to 60 days after exposure. The diagnosis is usually confirmed by testing the blood for parts of the virus and for antibodies against the virus. It is one of five main hepatitis viruses: A, B, C, D, and E. During an initial infection, care is based on a person's symptoms. In those who develop chronic disease, antiviral medication such as tenofovir or interferon may be useful; however, these drugs are expensive. Liver transplantation is sometimes recommended for cases of cirrhosis or hepatocellular carcinoma. Hepatitis B infection has been preventable by vaccination since 1982. As of 2022, the hepatitis B vaccine is between 98% and 100% effective in preventing infection. The vaccine is administered in several doses; after an initial dose, two or three more vaccine doses are required at a later time for full effect. The World Health Organization (WHO) recommends infants receive the vaccine within 24 hours after birth when possible. National programs have made the hepatitis B vaccine available for infants in 190 countries as of the end of 2021. To further prevent infection, the WHO recommends testing all donated blood for hepatitis B before using it for transfusion. Using antiviral prophylaxis to prevent mother-to-child transmission is also recommended, as is following safe sex practices, including the use of condoms. In 2016, the WHO set a goal of eliminating viral hepatitis as a threat to global public health by 2030. Achieving this goal would require the development of therapeutic treatments to cure chronic hepatitis B, as well as preventing its transmission and using vaccines to prevent new infections. An estimated 296 million people, or 3.8% of the global population, had chronic hepatitis B infections as of 2019. Another 1.5 million developed acute infections that year, and 820,000 deaths occurred as a result of HBV. Cirrhosis and liver cancer are responsible for most HBV-related deaths. The disease is most prevalent in Africa (affecting 7.5% of the continent's population) and in the Western Pacific region (5.9%). Infection rates are 1.5% in Europe and 0.5% in the Americas. According to some estimates, about a third of the world's population has been infected with hepatitis B at one point in their lives. Hepatitis B was originally known as ""serum hepatitis""."	https://en.wikipedia.org/wiki/Hepatitis_B
DOID:216	dental caries	Tooth decay	Tooth decay, also known as caries (lit. 'rottenness', from Latin), is the breakdown of teeth due to acids produced by bacteria. The resulting dental cavities may be many different colors, from yellow to black. Symptoms may include pain and difficulty eating. Complications may include periodontal disease (i.e., inflammation of the tissue around the tooth), tooth loss, infection, or dental abscess formation. Tooth regeneration is a field of ongoing stem cell-based study that aims to find methods to reverse the effects of decay; current treatments are limited to symptom management. The cause of cavities is acid from bacteria dissolving the hard tissues of the teeth (enamel, dentin, and cementum). The acid is produced by the bacteria when they break down food debris or sugar on the tooth surface. Simple sugars in food are these bacteria's primary energy source, and thus a diet high in simple sugar is a risk factor. If tooth demineralization is greater than tooth remineralization from sources such as saliva, caries results. Risk factors include conditions that result in less saliva, such as diabetes mellitus, Sjögren syndrome, and some medications, including psychostimulants, antihistamines, and antidepressants. Dental caries is also associated with poverty, poor oral hygiene, and receding gums, resulting in gingival recession (i.e., exposure of the roots of the teeth). Prevention of dental caries includes regular teeth cleanings, a low-sugar diet, and small amounts of regular fluoride exposure. Brushing one's teeth twice daily and flossing between the teeth once daily is recommended. Fluoride may be acquired from water, salt, or toothpaste, among other sources. Treating a mother's dental cavities may decrease the risk in her children by decreasing the number of certain bacteria she may spread to them. Screening can result in earlier detection. Depending on the extent of destruction, various treatments can be used to restore the tooth to proper function, or the tooth may be removed. There is no known method to grow back large amounts of tooth. The availability of treatment is often poor in the developing world, according to the World Health Organization. Paracetamol (acetaminophen) or ibuprofen may be taken for pain. As of 2016, approximately 3.6 billion people (48% of the global population) had dental caries in their permanent teeth. The World Health Organization estimates that nearly all adults have dental caries at some point in time. In baby teeth, it affected about 620 million people, or 9.02% of the global population, in 2010. Bagramian and colleagues reported in 2009 that caries had become more common in both children and adults. The disease is most common in the developed world due to greater simple sugar consumption, but less common in the developing world.	https://en.wikipedia.org/wiki/Tooth_decay
DOID:2174	ocular cancer	Eye neoplasm	An eye neoplasm is a rare type of tumor of the eye. Eye neoplasms can affect all parts of the eye, and can either be benign (noncancerous) or malignant (cancerous), in which case it is known as eye cancer. Eye cancers can be primary (starts within the eye) or metastatic cancer (spread to the eye from another organ). The two most common cancers that spread to the eye from another organ are breast cancer and lung cancer. Other less common sites of origin include the prostate, kidney, thyroid, skin, colon and blood or bone marrow.	https://en.wikipedia.org/wiki/Eye_neoplasm
DOID:219	colon cancer	Colorectal cancer	Colorectal cancer, also known as bowel cancer, colon cancer, or rectal cancer, is the development of cancer from the colon or rectum (parts of the large intestine), in which uncontrolled growth of colon cells that can invade/spread to other parts of the body takes place. Signs and symptoms may include blood in the stool, a change in bowel movements, weight loss, abdominal pain, and fatigue. Most colorectal cancers are due to lifestyle factors and genetic disorders. Risk factors include diet, obesity, smoking, and lack of physical activity. Dietary factors that increase the risk include red meat, processed meat, and alcohol. Another risk factor is inflammatory bowel disease, which includes Crohn's disease and ulcerative colitis. Some of the inherited genetic disorders that can cause colorectal cancer include familial adenomatous polyposis and hereditary non-polyposis colon cancer; however, these represent less than 5% of cases. It typically starts as a benign tumor, often in the form of a polyp, which over time becomes cancerous. Colorectal cancer may be diagnosed by obtaining a sample of the colon during a sigmoidoscopy or colonoscopy. This is then followed by medical imaging to determine whether the cancer has spread beyond the colon or is in situ. Screening is effective for preventing and decreasing deaths from colorectal cancer. Screening, by one of several methods, is recommended starting from ages 45 to 75. It was recommended starting at age 50, but it was changed to 45 due to the increasing number of colon cancers. During colonoscopy, small polyps may be removed if found. If a large polyp or tumor is found, a biopsy may be performed to check if it is cancerous. Treatments used for colorectal cancer may include some combination of surgery, radiation therapy, chemotherapy, and targeted therapy. Cancers that are confined within the wall of the colon may be curable with surgery, while cancer that has spread widely is usually not curable, with management being directed towards improving quality of life and symptoms. The five-year survival rate in the United States was around 65% in 2014. The chances of survival depend on how advanced the cancer is, whether all of the cancer can be removed with surgery, and the person's overall health. Globally, colorectal cancer is the third-most common type of cancer, making up about 10% of all cases. In 2022, there were 1.93 million new cases and 903,859 deaths from the disease. It is more common in developed countries, where more than 65% of cases are found.	https://en.wikipedia.org/wiki/Colorectal_cancer
DOID:2355	anemia	Anemia	Anemia (also spelt anaemia in British English) is a blood disorder in which the blood has a reduced ability to carry oxygen. This can be due to a lower than normal number of red blood cells, a reduction in the amount of hemoglobin available for oxygen transport, or abnormalities in hemoglobin that impair its function. When anemia comes on slowly, the symptoms are often vague, such as tiredness, weakness, shortness of breath, headaches, and a reduced ability to exercise. When anemia is acute, symptoms may include confusion, feeling like one is going to pass out, loss of consciousness, and increased thirst. Anemia must be significant before a person becomes noticeably pale. Additional symptoms may occur depending on the underlying cause. Anemia can be temporary or long-term and can range from mild to severe. Anemia can be caused by blood loss, decreased red blood cell production, and increased red blood cell breakdown. Causes of blood loss include menstruation, bleeding due to inflammation of the stomach or intestines, bleeding from surgery, serious injury, or blood donation. Causes of decreased production include iron deficiency, folate deficiency, vitamin B12 deficiency, thalassemia and a number of bone marrow tumors. Causes of increased breakdown include genetic disorders such as sickle cell anemia, infections such as malaria, and certain autoimmune diseases like autoimmune hemolytic anemia.  Anemia can also be classified based on the size of the red blood cells and amount of hemoglobin in each cell. If the cells are small, it is called microcytic anemia; if they are large, it is called macrocytic anemia; and if they are normal sized, it is called normocytic anemia. The diagnosis of anemia in men is based on a hemoglobin of less than 130 g/L; in non-pregnant women, it is less than 120 g/L, while in pregnant women it is less than 105–110. Further testing is then required to determine the cause. Treatment depends on the specific cause. Certain groups of individuals, such as pregnant women, can benefit from the use of iron pills for prevention. Dietary supplementation, without determining the specific cause, is not recommended. The use of blood transfusions is typically based on a person's signs and symptoms. In those without symptoms, they are not recommended unless hemoglobin levels are less than 60 to 80 g/L (6 to 8 g/dL). These recommendations may also apply to some people with acute bleeding. Erythropoiesis-stimulating agents are only recommended in those with severe anemia. Anemia is the most common blood disorder, affecting about a fifth to a third of the global population. Iron-deficiency anemia is the most common cause of anemia worldwide, and affects nearly one billion people. In 2013, anemia due to iron deficiency resulted in about 183,000 deaths – down from 213,000 deaths in 1990. This condition is most prevalent in children with also an above average prevalence in elderly and women of reproductive age (especially during pregnancy). Women aged 15 to 49 years experienced an increase in the global prevalence from 27.6% to 30.7% between 2012 to 2023 with either no improvement or an increase in prevalence in nearly all regions. In 2025, the WHO noted a rate of 35.5% in pregnant women, compared with 30.5% in non-pregnant women, along with a rate of almost 40% in children aged under 5 years.  Anemia is one of the six WHO global nutrition targets for 2025 and for diet-related global targets endorsed by World Health Assembly in 2012 and 2013. Efforts to reach global targets contribute to reaching Sustainable Development Goals (SDGs), with anemia as one of the targets in SDG 2 for achieving zero world hunger.	https://en.wikipedia.org/wiki/Anemia
DOID:2377	multiple sclerosis	Multiple sclerosis	"Multiple sclerosis (MS) is an autoimmune disease where the immune system attacks myelin, the insulating cover of nerve cells in the human body, causing damage to one's own central nervous system. It is a type of demyelinating disease, where the nervous system's ability to transmit signals is damaged. Symptoms can be physical, mental, or both, including double vision, vision loss, eye pain, muscle weakness, loss of sensation and coordination. MS takes several forms of presentation:  New symptoms can occur as an isolated attack, where the patient experiences neurological symptoms suddenly and then gets better (relapsing form), called relapsing-remitting MS, which is seen in 85% of patients. In other patients, symptoms can slowly get worse over time (progressive form), called primarily progressive MS, seen in 15% of patients. The patients with relapsing-remitting MS can experience gradual worsening of their symptoms following the attacks, this subtype is called secondary progressive MS. In relapsing forms of MS, symptoms may disappear completely between attacks, although some permanent neurological problems often remain, especially as the disease advances. In progressive forms of MS, the body's function slowly deteriorates once symptoms manifest and will steadily worsen if left untreated. A patient might have a single attack and not meet the full criteria for being diagnosed with MS. This is called a clinically isolated syndrome. While its cause is unclear, the underlying mechanism is thought to be due to either destruction by the immune system or inactivation of myelin-producing cells. Proposed causes for this include immune dysregulation, genetics, and environmental factors, such as viral infections. The McDonald criteria are a frequently updated set of guidelines used to establish an MS diagnosis. There is no cure for MS. Current treatments aim to reduce inflammation and manage symptoms during acute flares and prevent further attacks with disease-modifying therapies. These approaches seek to slow disease progression and improving quality of life. Physical therapy and occupational therapy, along with patient-centered symptom management, can help improve functional ability. The long-term outcome is difficult to predict; however, better outcomes are more commonly seen in women, those who develop the disease early in life, those with a relapsing course, and those who initially experience fewer attacks. MS is the most common immune-mediated disorder affecting the central nervous system (CNS). In 2020, about 2.8 million people were affected by MS globally, with rates varying widely in different regions and among different populations. The disease usually begins between the ages of 20 and 40 and is almost three times more common in females than in males (3:1 ratio).  MS was first described in 1868 by French neurologist Jean-Martin Charcot. The name ""multiple sclerosis"" is short for multiple cerebro-spinal sclerosis, which refers to the numerous glial scars (or sclerae – essentially plaques or lesions) that develop on the white matter of the brain and spinal cord."	https://en.wikipedia.org/wiki/Multiple_sclerosis
DOID:2394	ovarian cancer	Ovarian cancer	Ovarian cancer is a cancerous tumor of an ovary. It may originate from the ovary itself or more commonly from nearby structures such as fallopian tubes or the inner lining of the abdomen. The ovary is made up of three different cell types including epithelial cells, germ cells, and stromal cells. When these cells become abnormal, they can divide and form tumors. These cells can also invade or metastasize (spread) to other parts of the body. When this process begins, there may be no or only vague symptoms. Symptoms become more noticeable as the cancer progresses. These symptoms may include bloating, vaginal bleeding, pelvic pain, abdominal swelling, constipation, and loss of appetite, among others. Common areas to which the cancer may spread include the lining of the abdomen, lymph nodes, lungs, and liver. The risk of ovarian cancer increases with age. Most cases of ovarian cancer develop after menopause. It is also more common in women who have ovulated more over their lifetime. This includes those who have never had children, those who began ovulation at a younger age and those who reach menopause at an older age. Other risk factors include hormone therapy after menopause, fertility medication, and obesity. Factors that decrease risk include hormonal birth control, tubal ligation, pregnancy, and breast feeding. About 10% of cases are related to inherited genetic risk; women with mutations in the genes BRCA1 or BRCA2 have about a 50% chance of developing the disease. Some family cancer syndromes, such as hereditary nonpolyposis colon cancer and Peutz-Jeghers syndrome, also increase the risk of developing ovarian cancer. Epithelial ovarian carcinoma is the most common type of ovarian cancer, comprising more than 95% of cases. There are five main subtypes of ovarian carcinoma, of which high-grade serous carcinoma (HGSC) is the most common. Less common types of ovarian cancer include germ cell tumors and sex cord stromal tumors. A diagnosis of ovarian cancer is confirmed through a biopsy of tissue, usually removed during surgery. Screening is not recommended in women who are at average risk, as evidence does not support a reduction in death and the high rate of false positive tests may lead to unneeded surgery, which is accompanied by its own risks. Those at very high risk may have their ovaries removed as a preventive measure. If caught and treated in an early stage, ovarian cancer is often curable. Treatment usually includes some combination of surgery, radiation therapy, and chemotherapy. Outcomes depend on the extent of the disease, the subtype of cancer present, and other medical conditions. The overall five-year survival rate in the United States is 52%. Outcomes are worse in the developing world. In 2020, new cases occurred in approximately 313,000 women. In 2019 it resulted in 13,445 deaths in the United States. Death from ovarian cancer increased globally between 1990 and 2017 by 84.2%. Ovarian cancer is the second-most common gynecologic cancer in the United States. It causes more deaths than any other cancer of the female reproductive system. Among women, it ranks fifth in cancer-related deaths. The typical age of diagnosis is 63. Death from ovarian cancer is more common in North America and Europe than in Africa and Asia. In the United States, it is more common in White and Hispanic women than Black or American Indian women.	https://en.wikipedia.org/wiki/Ovarian_cancer
DOID:2531	hematologic cancer	Tumors of the hematopoietic and lymphoid tissues	"Tumors of the hematopoietic and lymphoid tissues (American English) or tumours of the haematopoietic and lymphoid tissues (British English) are tumors that affect the blood, bone marrow, lymph, and lymphatic system. Because these tissues are all intimately connected through both the circulatory system and the immune system, a disease affecting one will often affect the others as well, making aplasia, myeloproliferation and lymphoproliferation (and thus the leukemias, myelomas, and the lymphomas) closely related and often overlapping problems. While uncommon in solid tumors, chromosomal translocations are a common cause of these diseases. This commonly leads to a different approach in diagnosis and treatment of hematological malignancies. Hematological malignancies are malignant neoplasms (""cancer""), and they are generally treated by specialists in hematology and/or oncology.  In some centers ""hematology/oncology"" is a single subspecialty of internal medicine while in others they are considered separate divisions (there are also surgical and radiation oncologists).  Not all hematological disorders are malignant (""cancerous""); these other blood conditions may also be managed by a hematologist. Hematological malignancies may derive from either of the two major blood cell lineages:  myeloid and lymphoid cell lines.  The myeloid cell line normally produces granulocytes, erythrocytes, thrombocytes, macrophages and mast cells; the lymphoid cell line produces B, T, NK and plasma cells. Lymphomas, lymphocytic leukemias, and myeloma are from the lymphoid line, while acute and chronic myelogenous leukemia, myelodysplastic syndromes and myeloproliferative diseases are myeloid in origin. A subgroup of them are more severe and are known as haematological malignancies (British English)/hematological malignancies (American English) or blood cancer. They may also be referred to as liquid tumors."	https://en.wikipedia.org/wiki/Tumors_of_the_hematopoietic_and_lymphoid_tissues
DOID:2596	larynx cancer	Laryngeal cancer	Laryngeal cancer is a kind of cancer that can develop in any part of the larynx (voice box). It is typically a squamous-cell carcinoma, reflecting its origin from the epithelium of the larynx. The prognosis is affected by the location of the tumour. For the purposes of  staging, the larynx is divided into three anatomical regions: the glottis (true vocal cords, anterior and posterior commissures); the supraglottis (epiglottis, arytenoids and aryepiglottic folds, and false cords); and the subglottis. Most laryngeal cancers originate in the glottis, with supraglottic and subglottic tumours being less frequent. Laryngeal cancer may spread by: direct extension to adjacent structures, metastasis to regional cervical lymph nodes, or via the blood stream. The most common site of distant metastases is the lung. Laryngeal cancer occurred in 177,000 people in 2018, and resulted in 94,800 deaths (an increase from 76,000 deaths in 1990). Five-year survival rates in the United States are 62.1% (2015–2021).	https://en.wikipedia.org/wiki/Laryngeal_cancer
DOID:263	kidney cancer	Kidney cancer	Kidney cancer, also known as renal cancer, is a group of cancers that starts in the kidney. Symptoms may include blood in the urine, a lump in the abdomen, or back pain. Fever, weight loss, and tiredness may also occur. Complications can include spread to the lungs or brain. The main types of kidney cancer are renal cell cancer (RCC), transitional cell cancer (TCC), and Wilms' tumor. RCC makes up approximately 80% of kidney cancers, and TCC accounts for most of the rest. Risk factors for RCC and TCC include smoking, certain pain medications, previous bladder cancer, being overweight, high blood pressure, certain chemicals, and a family history. Risk factors for Wilms' tumor include a family history and certain genetic disorders such as WAGR syndrome. Diagnosis may be suspected based on symptoms, urine testing, and medical imaging. It is confirmed by tissue biopsy. Treatment may include surgery, radiation therapy, chemotherapy, immunotherapy, and targeted therapy. Kidney cancer newly affected about 403,300 people and resulted in 175,000 deaths globally in 2018. Onset is usually after the age of 45. The overall five-year survival rate is 78% in the United States, 73% in Canada. Using older statistics from 2017 and 2018, the survival rate was 70% in China, and 60% in Europe. For cancers that are confined to the kidney, the five-year survival rate is 93%, if it has spread to the surrounding lymph nodes it is 76%, and if it has spread widely, it is 19%. Kidney cancer has been identified as the 13th most common form of cancer, and is responsible for 2% of the world's cancer cases and deaths. The incidence of kidney cancer has continued to increase since 1930. Renal cancer is more commonly found in populations of urban areas than rural areas.	https://en.wikipedia.org/wiki/Kidney_cancer
DOID:2841	asthma	Asthma	Asthma is a common long-term inflammatory disease of the airways. It is characterized by variable and recurring symptoms and reduced lung function. Symptoms include episodes of wheezing, coughing, chest tightness, and shortness of breath. A sudden worsening of asthma symptoms sometimes called an asthma attack or an asthma exacerbation can occur when allergens, pollen, dust, or other particles are inhaled into the lungs, causing the bronchioles to constrict and produce mucus, which then restricts oxygen flow to the alveoli. These may occur a few times a day or a few times per week. Depending on the person, asthma symptoms may become worse at night or with exercise. Asthma is thought to be caused by a combination of genetic and environmental factors. Environmental factors include exposure to air pollution and allergens. Other potential triggers include medications such as aspirin and beta blockers. Diagnosis is usually based on the pattern of symptoms, response to therapy over time, and spirometry lung function testing. Asthma is classified according to the amount of medication required to control symptoms or mechanisms underlying the condition. There is no known cure for asthma, but it can be controlled. Symptoms can be prevented by avoiding triggers, such as allergens and respiratory irritants, and suppressed with the use of inhaled corticosteroids. Long-acting beta agonists (LABA) or antileukotriene agents may be used in addition to inhaled corticosteroids if asthma symptoms remain uncontrolled. Treatment of rapidly worsening symptoms is usually with an inhaled short-acting beta2 agonist such as salbutamol, corticosteroids taken by mouth, and oxygen therapy. In very severe cases, intravenous corticosteroids and hospitalization may be required. In 2023, asthma affected an estimated 363 million people worldwide and caused 442,000 deaths. Most asthma-related deaths occur in low- and lower-middle-income countries. Asthma often begins in childhood. It was recognized as early as ancient Egypt. The word asthma is from the Greek ἆσθμα (âsthma), which means 'panting'.	https://en.wikipedia.org/wiki/Asthma
DOID:2986	IgA glomerulonephritis		Description not found.	
DOID:2994	germ cell cancer		Description not found.	
DOID:2998	testicular cancer	Testicular cancer	Testicular cancer is cancer that develops in the testicles, a part of the male reproductive system. Symptoms may include a lump in the testicle or swelling or pain in the scrotum. Treatment may result in infertility. Risk factors include an undescended testis, family history of the disease, and previous history of testicular cancer. More than 95% are germ cell tumors which are divided into seminomas and non-seminomas. Other types include sex-cord stromal tumors and lymphomas. Diagnosis is typically based on a physical exam, ultrasound, and blood tests. Surgical removal of the testicle with examination under a microscope is then done to determine the type. Testicular cancer is highly treatable and usually curable. Treatment options may include surgery, radiation therapy, chemotherapy, or stem cell transplantation. Even in cases in which cancer has spread widely, chemotherapy offers a cure rate greater than 80%. Globally, testicular cancer affected about 686,000 people in 2015. That year it resulted in 9,400 deaths up from 7,000 deaths in 1990. Rates are lower in the developing than the developed world. Onset most commonly occurs in males 20 to 34 years old, rarely before 15 years old. The five-year survival rate in the United States is about 95%. Outcomes are better when the disease remains localized.	https://en.wikipedia.org/wiki/Testicular_cancer
DOID:3070	malignant glioma	Glioma	A glioma is a type of malignant tumor originating in the glial cells of the brain or spinal cord. Gliomas comprise about 30% of all brain and central nervous system tumors and 80% of all malignant brain tumors. Common subtypes include astrocytoma (cancer of astrocytes), glioblastoma (an aggressive form of astrocytoma), oligodendroglioma (cancer of oligodendrocytes), and ependymoma (cancer of ependymal cells).	https://en.wikipedia.org/wiki/Glioma
DOID:3083	chronic obstructive pulmonary disease	Chronic obstructive pulmonary disease	Chronic obstructive pulmonary disease (COPD) is a long-term lung condition that makes it progressively harder to breathe. It occurs when the airways and lung tissue become damaged, leading to reduced airflow and reduced efficiency of oxygen exchange in the lungs. COPD develops gradually over time, and while it cannot currently be cured, treatments and lifestyle changes can help control symptoms and slow disease progression. Early diagnosis and prompt treatment are recommended. The condition includes two related lung problems: chronic bronchitis and emphysema. Chronic bronchitis involves ongoing inflammation of the airways, causing excess mucus production, coughing, and chest discomfort. Emphysema involves damage to the small air sacs in the lungs, which reduces the lungs' ability to transfer oxygen into the bloodstream. Many people with COPD experience shortness of breath, persistent cough, wheezing, and reduced exercise tolerance. Symptoms can become more severe during acute flare-ups, which can be triggered by viral and bacterial infections and exposure to irritants. People with COPD generally display a combination of these symptoms, and are likely to have additional health issues. COPD can develop due to multiple factors, most often involving long-term exposure to lung irritants. The strongest risk factors are tobacco smoke, air pollution, and workplace dust and chemical fumes. Smoke from fuels used for cooking and heating is a primary risk factor in some places, particularly for women and young children. Factors affecting lung development in early life such as respiratory infections, poor nutrition, and physical inactivity, can increase risk of COPD in later life. Genetics can also play a role. The Diagnosis of COPD is usually confirmed using lung function tests that measure how well air moves in and out of the lungs. While COPD cannot currently be cured, treatment can significantly improve quality of life. Common treatments include inhaled medications that help open the airways, pulmonary rehabilitation programmes that improve fitness and breathing control, and oxygen therapy for people with advanced disease. Quitting smoking is strongly recommended, as is reducing exposure to other lung irritants. As of 2021, COPD affected about 213 million people worldwide. COPD typically occurs in people over the age of 35–40, and risk increases with age. In 2021, COPD was the fourth-biggest cause of death, responsible for approximately 5% of total deaths. Almost 90% of COPD deaths in those under 70 years of age occur in low and middle income countries. The number of deaths is projected to increase further because of continued exposure to risk factors and an ageing population.	https://en.wikipedia.org/wiki/Chronic_obstructive_pulmonary_disease
DOID:3121	gallbladder cancer	Gallbladder cancer	Gallbladder cancer is a relatively uncommon cancer, with an incidence of fewer than 2 cases per 100,000 people per year in the United States. It is less uncommon in Central and South America, central and eastern Europe, Japan and northern India; it is also common in certain ethnic groups such as Native American and Hispanic peoples. Gallbladder adenocarcinoma accounts for approximately 90% of gallbladder cancers. GLOBOCAN 2022 estimated 122,469 new cases and 89,045 deaths from gallbladder cancer in 2022. South Central Asia and Eastern Asia, particularly India and China, bear the largest absolute burdens, and some South American countries, like Bolivia, have among the highest age-standardized rates. This highlights the regional disparities in gallbladder cancer incidence and mortality. If diagnosed early enough, the cancer may be cured by removing the gallbladder, part of the liver and associated lymph nodes. However, the cancer is often only found after patients present with symptoms such as abdominal pain, jaundice and vomiting, and by then it has often spread to other organs such as the liver. Gallbladder cancer is thought to be related to the formation of gallstones, which may lead to calcification of the gallbladder, a condition known as porcelain gallbladder. Porcelain gallbladder is also rare. Some studies indicate that people with porcelain gallbladder have a high risk of developing gallbladder cancer, but other studies question this. The outlook is poor for recovery if the cancer is found after symptoms have started to occur, with a five-year survival rate of close to 3%.	https://en.wikipedia.org/wiki/Gallbladder_cancer
DOID:3277	thymus cancer	Thymus	The thymus (pl.: thymuses or thymi) is a specialized primary lymphoid organ of the immune system. Within the thymus, T cells mature. T cells are critical to the adaptive immune system, where the body adapts to specific foreign invaders. The thymus is located in the upper front part of the chest, in the anterior superior mediastinum, behind the sternum, and in front of the heart. It is made up of two lobes, each consisting of a central medulla and an outer cortex, surrounded by a capsule. The thymus holds immature T cells called thymocytes. Lining cells (epithelial cells) help the thymocytes develop. T cells that successfully develop react appropriately with MHC immune receptors of the body (called positive selection) and not against proteins of the body (called negative selection). The thymus is largest and most active during the neonatal and pre-adolescent periods.  By the early teens, the thymus begins to decrease in size and activity and its tissue is gradually replaced by fatty tissue.  Nevertheless, some T cell development continues throughout adult life. Thymus abnormalities can result in autoimmune diseases, such as autoimmune polyendocrine syndrome type 1 and myasthenia gravis, and can also decrease the total number of T cells. These are often associated with cancer of thymus tissue, called thymoma, or tissues arising from immature lymphocytes, such as T cells, called lymphoma.  Removal of the thymus is called a thymectomy.  Although the thymus has been identified as part of the body since the Ancient Greeks, only in  the 1960s did the thymus's function in the immune system become clearer.	https://en.wikipedia.org/wiki/Thymus
DOID:3310	atopic dermatitis	Atopic dermatitis	"Atopic dermatitis (AD), also known as atopic eczema, is chronic type of inflammation of the skin. Atopic dermatitis is also often called simply eczema, but ""eczema"" is also used to refer to dermatitis, the larger group of skin conditions. Atopic dermatitis results in itchy, red, swollen, and cracked skin. Clear fluid may come from the affected areas, which can thicken over time. The thickening phenomenon is known as lichenification.  Atopic dermatitis affects about 20% of people at some point in their lives. It is more common in younger children. Females are affected slightly more often than males. Millions of people have outgrown the condition. While the condition may occur at any age, it typically begins in childhood, with varying severity over the years. In children under one year of age, the face, limbs, and much of the body may be affected. As children get older, the areas on the insides of the knees and folds of the elbows and around the neck are most commonly affected. In adults, the hands and feet are commonly affected. Scratching the affected areas worsens the eczema and increases the risk of skin infections. Many people with atopic dermatitis develop hay fever or asthma. The cause is unknown but is believed to involve genetics, immune system dysfunction, environmental exposures, and difficulties with the permeability of the skin. If one identical twin is affected, the other has an 85% chance of having the condition. Those who live in cities and dry climates are more commonly affected. Exposure to certain chemicals or frequent hand washing makes symptoms worse. While emotional stress may make the symptoms worse, it is not a cause. The disorder is not contagious. A diagnosis is typically based on the signs, symptoms, and family history. Treatment involves avoiding things that make the condition worse, enhancing the skin barrier through skin care, and treating the underlying skin inflammation. Moisturising creams are used to make the skin less dry and prevent AD flare-ups. Anti-inflammatory corticosteroid creams are used to control flare-ups. Creams based on calcineurin inhibitors (tacrolimus or pimecrolimus) may also be used to control flares if other measures are not effective. Certain antihistamine pills might help with itchiness. Things that commonly make the condition worse include house dust mite, stress, and seasonal factors. The material of clothing worn from day-to-day can also make a difference—synthetic fabrics and wool are frequently found to aggravate conditions. Phototherapy may be useful in some people. Antibiotics (either by mouth or topically) are usually not helpful unless there is secondary bacterial infection or the person is unwell. Dietary exclusion does not benefit most people, and it is only needed if food allergies are suspected. More severe AD cases may need systemic medicines such as ciclosporin, methotrexate, dupilumab, or baricitinib. Other names of the condition include ""infantile eczema"", ""flexural eczema"", ""prurigo Besnier"", ""allergic eczema"", and ""neurodermatitis""."	https://en.wikipedia.org/wiki/Atopic_dermatitis
DOID:3312	bipolar disorder	Bipolar disorder	"Bipolar disorder (BD), previously known as manic depression, is a mental disorder characterized by periods of depression and abnormally elevated mood, lasting days to weeks, and in some cases months. If the elevated mood is severe or associated with psychosis, it is called mania; if it does not significantly affect functioning, it is called hypomania. During mania, an individual behaves or feels abnormally energetic, happy, or irritable, and often makes impulsive and reckless decisions. There is usually sleep disturbance during manic phases. During periods of depression, the individual may experience crying, have a negative outlook, and demonstrate poor eye contact. People with BD are at 11.7 times greater risk of dying by suicide than the general population. Approximately 34% attempt suicide during their lifetime. Among adolescents with BD, 78% engaged in self-harm. The mechanisms of this mood disorder are not clearly understood, although some studies suggest areas for future clinical research. Structural and functional MRI studies have shown differences in brain regions in BD, such as regions involved in perceiving risk-reward and regulating emotions. A systematic review and meta-analysis by Murri and others found that cortisol levels are ""associated with the manic phase"" of BD. Likewise, various other studies support an important role for hypothalamic-pituitary-adrenal axis (HPA axis). Risk for BD is thought to be influenced by genetics, environment, and ADHD. In one respect (heritability), genetic factors may account for up to 70–90% of the risk of developing BD. In another respect (concordance rate), identical twins both have bipolar disorder (or both do not) at a rate of ~40%, in contrast to dizygotic twins' ~5%. Environmental risks include a history of child abuse and long-term stress. A meta-analysis and a separate critical literature review have found worse prognosis and earlier onset of BD in people with childhood maltreatment and ""early emotional trauma"" respectively. Likewise, traumatic bonding increases risk of BD. ADHD increases the risk of developing bipolar disorder. More research is needed to understand the nature of this association. The condition is classified as bipolar I disorder if there has been at least one manic episode, with or without depressive episodes, and as bipolar II disorder if there has been at least one hypomanic episode (but no full manic episodes) and one major depressive episode. It is classified as cyclothymia if there are hypomanic episodes with periods of depression that do not meet the criteria for major depressive episodes. If these symptoms are due to drugs or medical problems, they are not diagnosed as BD. Mood stabilizers, particularly lithium, and anticonvulsants, such as lamotrigine and valproate, as well as atypical antipsychotics are used for treatment. Atypical antipsychotics are used for acute manic episodes or when mood stabilizers are ineffective or not tolerated, with long-acting injectables available for patients who struggle to maintain a medication regimen. There is evidence that psychotherapy improves the course of BD. Use of antidepressants in depressive episodes is controversial: they can be effective, but certain classes of antidepressants increase the risk of mania. The treatment of depressive episodes, therefore, is often difficult. Past studies have found that electroconvulsive therapy (ECT) is effective in acute manic and depressive episodes, particularly with psychosis or catatonia; likewise, past guidelines have recommended admission to a psychiatric hospital if someone is a risk to themselves or others, and/or involuntary treatment if someone refuses treatment. However, the Committee on Rights of Persons with Disabilities (CRPD) of the United Nations has recommended the abolition of institutionalization and forced treatments ""such as sedatives, mood stabilizers, electro-convulsive treatment, and conversion therapy"". The 6-12 month prevalence of bipolar disorder is 1%, while the lifetime prevalence is between 1 and 3%. The prevalence of pediatric bipolar disorder is 3.9%, although study estimates are higher with ""broad bipolar criteria"" and ""older minimum age"". The most frequent ages of onset are 24 or 46; the distribution of onset age is bimodal. An earlier onset is associated with worse depression and more frequent co-diagnosis of anxiety and substance use. Around 40-60% of people with BD are employed and over 80% ""may take time off work for psychiatric reasons in a five year period."" Occupational therapies appear cost-effective at returning people with BD to work. Social cognition is moderately impaired in people with BD, regardless of mood state. 16% of people with BD are high functioning. As of 2021, people with BD accounted for 183 Years Lived with Disability (YLDs) per 100,000 people in the Americas (ranking 20th out of all conditions). Risk of death due to unnatural and natural causes is 7.3 and 1.9 times higher respectively. On average, life expectancy is 12.9 years shorter."	https://en.wikipedia.org/wiki/Bipolar_disorder
DOID:332	amyotrophic lateral sclerosis	ALS	Amyotrophic lateral sclerosis (ALS), also known as motor neuron disease (MND) or Lou Gehrig's disease, is a rare terminal neurodegenerative disease defined by the progressive loss of both upper and lower motor neurons that normally control voluntary muscle contraction. ALS is the most common of the motor neuron diseases. ALS often presents with gradual muscle stiffness, twitches, weakness, and wasting. Motor neuron loss typically continues until the ability to eat, speak, move, and breathe without mechanical support is lost. At least 50% of people with ALS experience significant changes in thinking and behavior, with 15% of individuals going on to develop frontotemporal dementia. An ALS diagnosis is made based on a person's signs and symptoms, with additional testing conducted to rule out other potential causes. Depending on which areas of the body are affected first, ALS may be classified as limb-onset (beginning with weakness in the arms or legs) or bulbar-onset (beginning with difficulty in speaking or swallowing). Respiratory onset occurs in approximately 1–3% of cases. Most cases of ALS (about 90–95%) have no known cause and are known as sporadic ALS. Genetic, autoimmune, and environmental factors are believed to be involved in the onset of ALS. Approximately 5–10% of ALS cases have a known genetic cause and are often linked to a family history of ALS; such cases are known as familial ALS or hereditary ALS. Mutations in the C9orf72 gene are the most common known genetic cause of familial ALS and are also found in a subset of sporadic cases. Four disease-linked genes are responsible for approximately half of all genetic cases. There is no known cure for ALS. The goal of treatment is to slow the disease progression and improve symptoms. FDA-approved treatments that slow the progression of ALS include riluzole and edaravone. Non-invasive ventilation may result in both improved quality and length of life. Mechanical ventilation can prolong survival but does not stop disease progression. A feeding tube may help maintain weight and nutrition. Death is usually caused by respiratory failure. The disease can affect people of any age, but usually starts around the age of 60. The average survival from onset to death is two to four years, though this can vary; about 10% of those affected survive longer than ten years. Descriptions of the disease date back to at least 1824 by Charles Bell. In 1869, the connection between the symptoms and the underlying neurological problems was first described by French neurologist Jean-Martin Charcot, who in 1874 began using the term amyotrophic lateral sclerosis.	https://en.wikipedia.org/wiki/ALS
DOID:3393	coronary artery disease	Coronary artery disease	Coronary artery disease (CAD), also called coronary heart disease (CHD), or ischemic heart disease (IHD), is a type of heart disease involving the reduction of blood flow to the cardiac muscle due to the presence of atheromatous plaques in the arteries of the heart. It is the most common of the cardiovascular diseases. CAD can cause stable angina, unstable angina, myocardial ischemia, and myocardial infarction. A common symptom is angina, which is chest pain or discomfort that may travel into the shoulder, arm, back, neck, or jaw. Occasionally, it may feel like heartburn. In stable angina, symptoms occur with exercise or emotional stress, last less than a few minutes, and improve with rest. Shortness of breath may also occur, and sometimes no symptoms are present. In many cases, the first sign is a heart attack. Other complications include heart failure or an abnormal heart rhythm. Risk factors include high blood pressure, smoking, diabetes mellitus, lack of exercise, obesity, high blood cholesterol, poor diet, depression, and excessive alcohol consumption. A number of tests may help with diagnosis including electrocardiogram, cardiac stress testing, coronary computed tomographic angiography and coronary angiogram, among others. Ways to reduce CAD risk include eating a healthy diet, regularly exercising, maintaining a healthy weight, and not smoking. Medications for diabetes, high cholesterol, or high blood pressure are sometimes used. Although primary prevention strategies involving statin medications reduce the incidence of the sequelae of CAD, there is limited evidence for the efficacy of early detection of CAD itself through screening of low-risk individuals who do not show symptoms. Treatment involves the same measures as prevention. Additional medications such as antiplatelets (including aspirin), beta blockers, or nitroglycerin may be recommended. Procedures such as percutaneous coronary intervention (PCI) or coronary artery bypass surgery (CABG) may be used in severe disease. In those with stable CAD it is unclear if PCI or CABG in addition to the other treatments improves life expectancy or decreases heart attack risk. In 2015, CAD affected 110 million people and resulted in 8.9 million deaths. It makes up 15.6% of all deaths, making it the most common cause of death globally. The risk of death from CAD for a given age decreased between 1980 and 2010, especially in developed countries. The number of cases of CAD for a given age also decreased between 1990 and 2010. In the United States in 2010, about 20% of those over 65 had CAD, while it was present in 7% of those 45 to 64, and 1.3% of those 18 to 45; rates were higher among males than females of a given age.	https://en.wikipedia.org/wiki/Coronary_artery_disease
DOID:3565	meningioma	Meningioma	Meningioma, also known as meningeal tumor, is typically a slow-growing tumor that forms from the meninges, the membranous layers surrounding the brain and spinal cord. Symptoms depend on the location and occur as a result of the tumor pressing on nearby tissue. Many cases never produce symptoms. Occasionally seizures, dementia, trouble talking, vision problems, one sided weakness, or loss of bladder control may occur. Risk factors include exposure to ionizing radiation such as during radiation therapy, a family history of the condition, and neurofibromatosis type 2. They appear to be able to form from a number of different types of cells including arachnoid cells. Diagnosis is typically by medical imaging. If there are no symptoms, periodic observation may be all that is required. Most cases that result in symptoms can be cured by surgery. Following complete removal fewer than 20% recur. If surgery is not possible or all the tumor cannot be removed, radiosurgery may be helpful. Chemotherapy has not been found to be useful. A small percentage grow rapidly and are associated with worse outcomes. About one per thousand people in the United States are currently affected. Onset is usually in adults. In this group they represent about 30% of brain tumors. Women are affected about twice as often as men. Meningiomas were reported as early as 1614 by Felix Plater.	https://en.wikipedia.org/wiki/Meningioma
DOID:3571	liver cancer	Liver cancer	Liver cancer, also known as hepatic cancer, primary hepatic cancer, or primary hepatic malignancy, is cancer that starts in the liver. Liver cancer can be primary in which the cancer starts in the liver, or it can be liver metastasis, or secondary, in which the cancer spreads from elsewhere in the body to the liver. Liver metastasis is the more common of the two liver cancers.  According to the recent analysis, it is shown that metabolic dysfunction–associated steatotic liver disease, which was previously known as non-alcoholic fatty liver disease (NAFLD) and is now considered as one of the leading causes of hepatocellular carcinoma (HCC) globally, especially in developed nations, due to the increasing prevalence of obesity and type 2 diabetes.  Primary liver cancer is globally the sixth-most frequent cancer and the fourth-leading cause of death from cancer. In 2018, it occurred in 866,136 people and resulted in 758,725 deaths globally. Higher rates of liver cancer occur where hepatitis B and C are common, including Asia and sub-Saharan Africa. Males are more often affected with  hepatocellular carcinoma (HCC) than females. Diagnosis is most frequent among those 65 to 74 years old. The leading cause of liver cancer is cirrhosis due to hepatitis B, hepatitis C, or alcohol. Other causes include aflatoxin, Metabolic dysfunction–associated steatotic liver disease (MASLD; formerly NAFLD) and liver flukes. The most common types are HCC, which makes up 80% of cases and  intrahepatic cholangiocarcinoma. The diagnosis may be supported by blood tests and medical imaging, with confirmation by tissue biopsy.  Given that there are many different causes of liver cancer, there are many approaches to liver cancer prevention. These efforts include immunization against hepatitis B, hepatitis B treatment, hepatitis C treatment, decreasing alcohol use, decreasing exposure to aflatoxin in agriculture, and management of obesity and diabetes. Hepatocellular carcinoma (HCC) linked to MASLD can develop even in the absence of cirrhosis, and it occurs more often than virus-induced liver cancers, although cirrhosis still stands as a predominant risk factor overall. Screening is recommended in those with chronic liver disease. For example, it is recommended that people with chronic liver disease who are at risk for hepatocellular carcinoma be screened every 6 months using ultrasound imaging. As of 2026, clinical guidelines increasingly recommend risk-stratified surveillance for liver disease, incorporating factors such as etiology, stage of fibrosis, age, and comorbidities when determining surveillance strategies.   Because liver cancer is an umbrella term for many types of cancer, the signs and symptoms depend on what type of cancer is present. Symptoms can be vague and broad. Cholangiocarcinoma is associated with sweating, jaundice, abdominal pain, weight loss, and liver enlargement. Hepatocellular carcinoma is associated with abdominal mass, abdominal pain, vomiting, anemia, back pain, jaundice, itching, weight loss and fever. Treatment options may include surgery, targeted therapy and radiation therapy. In certain cases, ablation therapy, embolization therapy or liver transplantation may be used.	https://en.wikipedia.org/wiki/Liver_cancer
DOID:363	uterine cancer	Uterine cancer	Uterine cancer, also known as womb cancer, includes two types of cancer that develop from the tissues of the uterus. Endometrial cancer forms from the lining of the uterus, and uterine sarcoma forms from the muscles or support tissue of the uterus. Endometrial cancer accounts for approximately 90% of all uterine cancers in the United States. Symptoms of endometrial cancer include changes in vaginal bleeding or pain in the pelvis. Symptoms of uterine sarcoma include unusual vaginal bleeding or a mass in the vagina. Risk factors for endometrial cancer include obesity, metabolic syndrome, type 2 diabetes, taking pills that contain estrogen without progesterone, a history of tamoxifen use, late menopause, and a family history of the condition. Risk factors for uterine sarcoma include prior radiation therapy to the pelvis. Diagnosis of endometrial cancer is typically based on an endometrial biopsy. A diagnosis of uterine sarcoma may be suspected based on symptoms, a pelvic exam, and medical imaging. Endometrial cancer can often be cured while uterine sarcoma typically is harder to treat. Treatment may include a combination of surgery, radiation therapy, chemotherapy, hormone therapy, and targeted therapy. Just over 80% of women survive more than 5 years following diagnosis. In 2015 about 3.8 million women were affected globally and it resulted in 90,000 deaths. Endometrial cancer is relatively common while uterine sarcomas are rare. In the United States, uterine cancers represent 3.4% of new cancer cases. They most commonly occur in women between the ages of 45 and 74 with a median age of diagnosis of 63.	https://en.wikipedia.org/wiki/Uterine_cancer
DOID:3953	adrenal gland cancer		Description not found.	
DOID:4045	muscle cancer	Soft-tissue sarcoma	A soft-tissue sarcoma (STS) is a malignant tumor, a type of cancer, that develops in soft tissue. A soft-tissue sarcoma is often a painless mass that grows slowly over months or years. They may be superficial or deep-seated. Any such unexplained mass must be diagnosed by biopsy. Treatment may include surgery, radiotherapy, chemotherapy, and targeted drug therapy. Bone sarcomas are the other class of sarcomas. There are many different types, many of which are rarely found. The World Health Organization lists more than fifty subtypes.	https://en.wikipedia.org/wiki/Soft-tissue_sarcoma
DOID:4159	skin cancer	Skin cancer	Skin cancers are cancers that arise from the skin. They are due to the development of abnormal cells that have the ability to invade or spread to other parts of the body. It occurs when skin cells grow uncontrollably, forming malignant tumors. The primary cause of skin cancer is prolonged exposure to ultraviolet (UV) radiation from the sun or tanning devices. Skin cancer is the most commonly diagnosed form of cancer in humans. There are three main types of skin cancers: basal-cell skin cancer (BCC), squamous-cell skin cancer (SCC) and melanoma. The first two, along with a number of less common skin cancers, are known as nonmelanoma skin cancer (NMSC). Basal-cell cancer grows slowly and can damage the tissue around it but is unlikely to spread to distant areas or result in death. It often appears as a painless raised area of skin that may be shiny with small blood vessels running over it or may present as a raised area with an ulcer. Squamous-cell skin cancer is more likely to spread. It usually presents as a hard lump with a scaly top but may also form an ulcer. Melanomas are the most aggressive. Signs include a mole that has changed in size, shape, color, has irregular edges, has more than one color, is itchy or bleeds. More than 90% of cases are caused by exposure to ultraviolet radiation from the Sun. This exposure increases the risk of all three main types of skin cancer. Such exposure has increased since the beginning of the industrial revolution, partly due to ozone depletion. Tanning beds are another common source of ultraviolet radiation. For melanomas and basal-cell cancers, exposure during childhood is particularly harmful. For squamous-cell skin cancers, total exposure, irrespective of when it occurs, is more important. Between 20% and 30% of melanomas develop from moles. People with lighter skin are at higher risk as are those with poor immune function such as from medications or HIV/AIDS. Diagnosis is by biopsy. Decreasing exposure to ultraviolet radiation and the use of sunscreen appear to be effective methods of preventing melanoma and squamous-cell skin cancer. It is not clear if sunscreen affects the risk of basal-cell cancer. Nonmelanoma skin cancer is usually curable. Treatment is generally by surgical removal but may, less commonly, involve radiation therapy or topical medications such as fluorouracil. Treatment of melanoma may involve some combination of surgery, chemotherapy, radiation therapy and targeted therapy. In those people whose disease has spread to other areas of the body, palliative care may be used to improve quality of life. Melanoma has one of the higher survival rates among cancers, with over 86% of people in the UK and more than 90% in the United States surviving more than 5 years. Skin cancer is the most common form of cancer, globally accounting for at least 40% of cancer cases. The most common type is nonmelanoma skin cancer, which occurs in at least 2–3 million people per year. This is a rough estimate; good statistics are not kept. Of nonmelanoma skin cancers, about 80% are basal-cell cancers and 20% squamous-cell skin cancers. Basal-cell and squamous-cell skin cancers rarely result in death. In the United States, they were the cause of less than 0.1% of all cancer deaths. Globally in 2012, melanoma occurred in 232,000 people and resulted in 55,000 deaths. White people in Australia, New Zealand and South Africa have the highest rates of melanoma in the world. The three main types of skin cancer have become more common since late 20th century, especially in regions where the population is predominantly white.	https://en.wikipedia.org/wiki/Skin_cancer
DOID:418	systemic scleroderma	Systemic scleroderma	Systemic scleroderma, or systemic sclerosis, is an autoimmune rheumatic disease characterised by excessive production and accumulation of collagen, called fibrosis, in the skin and internal organs  and by injuries to small arteries. There are two major subgroups of  systemic sclerosis based on the extent of skin involvement: limited and diffuse. The limited form affects areas below, but not above, the elbows and knees with or without involvement of the face. The diffuse form also affects the skin above the elbows and knees and can also spread to the torso. Visceral organs, including the kidneys, heart, lungs, and gastrointestinal tract can also be affected by the fibrotic process. Prognosis is determined by the form of the disease and the extent of visceral involvement. Patients with limited systemic sclerosis have a better prognosis than those with the diffuse form. Death is most often caused by lung, heart, and kidney involvement. The risk of cancer is increased slightly. Survival rates have greatly increased with effective treatment for kidney failure. Therapies include immunosuppressive drugs, and in some cases, glucocorticoids.	https://en.wikipedia.org/wiki/Systemic_scleroderma
DOID:4362	cervical cancer	Cervical cancer	Cervical cancer is a type of cancer that develops in the cervix, the lower narrow part of the uterus (womb). It is due to the abnormal growth of cells that can invade or spread to other parts of the body. Early on, typically no symptoms are seen. Later symptoms may include abnormal vaginal bleeding, pelvic pain or pain during sexual intercourse. While bleeding after sex may not be serious, it may also indicate the presence of cervical cancer. Almost all cases (99%) are linked to genital human papillomavirus infection (HPV); most who have had HPV infections, however, do not develop cervical cancer. The risk is higher in people who smoke, have a weakened immune system, use birth control, start sex at a young age and have many sexual partners. Cervical cancer typically develops from precancerous changes over 10 to 20 years. About 75% of cervical cancers are squamous cell carcinomas, 20–25% are adenocarcinoma. Diagnosis is typically by cervical screening followed by a biopsy. Medical imaging is then done to determine whether or not the cancer has spread beyond the cervix. HPV vaccination is the most cost-effective public health measure against cervical cancer. HPV vaccines protect against two to seven high-risk strains of this family of viruses and may prevent up to 90% of cervical cancers. By the end of 2024, 147 countries provided the HPV vaccine in their national immunization schedule for girls. As of 2022, 47 countries also did it for boys. As they do not prevent all cervical cancer, guidelines recommend regular screening. Cervical screening allows for the detection of pre-cancer, which can be treated to prevent the development of cancer. Treatment may consist of some combination of surgery, chemotherapy, radiation therapy, and immunotherapy. Five-year survival rates in the United States are 69%, but outcomes depend on how early the cancer is detected. Worldwide, cervical cancer is both the fourth-most common type of cancer and the fourth-most common cause of death from cancer in women, with over 660,000 new cases and around 350,000 deaths in 2022. This is about 8% of the total cases and total deaths from cancer. Almost 90% of cases and deaths occur in low- and middle-income; it makes up 17% of overall cancer cases in women in these countries, compared to 2% in high-income countries. In developed countries, the widespread use of cervical screening programs has dramatically reduced rates of cervical cancer. In medical research, the most famous immortalized cell line, known as HeLa, was developed from cervical cancer cells of a woman named Henrietta Lacks. 17 November is the Cervical Cancer Elimination Day of Action. The date marks the day in 2020 when WHO launched the Global strategy to accelerate the elimination of cervical cancer as a public health problem, with a resolution passed by 194 countries.	https://en.wikipedia.org/wiki/Cervical_cancer
DOID:4481	allergic rhinitis	Allergic rhinitis	Allergic rhinitis, of which the seasonal type is called hay fever, is a type of inflammation in the nose that occurs when the immune system overreacts to allergens in the air. It is classified as a type I hypersensitivity reaction. Signs and symptoms include a runny or stuffy nose, sneezing, red, itchy, and watery eyes, and swelling around the eyes. The fluid from the nose is usually clear. Symptom onset is often within minutes following allergen exposure, and can affect sleep and the ability to work or study. Some people may develop symptoms only during specific times of the year, often as a result of pollen exposure. Many people with allergic rhinitis also have asthma, allergic conjunctivitis, or atopic dermatitis. Allergic rhinitis is typically triggered by environmental allergens such as pollen, pet hair, dust mites, or mold. Inherited genetics and environmental exposures contribute to the development of allergies. Growing up on a farm and having multiple older siblings are associated with a reduction of this risk. The underlying mechanism involves IgE antibodies that attach to an allergen, and subsequently result in the release of inflammatory chemicals such as histamine from mast cells. It causes mucous membranes in the nose, eyes and throat to become inflamed and itchy as they work to eject the allergen. Diagnosis is typically based on a combination of symptoms and a skin prick test or blood tests for allergen-specific IgE antibodies. These tests, however, can give false positives. The symptoms of allergies resemble those of the common cold; however, they often last for more than two weeks and, despite the common name, typically do not include a fever. Exposure to animals early in life might reduce the risk of developing these specific allergies. Several different types of medications reduce allergic symptoms, including nasal steroids, intranasal antihistamines such as olopatadine or azelastine, 2nd generation oral antihistamines such as loratadine, desloratadine, cetirizine, or fexofenadine; the mast cell stabilizer cromolyn sodium, and leukotriene receptor antagonists such as montelukast. Oftentimes, medications do not completely control symptoms, and they may also have side effects. Exposing people to larger and larger amounts of allergen, known as allergen immunotherapy, is often effective and is used when first line treatments fail to control symptoms. The allergen can be given as an injection under the skin or as a tablet under the tongue. Treatment typically lasts three to five years, after which benefits may be prolonged. Allergic rhinitis is the type of allergy that affects the greatest number of people. In Western countries, between 10 and 30% of people are affected in a given year. It is most common between the ages of twenty and forty. The first accurate description is from the 10th-century physician Abu Bakr al-Razi. In 1859, Charles Blackley identified pollen as the cause. In 1906, the mechanism was determined by Clemens von Pirquet. The link with hay came about due to an early (and incorrect) theory that the symptoms were brought about by the smell of new hay.	https://en.wikipedia.org/wiki/Allergic_rhinitis
DOID:4606	bile duct cancer	Cholangiocarcinoma	Cholangiocarcinoma, also known as bile duct cancer, is a type of cancer that forms in the bile ducts. Symptoms of cholangiocarcinoma may include abdominal pain, yellowish skin, weight loss, generalized itching, and fever. Light colored stool or dark urine may also occur. Other biliary tract cancers include gallbladder cancer and cancer of the ampulla of Vater. Risk factors for cholangiocarcinoma include primary sclerosing cholangitis (an inflammatory disease of the bile ducts), ulcerative colitis, cirrhosis, hepatitis C, hepatitis B, infection with certain liver flukes, and some congenital liver malformations. Most people have no identifiable risk factors. The diagnosis is suspected based on a combination of blood tests, medical imaging, endoscopy, and sometimes surgical exploration. The disease is confirmed by examination of cells from the tumor under a microscope. It is typically an adenocarcinoma (a cancer that forms glands or secretes mucin). Cholangiocarcinoma is typically incurable at diagnosis, which is why early detection is ideal. In these cases palliative treatments may include surgical resection, chemotherapy, radiation therapy, and stenting procedures. In about a third of cases involving the common bile duct and, less commonly, with other locations, the tumor can be completely removed by surgery, offering a chance of a cure. Even when surgical removal is successful, chemotherapy and radiation therapy are generally recommended. In some instances, surgery may include a liver transplantation. Even when surgery is successful, the five-year survival probability is typically less than 50%. Cholangiocarcinoma is rare in the Western world, with estimates of it occurring in 0.5–2 people per 100,000 per year. Rates are higher in Southeast Asia where liver flukes are common. Rates in parts of Thailand are 60 per 100,000 per year. It typically occurs in people in their 70s, and in the 40s for those with primary sclerosing cholangitis. Rates of cholangiocarcinoma within the liver in the Western world have increased.	https://en.wikipedia.org/wiki/Cholangiocarcinoma
DOID:4989	pancreatitis	Pancreatitis	Pancreatitis is a condition characterized by inflammation of the pancreas. The pancreas is a large organ behind the stomach that produces digestive enzymes and a number of hormones. There are two main types, acute pancreatitis and chronic pancreatitis. Signs and symptoms of pancreatitis include pain in the upper abdomen, nausea, and vomiting. The pain often goes into the back and is usually severe. In acute pancreatitis, a fever may occur; symptoms typically resolve in a few days. In chronic pancreatitis, weight loss, fatty stool, and diarrhea may occur. Complications may include infection, bleeding, diabetes mellitus, or problems with other organs. The two most common causes of acute pancreatitis are a gallstone blocking the common bile duct after the pancreatic duct has joined; and heavy alcohol use. Other causes include direct trauma, certain medications, infections such as mumps, and tumors. Chronic pancreatitis may develop as a result of acute pancreatitis. It is most commonly due to many years of heavy alcohol use. Other causes include high levels of blood fats, high blood calcium, some medications, and certain genetic disorders, such as cystic fibrosis, among others. Smoking increases the risk of both acute and chronic pancreatitis. Diagnosis of acute pancreatitis is based on a threefold increase in the blood of either amylase or lipase. In chronic pancreatitis, these tests may be normal. Medical imaging such as ultrasound and CT scan may also be useful. Acute pancreatitis is usually treated with intravenous fluids, pain medication, and sometimes antibiotics. For patients with severe pancreatitis who cannot tolerate normal oral food consumption, a nasogastric tube is placed in the stomach. A procedure known as an endoscopic retrograde cholangiopancreatography (ERCP) may be done to examine the distal common bile duct and remove a gallstone if present. In those with gallstones the gallbladder is often also removed. In chronic pancreatitis, in addition to the above, temporary feeding through a nasogastric tube may be used to provide adequate nutrition. Long-term dietary changes and pancreatic enzyme replacement may be required. Occasionally, surgery is done to remove parts of the pancreas. Globally, in 2015, about 8.9 million cases of pancreatitis occurred. This resulted in 132,700 deaths, up from 83,000 deaths in 1990. Acute pancreatitis occurs in about 30 per 100,000 people a year. New cases of chronic pancreatitis develop in about 8 per 100,000 people a year and currently affect about 50 per 100,000 people in the United States. It is more common in men than women. Often chronic pancreatitis starts between the ages of 30 and 40 and is rare in children. Acute pancreatitis was first described on autopsy in 1882, while chronic pancreatitis was first described in 1946.	https://en.wikipedia.org/wiki/Pancreatitis
DOID:5041	esophageal cancer	Esophageal cancer	"Esophageal cancer (American English) or oesophageal cancer (British English) is cancer arising from the esophagus—the food pipe that runs between the throat and the stomach. Symptoms often include difficulty in swallowing and weight loss. Other symptoms may include pain when swallowing, a hoarse voice, enlarged lymph nodes (""glands"") around the collarbone, a dry cough, and possibly coughing up or vomiting blood. The two main sub-types of the disease are esophageal squamous-cell carcinoma (often abbreviated to ESCC), which is more common in the developing world, and esophageal adenocarcinoma (EAC), which is more common in the developed world. A number of less common types also occur. Squamous-cell carcinoma arises from the epithelial cells that line the esophagus. Adenocarcinoma arises from glandular cells present in the lower third of the esophagus, often where they have already transformed to intestinal cell type (a condition known as Barrett's esophagus). Causes of the squamous-cell type include tobacco, alcohol, very hot drinks, poor diet, and chewing betel nut. The most common causes of the adenocarcinoma type are smoking tobacco, obesity, and acid reflux. In addition, for patients with achalasia, candidiasis (overgrowth of the esophagus with the fungus candida) is the most important risk factor. The disease is diagnosed by biopsy done by an endoscope (a fiberoptic camera). Prevention includes stopping smoking and eating a healthy diet. Treatment is based on the cancer's stage and location, together with the person's general condition and individual preferences. Small localized squamous-cell cancers may be treated with surgery alone with the hope of a cure. In most other cases, chemotherapy with or without radiation therapy is used along with surgery. Larger tumors may have their growth slowed with chemotherapy and radiation therapy. In the presence of extensive disease or if the affected person is not fit enough to undergo surgery, palliative care is often recommended. As of 2018, esophageal cancer was the eighth-most common cancer globally with 572,000 new cases during the year. It caused about 509,000 deaths that year, up from 345,000 in 1990. Rates vary widely among countries, with about half of all cases occurring in China. It is around three times more common in men than in women. Outcomes are related to the extent of the disease and other medical conditions, but generally tend to be fairly poor, as diagnosis is often late. Five-year survival rates in the United States are around 22% (2016–2022)."	https://en.wikipedia.org/wiki/Esophageal_cancer
DOID:5099	middle ear cancer		Description not found.	
DOID:5408	Paget's disease of bone	Paget's disease of bone	Paget's disease of bone (commonly known as Paget's disease or, historically, osteitis deformans) is a condition involving cellular remodeling and deformity of one or more bones. The affected bones show signs of dysregulated bone remodeling at the microscopic level, specifically excessive bone breakdown and subsequent disorganized new bone formation. These structural changes cause the bone to weaken, which may result in deformity, pain, fracture or arthritis of associated joints. The exact cause is unknown, although leading theories indicate both genetic and acquired factors (see Causes). Paget's disease may affect any one or several bones of the body (most commonly pelvis, tibia, femur, lumbar vertebrae, and skull), but never the entire skeleton, and does not spread from bone to bone. Rarely, a bone affected by Paget's disease can transform into a malignant bone cancer. As the disease often affects people differently, treatments of Paget's disease can vary. Although there is no cure for Paget's disease, medications (bisphosphonates and calcitonin) can help control the disorder and lessen pain and other symptoms. Medications are often successful in controlling the disorder, especially when started before complications begin. Paget's disease affects from 1.5 to 8.0% of the population, and is most common in those of British descent followed by Northern European and Northern Americans. It is primarily diagnosed in older people and is rare in people less than 55 years of age. Men are more commonly affected than women (3:2). The disease is named after English surgeon Sir James Paget, who described it in 1877.	https://en.wikipedia.org/wiki/Paget%27s_disease_of_bone
DOID:5419	schizophrenia	Schizophrenia	Schizophrenia is a mental disorder characterized variously by hallucinations (typically, hearing voices), delusions, disorganized thinking or behavior, and flat or inappropriate affect. Symptoms develop gradually and typically begin during young adulthood. There is no objective diagnostic test; diagnosis is based on observed behavior, a psychiatric history that includes the person's reported experiences, and reports of others familiar with the person. For a formal diagnosis, the described symptoms need to have been present for at least six months (according to the DSM-5) or one month (according to the ICD-11). Many people with schizophrenia have other mental disorders, especially mood, anxiety, and substance use disorders, as well as obsessive–compulsive disorder (OCD). The lifetime prevalence of developing schizophrenia is about 0.3% to 0.7%. In 2017, there were an estimated 1.1 million new cases and in 2022 a total of 24 million cases globally. Males are more often affected and on average have an earlier onset than females. The causes of schizophrenia may include genetic and environmental factors. Genetic factors include a variety of common and rare genetic variants. Possible environmental factors include being raised in a city, childhood adversity, cannabis use during adolescence, infections, the age of a person's mother or father, and poor nutrition during pregnancy. About half of those diagnosed with schizophrenia will experience a marked improvement over the long term with no further relapses, and a small proportion of these will recover completely. The other half will have a lifelong impairment. In severe cases, people may be admitted to hospitals. Social problems such as long-term unemployment, poverty, homelessness, exploitation, and victimization are commonly correlated with schizophrenia. Compared to the general population, people with schizophrenia have a higher suicide rate (about 5% overall) and more physical health problems, leading to an average decrease in life expectancy by 20 to 28 years. In 2015, an estimated 17,000 deaths were linked to schizophrenia. The mainstay of treatment is antipsychotic medication, including olanzapine and risperidone, along with counseling, job training, and social rehabilitation. Up to a third of people do not respond to initial antipsychotics, in which case clozapine is offered.  Most antipsychotics improve schizophrenia symptoms, with clozapine the most effective overall; side effects vary considerably and guide treatment choices. In situations where doctors judge that there is a risk of harm to self or others, they may impose short involuntary hospitalization. Long-term hospitalization is used on a small number of people with severe schizophrenia. In some countries where supportive services are limited or unavailable, long-term hospital stays are more common.	https://en.wikipedia.org/wiki/Schizophrenia
DOID:5559	mediastinal cancer		Description not found.	
DOID:5612	spinal cancer	Spinal tumor	Spinal tumors are neoplasms located in either the vertebral column or the spinal cord. There are three main types of spinal tumors classified based on their location: extradural and intradural (intradural-intramedullary and intradural-extramedullary). Extradural tumors are located outside the dura mater lining and are most commonly metastatic. Intradural tumors are located inside the dura mater lining and are further subdivided into intramedullary and extramedullary tumors. Intradural-intramedullary tumors are located within the dura and spinal cord parenchyma, while intradural-extramedullary tumors are located within the dura but outside the spinal cord parenchyma. The most common presenting symptom of spinal tumors is nocturnal back pain. Other common symptoms include muscle weakness, sensory loss, and difficulty walking. Loss of bowel and bladder control may occur during the later stages of the disease. The cause of spinal tumors is unknown. Most extradural tumors are metastatic commonly from breast, prostate, lung, and kidney cancer. There are many genetic factors associated with intradural tumors, most commonly neurofibromatosis 1 (NF1), neurofibromatosis 2 (NF2), and Von Hippel–Lindau (VHL) syndrome. The most common type of intradural-extramedullary tumors are meningiomas and nerve-sheath tumors. The most common type of intradural-intramedullary tumors are ependymomas and astrocytomas. Diagnosis involves a complete medical evaluation followed by imaging with a CT or MRI. A biopsy may be obtained in certain cases to categorize the lesion if the diagnosis is uncertain. Treatment often involves some combination of surgery, radiation, and chemotherapy. Observation with follow-up imaging may be an option for small, benign lesions. Steroids may also be given before surgery in cases of significant cord compression. Outcomes depend on a number of factors including whether the tumor is benign or malignant, primary or metastatic, and location of the tumor. Treatment is often palliative for the vast majority of metastatic tumors.	https://en.wikipedia.org/wiki/Spinal_tumor
DOID:585	nephrolithiasis	Kidney stone disease	"Kidney stone disease or urinary stone disease is a crystallopathy that occurs when there is an excess of minerals in the urine and not enough liquid or hydration. This imbalance causes tiny crystals to aggregate and form hard masses, or calculi (stones), in the upper urinary tract. Because renal calculi typically form in the kidney, if small enough they may pass out of the urinary tract through the urine stream. A small calculus may pass without causing any symptoms. However, if a stone grows to more than 5 millimeters (0.2 inches), it can cause blockage of the ureter, resulting in extremely sharp and severe pain (renal colic) in the lower back that often radiates to the groin. A calculus may also result in blood in the urine, vomiting (owing to severe pain), swelling of the kidney, or painful urination. About half of all people who have had a kidney stone are likely to develop another within ten years. Renal is Latin for ""kidney"", while nephro is the Greek equivalent. Lithiasis (Greek) and calculus (Latin; plural calculi) both mean stone. Hence, kidney stones are sometimes known as renal calculi or nephroliths, and the condition may be known as nephrolithiasis. Most calculi form by a combination of genetics and environmental factors. Risk factors include high urine calcium levels, obesity, certain foods, some medications, calcium supplements, gout, hyperparathyroidism, and not drinking enough fluids. Calculi form in the kidney when minerals in urine are at high concentrations. The diagnosis is usually based on symptoms, urine testing, and medical imaging. Blood tests may also be useful. Calculi are typically classified by their location, being referred to medically as nephrolithiasis (in the kidney), ureterolithiasis (in the ureter), or cystolithiasis (in the bladder). Calculi are also classified by what they are made of, such as calcium oxalate, uric acid, struvite, or cystine. In those who have had renal calculi, drinking fluids, especially water, is a way to prevent them. Drinking fluids such that more than two liters of urine are produced per day is recommended. If fluid intake alone is not effective, medications such as thiazide diuretics, citrate, or allopurinol may be suggested. Soft drinks containing phosphoric acid (typically colas) should be avoided. When a calculus causes no symptoms, no treatment is needed. For those with symptoms, pain control is usually the first measure, using medications such as nonsteroidal anti-inflammatory drugs or opioids. Larger calculi may be helped to pass with the medication tamsulosin or may require procedures for removal such as extracorporeal shockwave therapy (ESWT), laser lithotripsy (LL), or percutaneous nephrolithotomy (PCNL). Renal calculi have affected humans throughout history, with descriptions of surgery to remove them dating from as early as 600 BC in ancient India by Sushruta. Between 1% and 15% of people globally are affected by renal calculi at some point in their lives. In 2015, about 22.1 million cases occurred, resulting in about 16,100 deaths. They have become more common in the Western world since the 1970s. Generally, more men are affected than women, mainly between the ages of 40 and 60. The prevalence and incidence of the disease continue to rise worldwide."	https://en.wikipedia.org/wiki/Kidney_stone_disease
DOID:5875	retroperitoneal cancer		Description not found.	
DOID:594	panic disorder	Panic disorder	Panic disorder is an anxiety disorder characterized by reoccurring unexpected panic attacks. Panic attacks are sudden periods of intense fear that may include palpitations, sweating, shaking, shortness of breath, numbness, or a sense of impending doom. The maximum degree of symptoms occurs within minutes. There may be ongoing worries about having further attacks and avoidance of places where attacks have occurred in the past. The exact cause of panic disorder is not fully understood; however, there are several factors linked to the disorder, such as a stressful or traumatic life event, having close family members with the disorder, and an imbalance of neurotransmitters. Diagnosis involves ruling out other potential causes of anxiety including other mental disorders, medical conditions such as heart disease or hyperthyroidism, and drug use. Screening for the condition may be done using a questionnaire. Panic disorder is usually treated with counselling and medications. The type of counselling used is typically cognitive behavioral therapy (CBT), which is effective in more than half of people. Medications used include antidepressants, benzodiazepines, and beta blockers. Following stopping treatment, up to 30% of people have a recurrence. Panic disorder affects about 2.5% of people at some point in their lives. It usually begins during adolescence or early adulthood, but may affect people of any age. It is less common in children and elderly people. Women are more likely than men to develop panic disorder.	https://en.wikipedia.org/wiki/Panic_disorder
DOID:635	acquired immunodeficiency syndrome	HIV/AIDS	"The human immunodeficiency virus (HIV) is a retrovirus that attacks the immune system. Without treatment, it can lead to a spectrum of conditions including acquired immunodeficiency syndrome (AIDS). It is a preventable disease. It can be managed with treatment and become a manageable chronic health condition. While there is no cure or vaccine for HIV, antiretroviral treatment can slow the course of the disease, and, if used before significant disease progression, can extend the life expectancy of someone living with HIV to a nearly standard level. An HIV-positive person on treatment can expect to live a normal life, and die with the virus, not of it. Effective treatment for HIV-positive people (people living with HIV) involves a life-long regimen of medicine to suppress the virus, making the viral load undetectable.  Early testing can show if treatment is needed to stop progression and to prevent infecting others. Treatment is recommended as soon as the diagnosis is made. An HIV-positive person who has an undetectable viral load as a result of long-term treatment has effectively no risk of transmitting HIV sexually. Campaigns by UNAIDS and other organizations around the world have communicated this as Undetectable = Untransmittable.  Without treatment the infection can interfere with the immune system, and eventually progress to AIDS, sometimes taking many years. Following initial infection an individual may not notice any symptoms, or may experience a brief period of influenza-like illness. During this period the person may not know that they are HIV-positive, yet they will be able to pass on the virus. Typically, this period is followed by a prolonged incubation period with no symptoms. Eventually the HIV infection increases the risk of developing other infections such as tuberculosis, as well as other opportunistic infections, and tumors which are rare in people who have normal immune function. The late stage is often also associated with unintended weight loss. Without treatment, the life expectancy of an individual with HIV is around 11 years.  HIV is spread primarily by unprotected sex (including anal, oral, and vaginal sex), contaminated hypodermic needles or blood transfusions, and from mother to child during pregnancy, delivery, or breastfeeding. Some bodily fluids, such as saliva, sweat, and tears, do not transmit the virus. Oral sex has little risk of transmitting the virus. Ways to avoid catching HIV and preventing the spread include safe sex, treatment to prevent infection (""PrEP""), treatment to stop infection in someone who has been recently exposed (""PEP""), treating those who are infected, and needle exchange programs. Disease in a baby can often be prevented by giving both the mother and child antiretroviral medication. Recognized worldwide in the early 1980s, HIV/AIDS has had a large impact on society, both as an illness and as a source of discrimination. The disease also has large economic impacts. There are many misconceptions about HIV/AIDS, such as the belief that it can be transmitted by casual non-sexual contact. The disease has become subject to many controversies involving religion, including the Catholic Church's position not to support condom use as prevention. It has attracted international medical and political attention as well as large-scale funding since it was identified in the 1980s. HIV made the jump from other primates to humans in west-central Africa in the early-to-mid-20th century. AIDS was first recognized by the U.S. Centers for Disease Control and Prevention (CDC) in 1981 and its cause—HIV infection—was identified in the early part of the decade. Between the first time AIDS was readily identified through 2024, the disease is estimated to have caused at least 42.3 million deaths worldwide. In 2025, 1.2 million people acquired HIV and an estimated 40.9 million people worldwide were living with HIV. HIV/AIDS is considered a pandemic—a disease outbreak which is present over a large area and is actively spreading. The United States' National Institutes of Health (NIH) and the Gates Foundation have pledged $200 million focused on developing a global cure for AIDS."	https://en.wikipedia.org/wiki/HIV/AIDS
DOID:6364	migraine	Migraine	Migraine is a neurological disorder that causes moderate-to-severe headaches. The pain often affects one side of the head, but can affect both. It is generally associated with nausea, light sensitivity and sound sensitivity. Other symptoms may include dizziness, vomiting, and difficulty thinking. In some cases, a migraine attack begins with a period of sensory disturbance known as an aura. Some people experience occasional migraine attacks, while others develop chronic migraine with frequent headaches. Migraine frequency can increase over time. In some cases, frequent use of pain medications can make migraines worse and lead to medication overuse headache. Attacks are more likely to happen when changes occur in a person's daily routine. These triggers can include lack of sleep, disrupted sleep, skipped meals, and hormonal fluctuations. Migraine is believed to result from a combination of genetic, environmental, and neurological factors that affect the activity of nerve cells and chemical signals in the brain. Migraine attacks are theorized to occur when the brain exceeds an individual's sensitivity threshold.  Migraine attacks have multiple phases. The initial phase of a migraine attack can start 48 hours before the main headache phase and may cause early warning symptoms. The subsequent pain phase of a migraine attack may be linked to increased activity in the pain pathway of the brain, with heightened blood flow and transmission of pain signals. Managing migraine includes lifestyle changes to identify and manage possible triggers, and include stress management, improving sleep habits, eating regularly, and exercise. Treatment for acute mild to moderate attacks begins with over-the-counter pain relievers such as ibuprofen and paracetamol. Triptans are recommended as a first-line therapy for moderate to severe attacks. Gepants are also effective, and are used when triptans are ineffective or not suitable. Anti-nausea medications are used for migraine-related nausea. Several medications can help prevent migraines. These preventive medications include gepants, but also beta blockers, anticonvulsants and certain antidepressants. Opioids should not often be prescribed for migraine.  Approximately 14% (1.16 billion) of people worldwide are affected by migraine, making it the third-most disabling condition affecting the nervous system and one of the most common causes of disability. Women experience more and longer migraines than men do, and higher disability related to migraines, beginning in puberty. Migraines often start occurring after the first menstrual period, increasing in frequency over time, peaking during perimenopause, and tending to decrease following menopause. From age 30 to 50, up to four times as many women experience migraine attacks as men.	https://en.wikipedia.org/wiki/Migraine
DOID:7147	ankylosing spondylitis	Ankylosing spondylitis	Ankylosing spondylitis (AS) is a type of arthritis from the disease spectrum of axial spondyloarthritis. The term comes from the Greek ankylos meaning crooked, curved or rounded, spondylos meaning vertebra, and -itis meaning inflammation. It is characterized by long-term inflammation of the joints of the spine, typically where the spine joins the pelvis. Lower back pain is a hallmark, but eye and gastrointestinal problems and arthritis of other joints may also occur. Joint mobility in the affected areas often worsens over time, though the progression of symptoms varies significantly. Ankylosing spondylitis is believed to involve a combination of genetic and environmental factors. More than 90% of people affected in the UK have a specific human leukocyte antigen known as the HLA-B27 antigen, though the genetic correlation varies across populations (e.g., only 70% of AS patients in Turkey are HLA-B27 positive). The underlying mechanism is believed to be autoimmune or autoinflammatory. Diagnosis is based on symptoms with support from medical imaging and blood tests. AS is a type of seronegative spondyloarthropathy, meaning that tests show no presence of rheumatoid factor (RF) antibodies. As of 2019, there is no cure for AS. Treatments may include medication, physical therapy, and surgery. Medication therapy focuses on relieving the pain and other symptoms of AS, as well as stopping the disease progression by counteracting long-term inflammatory processes. Commonly used medications include NSAIDs, TNF inhibitors, IL-17 antagonists, and DMARDs. Glucocorticoid injections are often used for acute and localized flare-ups. About 0.1% to 0.8% of the population is affected, with onset typically occurring in young adults. While men and women are equally affected with AS, women are more likely to experience inflammation rather than fusion.	https://en.wikipedia.org/wiki/Ankylosing_spondylitis
DOID:7148	rheumatoid arthritis	Rheumatoid arthritis	Rheumatoid arthritis (RA) is a long-term autoimmune disorder that primarily affects joints. It typically results in warm, swollen, and painful joints. Pain and stiffness often worsen following rest. Most commonly, the wrist and hands are involved, with the same joints typically involved on both sides of the body. The disease may also affect other parts of the body, including skin, eyes, lungs, heart, nerves, and blood. This may result in a low red blood cell count, inflammation around the lungs, fever, low energy and inflammation around the heart. Often, symptoms come on gradually over weeks to months. The cause of rheumatoid arthritis is believed to involve a combination of genetic and environmental factors. The underlying mechanism involves the body's immune system attacking the joints. This results in inflammation and thickening of the joint capsule. It also affects the underlying bone and cartilage. The diagnosis is based on a person's signs and symptoms. X-rays and laboratory testing may support a diagnosis or exclude other diseases with similar symptoms. Other diseases that may present similarly include systemic lupus erythematosus, psoriatic arthritis, and fibromyalgia. The goals of treatment are to reduce pain, decrease inflammation, and improve a person's overall functioning. This may be helped by balancing rest and exercise, the use of splints and braces, or the use of assistive devices. Pain medications, steroids, and NSAIDs are frequently used to help with symptoms. Disease-modifying antirheumatic drugs (DMARDs), such as hydroxychloroquine and methotrexate, may be used to try to slow the progression of disease. Biological DMARDs may be used when the disease does not respond to other treatments. However, they may have a greater rate of adverse effects. Surgery to repair, replace, or fuse joints may help in certain situations. Rheumatoid arthritis affects about 17.6 million people globally, as of 2020. This is 0.5–1% of adults in the developed world with between 5 and 50 per 100,000 people newly developing the condition each year. Onset is most frequent during middle age and women are affected 2.5 times more than men. It resulted in 38,300 deaths in 2020, up from 28,000 deaths in 1990. The first recognized description of RA was made in 1800 by Dr. Augustin Jacob Landré-Beauvais (1772–1840) of Paris. The term rheumatoid arthritis is based on the Greek words for watery and inflamed joints (from Ancient Greek  ῥεῦμα (rheûma) 'flowing current', with arthritis derived from arthr- (meaning 'joint') and -itis (meaning 'inflammation')).	https://en.wikipedia.org/wiki/Rheumatoid_arthritis
DOID:7693	abdominal aortic aneurysm	Abdominal aortic aneurysm	Abdominal aortic aneurysm (AAA) is a localized enlargement of the abdominal aorta such that the diameter is greater than 3 cm (1.2 in) or more than 50% larger than normal. An AAA usually causes no symptoms, except during rupture. Occasionally, abdominal, back, or leg pain may occur. Large aneurysms can sometimes be felt by pushing on the abdomen. Rupture may result in pain in the abdomen or back, low blood pressure, or loss of consciousness, and often results in death. AAAs occur most commonly in men, those over 50, and those with a family history of the disease. Additional risk factors include smoking, high blood pressure, and other heart or blood vessel diseases. Genetic conditions with an increased risk include Marfan syndrome and Ehlers–Danlos syndrome. AAAs are the most common form of aortic aneurysm. About 85% occur below the kidneys, with the rest either at the level of or above the kidneys. In the United States, screening with abdominal ultrasound is recommended for males between 65 and 75 years of age with a history of smoking. In the United Kingdom and Sweden, screening all men over 65 is recommended. Once an aneurysm is found, further ultrasounds are typically done regularly because aneurysms grow, and monitoring to identify when an aneurysm meets a threshold for repair  Abstinence from cigarette smoking is the single best way to prevent the disease. Other methods of prevention include treating high blood pressure, treating high blood cholesterol, and avoiding being overweight. Surgery is usually recommended when the diameter of an AAA grows to >5.5 cm in males and >5.0 cm in females. Other reasons for repair include symptoms and a rapid increase in size, defined as more than one centimeter per year. Repair may be either by open surgery or endovascular aneurysm repair (EVAR). As compared to open surgery, EVAR has a lower risk of death in the short term and a shorter hospital stay, but may not always be an option. There does not appear to be a difference in longer-term outcomes between the two. Repeat procedures are more common with EVAR. AAAs affect 2–8% of males over the age of 65. They are five times more common in men. In those with an aneurysm less than 5.5 cm, the risk of rupture in the next year is below 1%. Among those with an aneurysm between 5.5 and 7 cm, the risk is about 10%, while for those with an aneurysm greater than 7 cm the risk is about 33%. Mortality if ruptured is 85% to 90%. Globally, aortic aneurysms resulted in 168,200 deaths in 2013, up from 100,000 in 1990. In the United States AAAs resulted in between 10,000 and 18,000 deaths in 2009.	https://en.wikipedia.org/wiki/Abdominal_aortic_aneurysm
DOID:784	chronic kidney failure	Chronic kidney disease	"Chronic kidney disease (CKD) is a type of long-term kidney disease, defined by the sustained presence of abnormal kidney function and/or abnormal kidney structure. To meet the criteria for CKD, the abnormalities must be present for at least three months. Early in the course of CKD, patients are usually asymptomatic, but can be diagnosed via proteinuria. At later stages, the symptoms may include leg swelling, feeling tired, vomiting, loss of appetite, and confusion. Complications can relate to hormonal dysfunction of the kidneys and include high blood pressure (often related to activation of the renin–angiotensin system), insulin resistance, bone disease, and anemia. Additionally CKD patients have markedly increased cardiovascular complications with increased risks of death and hospitalization. CKD can lead to end-stage kidney failure requiring kidney dialysis or kidney transplantation. Causes of chronic kidney disease include diabetes, high blood pressure, glomerulonephritis, and polycystic kidney disease. Risk factors include a family history of chronic kidney disease. Diagnosis is by blood tests to measure the estimated glomerular filtration rate (eGFR), and a urine test to measure albumin. Ultrasound or kidney biopsy may be performed to determine the underlying cause. Several severity-based staging systems are in use. Testing people with risk factors (case-finding) is recommended. Initial treatments may include medications to lower blood pressure, blood sugar, and cholesterol. Angiotensin converting enzyme inhibitors (ACEIs) or angiotensin II receptor antagonists (ARBs) are generally first-line agents for blood pressure control, as they slow progression of the kidney disease and the risk of heart disease. Loop diuretics may be used to control edema and, if needed, to further lower blood pressure. NSAIDs should be avoided. Other recommended measures include staying active, and ""to adopt healthy and diverse diets with a higher consumption of plant-based foods compared to animal-based foods and a lower consumption of ultraprocessed foods."" Plant-based diets are feasible and are associated with improved intermediate outcomes and biomarkers. An example of a general, healthy diet, suitable for people with CKD who do not require restrictions, is the Canada Food Guide Diet. People with CKD who require dietary restrictions or who have other specific nutritional problems should be referred to a dietitian. Treatments for anemia and bone disease may also be required. Severe disease requires hemodialysis, peritoneal dialysis, or a kidney transplant for survival. 8-16% of the world's population has chronic kidney disease. Other estimates have chronic kidney disease affecting 753 million people globally in 2016 (417 million females and 336 million males). In 2015, it caused 1.2 million deaths, up from 409,000 in 1990. The causes that contribute to the greatest number of deaths are high blood pressure at 550,000, followed by diabetes at 418,000, and glomerulonephritis at 238,000."	https://en.wikipedia.org/wiki/Chronic_kidney_disease
DOID:824	periodontitis	Periodontal disease	Periodontal disease, also known as gum disease, is a set of inflammatory conditions affecting the tissues surrounding the teeth. In its early stage, called gingivitis, the gums become swollen and red and may bleed. It is considered the main cause of tooth loss for adults worldwide. In its more serious form, called periodontitis, the gums can pull away from the tooth, bone can be lost, and the teeth may loosen or fall out. Halitosis (bad breath) may also occur. Periodontal disease typically arises from the development of plaque biofilm, which harbors harmful bacteria such as Porphyromonas gingivalis and Treponema denticola. These bacteria infect the gum tissue surrounding the teeth, leading to inflammation and, if left untreated, progressive damage to the teeth and gum tissue. Recent meta-analysis have shown that the composition of the oral microbiota and its response to periodontal disease differ between men and women. These differences are particularly notable in the advanced stages of periodontitis, suggesting that sex-specific factors may influence susceptibility and progression. Factors that increase the risk of disease include smoking, diabetes, HIV/AIDS, and almost any autoimmune disease, family history, high levels of homocysteine in the blood and certain medications. Diagnosis is by inspecting the gum tissue around the teeth both visually and with a probe and X-rays looking for bone loss around the teeth. Treatment involves good oral hygiene and regular professional teeth cleaning. Recommended oral hygiene include daily brushing and flossing. In certain cases antibiotics or dental surgery may be recommended. Clinical investigations demonstrate that quitting smoking and making dietary changes enhance periodontal health. Globally, 538 million people were estimated to be affected in 2015 and has been known to affect 10–15% of the population generally. In the United States, nearly half of those over the age of 30 are affected to some degree and about 70% of those over 65 have the condition. Males are affected more often than females.	https://en.wikipedia.org/wiki/Periodontal_disease
DOID:8398	osteoarthritis	Osteoarthritis	Osteoarthritis is a type of degenerative joint disease that results from breakdown of joint cartilage and underlying bone. A form of arthritis, it is believed to be the fourth leading cause of disability in the world, with an estimated 240 million people worldwide having activity-limiting osteoarthritis. The most common symptoms are joint pain and stiffness. Usually the symptoms progress slowly over years. Other symptoms may include joint swelling, decreased range of motion, and, when the back is affected, weakness or numbness of the arms and legs. The most commonly involved joints are the two near the ends of the fingers and the joint at the base of the thumbs, the knee and hip joints, and the joints of the neck and lower back. The symptoms can interfere with work and normal daily activities. Unlike some other types of arthritis, only the joints, not internal organs, are affected. Possible causes include previous joint injury, abnormal joint or limb development, and inherited factors. Risk is greater in those who are overweight, have legs of different lengths, or have jobs that result in high levels of joint stress. Osteoarthritis is believed to be caused by mechanical stress on the joint and low grade inflammatory processes. It develops as cartilage is lost and the underlying bone becomes affected. As pain may make it difficult to exercise, muscle loss may occur. Diagnosis is typically based on signs and symptoms, with medical imaging and other tests used to support or rule out other problems. In contrast to rheumatoid arthritis, in osteoarthritis the joints do not become hot or red. Treatment includes exercise, decreasing joint stress such as by rest or use of a cane, support groups, and pain medications. Weight loss may help in those who are overweight. Pain medications may include paracetamol (acetaminophen) as well as NSAIDs such as naproxen or ibuprofen. Long-term opioid use is not recommended due to lack of information on benefits as well as risks of addiction and other side effects. Joint replacement surgery may be an option if there is ongoing disability despite other treatments. More than 90% of hip and knee joint replacements are due to osteoarthritis. An artificial hip or knee joint typically lasts more than 20 years. Osteoarthritis is the most common form of arthritis, affecting about 237 million people or 3.3% of the world's population as of 2015. It becomes more common as people age. Among those over 60 years old, about 10% of males and 18% of females are affected. Osteoarthritis is the cause of about 2% of years lived with disability. Those with osteoarthritis of the hips or knees (the most commonly affected large joints) have a 20% increased risk of mortality, possibly due to reduced activity levels.	https://en.wikipedia.org/wiki/Osteoarthritis
DOID:8577	ulcerative colitis	Ulcerative colitis	Ulcerative colitis (UC) is one of the two types of inflammatory bowel disease (IBD), with the other type being Crohn's disease. It is a long-term condition that results in inflammation and ulcers of the colon and rectum. The primary symptoms of active disease are abdominal pain and diarrhea mixed with blood (hematochezia). Weight loss, fever, and anemia may also occur. Often, symptoms come on slowly and can range from mild to severe. Symptoms typically occur intermittently with periods of reduced or absent clinical symptoms between flares, though persistent functional symptoms can remain during remission. Complications may include abnormal dilation of the colon (megacolon), inflammation of the eye, joints, or liver, and colon cancer. The cause of UC is unknown. Theories involve immune system dysfunction, genetics, changes in the normal gut bacteria, and environmental factors. Rates tend to be higher in the developed world with some proposing this to be the result of less exposure to intestinal infections, or to a Western diet and lifestyle. The removal of the appendix at an early age may be protective. Diagnosis is typically by colonoscopy, a type of endoscopy, with tissue biopsies. Several medications are used to treat symptoms and bring about and maintain remission, including aminosalicylates such as mesalazine or sulfasalazine, steroids, immunosuppressants such as azathioprine, and biologic therapy. Removal of the colon by surgery may be necessary if the disease is severe, does not respond to treatment, or if complications such as colon cancer develop. Removal of the colon and rectum generally cures the condition.	https://en.wikipedia.org/wiki/Ulcerative_colitis
DOID:8778	Crohn's disease	Crohn's disease	Crohn's disease (CD) is a type of inflammatory bowel disease (IBD) that may affect any segment of the gastrointestinal tract. Symptoms often include abdominal pain, diarrhea, fever, abdominal distension, and weight loss. Complications outside of the gastrointestinal tract may include anemia, skin rashes, arthritis, inflammation of the eye, and fatigue. The skin rashes may be due to infections, as well as pyoderma gangrenosum or erythema nodosum. Bowel obstruction may occur as a complication of chronic inflammation, and those with the disease are at much greater risk of colorectal cancer and small bowel cancer. Although the precise causes of Crohn's disease are unknown, it is believed to be caused by a combination of environmental, immune, and bacterial factors in genetically susceptible individuals. It results in a chronic inflammatory disorder, in which the body's immune system defends the gastrointestinal tract, possibly targeting microbial antigens. Although Crohn's is an immune-related disease, it does not seem to be an autoimmune disease (the immune system is not triggered by the body itself). The exact underlying immune problem is not clear, though it may be immunodeficiency. About half of the overall risk is related to genetics, with more than 70 genes involved. Tobacco smokers are three times as likely to develop Crohn's disease as non-smokers. Crohn's disease is often triggered after a gastroenteritis episode. Other conditions with similar symptoms include irritable bowel syndrome and Behçet's disease. There is no known cure for Crohn's disease. Treatment options are intended to help with symptoms, maintain remission, and prevent relapse. In those newly diagnosed, a corticosteroid may be used for a brief period of time to improve symptoms rapidly, alongside another medication such as either methotrexate or a thiopurine to prevent recurrence. Cessation of smoking is recommended for people with Crohn's disease. One in five people with the disease is admitted to the hospital each year, and half of those with the disease will require surgery at some time during the next ten years. Surgery is kept to a minimum whenever possible, but it is sometimes essential for treating abscesses, certain bowel obstructions, and cancers. Checking for bowel cancer via colonoscopy is recommended every 1–3 years, starting eight years after the disease has begun. Crohn's disease affects about 3.2 per 1,000 people in Europe and North America; it is less common in Asia and Africa. It has historically been more common in the developed world. Rates have, however, been increasing, particularly in the developing world, since the 1970s. Inflammatory bowel disease resulted in 47,400 deaths in 2015, and those with Crohn's disease have a slightly reduced life expectancy. Onset of Crohn's disease tends to start in adolescence and young adulthood, though it can occur at any age. Males and females are affected roughly equally.	https://en.wikipedia.org/wiki/Crohn%27s_disease
DOID:8850	salivary gland cancer	Salivary gland tumour	Salivary gland tumours, or neoplasms, are tumours that form in the tissues of salivary glands. The salivary glands are classified as major or minor. The major salivary glands consist of the parotid, submandibular, and sublingual glands. The minor salivary glands consist of 800 to 1000 small mucus-secreting glands located throughout the lining of the oral cavity. People with these types of tumours may be asymptomatic.	https://en.wikipedia.org/wiki/Salivary_gland_tumour
DOID:8893	psoriasis	Psoriasis	"Psoriasis is a long-lasting, noncontagious autoimmune disease characterized by patches of abnormal skin. These areas are red, pink, or purple, dry, itchy, and scaly. Psoriasis varies in severity from small localized patches to complete body coverage. Injury to the skin can trigger psoriatic skin changes at that spot, which is known as the Koebner phenomenon. The five main types of psoriasis are plaque, guttate, inverse, pustular, and erythrodermic. Plaque psoriasis, also known as psoriasis vulgaris, makes up about 90% of cases. It typically presents as red patches with white scales on top. Areas of the body most commonly affected are the back of the forearms, shins, navel area and scalp. Guttate psoriasis has drop-shaped lesions. Pustular psoriasis presents as small, noninfectious, pus-filled blisters. Inverse psoriasis forms red patches in skin folds. Erythrodermic psoriasis occurs when the rash becomes very widespread and can develop from any of the other types. Fingernails and toenails are affected in most people with psoriasis at some point in time. This may include pits in the nails or changes in nail color. Psoriasis is generally thought to be a genetic disease that is triggered by environmental factors. If one twin has psoriasis, the other twin is three times more likely to be affected if the twins are identical than if they are nonidentical. This suggests that genetic factors predispose to psoriasis. Symptoms often worsen during winter and with certain medications, such as beta blockers or NSAIDs. Infections and psychological stress can also play a role. The underlying mechanism involves the immune system reacting to skin cells. Diagnosis is typically based on the signs and symptoms. There is no known cure for psoriasis, but various treatments can help control the symptoms. These treatments include steroid creams, vitamin D3 cream, ultraviolet light, immunosuppressive drugs, such as methotrexate, and biologic therapies targeting specific immunologic pathways. About 75% of skin involvement improves with creams alone. The disease affects 2–4% of the population. Men and women are affected with equal frequency. The disease may begin at any age, but typically starts in adulthood. Psoriasis is associated with an increased risk of psoriatic arthritis, lymphomas, cardiovascular disease, Crohn's disease, and depression. Psoriatic arthritis affects up to 30% of individuals with psoriasis. The word ""psoriasis"" is from Greek ψωρίασις meaning 'itching condition' or 'being itchy', from psora 'itch', and -iasis 'action, condition'."	https://en.wikipedia.org/wiki/Psoriasis
DOID:8986	narcolepsy	Narcolepsy	Narcolepsy is a chronic neurological disorder that impairs the ability to regulate sleep–wake cycles, and specifically impacts REM (rapid eye movement) sleep. The symptoms of narcolepsy include excessive daytime sleepiness (EDS), sleep-related hallucinations, sleep paralysis, disturbed nocturnal sleep (DNS), and cataplexy. People with narcolepsy typically have poor quality of sleep. There are two recognized forms of narcolepsy: type 1 and type 2. Narcolepsy type 1 features EDS with either cataplexy or cerebrospinal fluid (CSF) orexin levels of less than 110 pg/ml, but most cases present with both. Cataplexy appears as transient episodes of aberrant muscle tone (typically loss of muscle tone) triggered by strong emotion. In pediatric-onset narcolepsy, cataplexy can present with transient hyperkinetic features. Cataplexy may be mistaken for syncope, tics, or seizures. Narcolepsy type 2 (NT2) does not feature cataplexy, and CSF orexin levels are normal. Sleep-related hallucinations, both hypnagogic (going to sleep) and hypnopompic (on awakening), can be auditory, visual, or tactile and may occur independently of or in combination with an inability to move (sleep paralysis). Narcolepsy is a clinical syndrome of hypothalamic disorder, but the exact cause of narcolepsy is unknown, with potentially several causes. A leading consideration for the cause of narcolepsy type 1 is that it is an autoimmune disorder. Proposed pathophysiology as an autoimmune disease suggest antigen presentation by DQ0602 to specific CD4+ T cells resulting in CD8+ T-cell activation and consequent injury to orexin producing neurons. Relative risk for narcolepsy in a first-degree relative is considered to be at least 10 times higher than the general population,  Having multiple relatives with a primary sleep disorder significantly increases the relative risk but absolute risk still remains low due to the rarity of the condition. The autoimmune process is thought to be triggered in genetically susceptible individuals by an immune-provoking experience, such as an infection with H1N1 influenza. Secondary narcolepsy can occur as a consequence of another neurological disorder. Secondary narcolepsy can be seen in some individuals with traumatic brain injury, tumors, Prader–Willi syndrome or other diseases affecting the parts of the brain that regulate wakefulness or REM sleep. Diagnosis is typically based on the symptoms and sleep studies, after excluding alternative causes of EDS. EDS can also be caused by other sleep disorders such as insufficient sleep syndrome, sleep apnea, major depressive disorder, anemia, heart failure, and drinking alcohol. While there is no cure, behavioral strategies, lifestyle changes, social support, and medications may help. Lifestyle and behavioral strategies can include identifying and avoiding or desensitizing emotional triggers for cataplexy, dietary strategies that may reduce sleep-inducing foods and drinks, scheduled or strategic naps, and maintaining a regular sleep-wake schedule. Social support, social networks, and social integration are resources that may lie in the communities related to living with narcolepsy. Medications used to treat narcolepsy primarily target EDS and/or cataplexy. These medications include alerting agents (e.g., modafinil, armodafinil, pitolisant, solriamfetol), oxybate medications (e.g., twice nightly sodium oxybate, twice nightly mixed oxybate salts, and once nightly extended-release sodium oxybate), and other stimulants (e.g., methylphenidate, amphetamine). There is also the use of antidepressants such as tricyclic antidepressants, selective serotonin reuptake inhibitors (SSRIs), and serotonin–norepinephrine reuptake inhibitors (SNRIs) for the treatment of cataplexy.  Estimates of frequency range from 0.2 to 600 per 100,000 people in various countries. The condition often begins in childhood, with males and females being affected equally. Untreated narcolepsy increases the risk of motor vehicle collisions and falls. Narcolepsy generally occurs anytime between early childhood and 50 years of age, and most commonly between 15 and 36 years of age. However, it may also rarely appear at any time outside of this range.	https://en.wikipedia.org/wiki/Narcolepsy
DOID:90	degenerative disc disease	Degenerative disc disease	Degenerative disc disease (DDD) is a medical condition typically brought on by the aging process in which there are anatomic changes and possibly a loss of function of one or more intervertebral discs of the spine. DDD can take place with or without symptoms, but is typically identified once symptoms arise. The root cause is thought to be loss of soluble proteins within the fluid contained in the disc with resultant reduction of the oncotic pressure, which in turn causes loss of fluid volume. Normal downward forces cause the affected disc to lose height, and the distance between vertebrae is reduced. The anulus fibrosus, the tough outer layers of a disc, also weakens. This loss of height causes laxity of the longitudinal ligaments, which may allow anterior, posterior, or lateral shifting of the vertebral bodies, causing facet joint malalignment and arthritis; scoliosis; cervical hyperlordosis; thoracic hyperkyphosis; lumbar hyperlordosis; narrowing of the space available for the spinal tract within the vertebra (spinal stenosis); or narrowing of the space through which a spinal nerve exits (vertebral foramen stenosis) with resultant inflammation and impingement of a spinal nerve, causing a radiculopathy. DDD can cause mild to severe pain, either acute or chronic, near the involved disc, as well as neuropathic pain if an adjacent spinal nerve root is involved. Diagnosis is suspected when typical symptoms and physical findings are present; and confirmed by x-rays of the vertebral column. Occasionally the radiologic diagnosis of disc degeneration is made incidentally when a cervical x-ray, chest x-ray, or abdominal x-ray is taken for other reasons, and the abnormalities of the vertebral column are recognized. The diagnosis of DDD is not a radiologic diagnosis, since the interpreting radiologist is not aware whether there are symptoms present or not. Typical radiographic findings include disc space narrowing, displacement of vertebral bodies, fusion of adjacent vertebral bodies, and development of bone in adjacent soft tissue (osteophyte formation). An MRI is typically reserved for those with symptoms, signs, and x-ray findings suggesting the need for surgical intervention. Treatment may include physical therapy for pain relief, ROM (range of motion), and appropriate muscle/strength training with emphasis on correcting abnormal posture, assisting the paravertebral (paraspinous) muscles in stabilizing the spine, and core muscle strengthening; stretching exercises; massage therapy; oral analgesia with non-steroidal anti-inflammatory agents (NSAIDS); and topical analgesia with lidocaine, ice and heat. Immediate surgery may be indicated if the symptoms are severe or sudden in onset, or there is a sudden worsening of symptoms. Elective surgery may be indicated after six months of conservative therapy with unsatisfactory relief of symptoms.	https://en.wikipedia.org/wiki/Degenerative_disc_disease
DOID:9008	psoriatic arthritis	Psoriatic arthritis	Psoriatic arthritis (PsA) is a chronic inflammatory arthritis. The classic features of psoriatic arthritis include enthesitis (inflammation of the entheses), synovitis (inflammation of the joint membrane), and dactylitis (sausage-like swelling of the fingers). It particularly affects the peripheral joints, the spine, and the sacroiliac joints. PsA also often presents with nail lesions, which may include small depressions in the nail (pitting), thickening of the nails, and detachment of the nail from the nailbed. PsA affects people with the autoimmune disease psoriasis in particular, and about 20-30% of patients with psoriasis develop PsA. However, 10-30% of patients who develop PsA do not have psoriasis at the time of diagnosis. It is not clear if the two diseases are distinct disease entities or one disease. PsA is classified as a type of seronegative spondyloarthropathy, and is a clinical diagnosis. There are no reliable tests for PsA. Genetics are thought to be strongly involved in the development of psoriatic arthritis. Obesity and certain forms of psoriasis are thought to increase the risk.   PsA occurs in both children and adults, and affects men and women equally.  The condition is less common in people of Asian or African descent.	https://en.wikipedia.org/wiki/Psoriatic_arthritis
DOID:9074	systemic lupus erythematosus	Lupus	"Lupus, formally called systemic lupus erythematosus (SLE), is an autoimmune disease in which the body's immune system mistakenly attacks healthy tissue in many parts of the body. Symptoms vary among people and may be mild to severe. Common symptoms include painful and swollen joints, fever, chest pain, hair loss, mouth ulcers, swollen lymph nodes, feeling tired, and a red rash which is most commonly on the face. Often there are periods of illness, called flares, and periods of remission during which there are few symptoms. Children up to 18 years old develop a more severe form of SLE termed childhood-onset systemic lupus erythematosus. Lupus is Latin for ""wolf"": the disease was so-named in the 13th century as the rash was thought to resemble a wolf's bite. The cause of SLE is not clear. It is thought to involve a combination of genetics and environmental factors. Among identical twins, if one is affected there is a 24% chance the other one will also develop the disease. Female sex hormones, sunlight, smoking, vitamin D deficiency, and certain infections are also believed to increase a person's risk. The mechanism involves an immune response by autoantibodies against a person's own tissues. These are most commonly anti-nuclear antibodies and they result in inflammation. Diagnosis can be difficult and is based on a combination of symptoms and laboratory tests. There are a number of other kinds of lupus erythematosus including discoid lupus erythematosus, neonatal lupus, and subacute cutaneous lupus erythematosus. There is no cure for SLE, but there are experimental and symptomatic treatments. Treatments may include NSAIDs, corticosteroids, immunosuppressants, hydroxychloroquine, and methotrexate. Although corticosteroids are rapidly effective, long-term use results in side effects. Alternative medicine has not been shown to affect the disease. Men have higher mortality. SLE significantly increases the risk of cardiovascular disease, with this being the most common cause of death. While women with lupus have higher-risk pregnancies, most are successful. Rate of SLE varies between countries from 20 to 70 per 100,000. Women of childbearing age are affected about nine times more often than men. While it most commonly begins between the ages of 15 and 45, a wide range of ages can be affected. Those of African, Caribbean, and Chinese descent are at higher risk than those of European descent. Rates of disease in the developing world are unclear."	https://en.wikipedia.org/wiki/Lupus
DOID:9206	Barrett's esophagus	Barrett's esophagus	Barrett's esophagus is a condition in which there is an abnormal (metaplastic) change in the mucosal cells that line the lower part of the esophagus. The cells change from stratified squamous epithelium to simple columnar epithelium, interspersed with goblet cells that are normally only found in the small intestine and large intestine. This change is considered to be a premalignant condition because of its potential to transition into esophageal adenocarcinoma, an often-deadly cancer. The main cause of Barrett's esophagus is tissue adaptation to chronic acid exposure caused by reflux from the stomach. Barrett's esophagus is diagnosed by endoscopy to visually observe the lower esophagus, followed by a biopsy of the affected area and microscopic examination of that tissue. The cells of Barrett's esophagus are classified into four categories: nondysplastic, low-grade dysplasia, high-grade dysplasia, and carcinoma. High-grade dysplasia and early stages of adenocarcinoma may be treated by endoscopic resection or radiofrequency ablation. Later stages of adenocarcinoma may be treated with surgical resection or palliation. Those with nondysplastic or low-grade dysplasia are managed by yearly observation with endoscopy, or treatment with radiofrequency ablation. In patients with high-grade dysplasia, the risk of developing cancer is estimated to be at least 7–13% per year. The rate of esophageal adenocarcinoma has increased substantially in the Western world in recent years. The condition is found in 5–15% of patients who seek medical care for heartburn (gastroesophageal reflux disease, or GERD), although a large subgroup of patients with Barrett's esophagus have no symptoms.  The condition is named after surgeon Norman Barrett (1903–1979), although the condition was originally described by Philip Rowland Allison in 1946.	https://en.wikipedia.org/wiki/Barrett%27s_esophagus
DOID:9296	cleft lip	Cleft lip and cleft palate	Cleft lip (orofacial cleft) is a medical condition where the upper lip has an opening from the perimeter of the mouth, that may extend into the nose. The opening may be on one side, both sides, or in the middle.  Cleft palate is an associated condition where the palate (the roof of the mouth) has an opening into the nose. The term orofacial cleft refers to either condition or to both occurring together. These conditions can result in feeding problems, speech problems, hearing problems, and frequent ear infections. The condition may be associated with other disorders. Cleft lip and palate are the result of tissues of the face not joining properly during development. As such, they are a type of birth defect. The cause is unknown in most cases. Risk factors include smoking during pregnancy, diabetes, obesity, an older mother, and certain medications (such as some used to treat seizures). Cleft lip and cleft palate can often be diagnosed during pregnancy with an ultrasound exam. A cleft lip or palate can be successfully treated with surgery. This is often done in the first few months of life for cleft lip and before eighteen months for cleft palate. Speech therapy and dental care may also be needed. With appropriate treatment, outcomes are good.  Cleft lip and palate occurs in about 1 to 2 per 1000 births in the developed world. Cleft lip is about twice as common in males as females, while cleft palate without cleft lip is more common in females. In 2017, it resulted in about 3,800 deaths globally, down from 14,600 deaths in 1990. Cleft lips are commonly known as hare-lips because of their resemblance to the lips of hares or rabbits, although that term is considered to be offensive in certain contexts.	https://en.wikipedia.org/wiki/Cleft_lip_and_cleft_palate
DOID:9352	type 2 diabetes mellitus	Type 2 diabetes	Type 2 diabetes (T2D), formerly known as adult-onset diabetes, is a form of diabetes mellitus that is characterized by high blood sugar, insulin resistance, and relative lack of insulin. Common symptoms include increased thirst, frequent urination, fatigue and unexplained weight loss. Other symptoms include increased hunger, having a sensation of pins and needles, and sores (wounds) that heal slowly. Symptoms often develop slowly. Long-term complications from high blood sugar include heart disease; stroke; diabetic retinopathy, which can result in blindness; kidney failure; and poor blood flow in the lower limbs, which may lead to amputations. A sudden onset of hyperosmolar hyperglycemic state may occur; however, ketoacidosis is uncommon. Type 2 diabetes primarily occurs as a result of obesity and lack of exercise. Some people are genetically more at risk than others. Type 2 diabetes makes up about 90% of cases of diabetes, with the other 10% due primarily to type 1 diabetes and gestational diabetes.  Diagnosis of diabetes is by blood tests such as fasting plasma glucose, oral glucose tolerance test, or glycated hemoglobin (A1c). Type 2 diabetes is often preventable by staying at a normal weight, exercising regularly, and eating a healthy diet (a popular example is a diet high in fruits and vegetables and low in sugar and saturated fat). Treatment may involve exercise, dietary changes, and medication. Metformin is often recommended. Many people may eventually also require insulin injections. In those on insulin, routinely checking blood sugar levels (such as through a continuous glucose monitor) is advised; however, this may not be needed in those who are not on insulin therapy. Bariatric surgery often improves diabetes in those who are obese. Rates of type 2 diabetes have increased markedly since 1960 in parallel with obesity. As of 2015, there were approximately 392 million people diagnosed with the disease compared to around 30 million in 1985. Typically, it begins in middle or older age, although rates of type 2 diabetes are increasing in young people. Type 2 diabetes is associated with a ten-year-shorter life expectancy. Diabetes was one of the first diseases ever described, dating back to an Egyptian manuscript from c. 1500 BCE. Two types of diabetes were identified in 400–500 CE, one type associated with youth (now identified as type 1) and the other associated with being overweight (now identified as type 2). The importance of insulin in the disease was determined in the 1920s.	https://en.wikipedia.org/wiki/Type_2_diabetes
DOID:9744	type 1 diabetes mellitus	Type 1 diabetes	Type 1 diabetes (T1D), or type 1 diabetes mellitus,  is an autoimmune disease that occurs when the body's immune system destroys beta cells in the pancreas that produce the hormone insulin.  Insulin is used by the body to store and convert blood sugar into energy. T1D results in high blood sugar levels in the body prior to treatment due to the lack of insulin. Common symptoms include frequent urination (polyuria), increased thirst (polydipsia), increased hunger (polyphagia), weight loss, and other changes. Additional symptoms may include blurry vision, tiredness, and slow wound healing (owing to impaired blood flow). While some cases take longer, symptoms usually appear within weeks to a few months. The cause of type 1 diabetes is not completely understood, but it is believed to involve an autoimmune attack caused by a combination of genetic and environmental factors. The underlying mechanism involves an autoimmune destruction of the insulin-producing beta cells in the pancreas. Diabetes is diagnosed by testing the level of sugar or glycated hemoglobin (HbA1C) in the blood. Type 1 diabetes can be distinguished from type 2 by testing for the presence of autoantibodies and/or declining levels/absence of C-peptide. C-peptide is a product cleaved from proinsulin in the production of insulin. In type 1 diabetes its levels are low or absent. In type 2 diabetes the blood levels are high, as insulin production is high due to insulin resistance. There is currently no known way to prevent type 1 diabetes. Treatment with insulin is required for survival. Insulin therapy can be injection under the skin multiple times a day, or can be delivered continuously as a basal amount with boluses for high blood sugar or before meals using an insulin pump. A diabetic diet, exercise, and lifestyle modifications are considered cornerstones of management. If left untreated, type 1 diabetes results in death. Type 1 diabetes can cause many complications if blood sugar control is not very well controlled. Complications of relatively rapid onset include diabetic ketoacidosis and nonketotic hyperosmolar coma. Long-term complications include heart disease, stroke, kidney failure (Diabetic Nephropathy), foot ulcers, and damage to the eyes (diabetic retinopathy). As insulin lowers blood sugar levels, complications may arise from low blood sugar if more insulin is taken than necessary. Type 1 diabetes makes up an estimated 5–10% of all diabetes cases. The number of people affected globally is unknown, although it is estimated that about 80,000 children develop the disease each year. Within the United States the number of people affected is estimated to be one to three million. Rates of disease vary widely, with approximately one new case per 100,000 per year in East Asia and Latin America and around 30 new cases per 100,000 per year in Scandinavia and Kuwait. It typically begins in children and young adults but can begin at any age.	https://en.wikipedia.org/wiki/Type_1_diabetes
DOID:9835	refractive error	Refractive error	Refractive error is a problem with focusing light accurately on the retina due to the shape of the eye and/or cornea. The most common types of refractive error are near-sightedness, far-sightedness, astigmatism, and presbyopia. Near-sightedness results in far away objects being blurry, far-sightedness and presbyopia result in close objects being blurry, and astigmatism causes objects to appear stretched out or blurry. Other symptoms may include double vision, headaches, and eye strain. Near-sightedness is due to the length of the eyeball being too long; far-sightedness the eyeball too short; astigmatism the cornea being the wrong shape, while presbyopia results from aging of the lens of the eye such that it cannot change shape sufficiently. Some refractive errors occur more often among those whose parents are affected. Diagnosis is by eye examination. Refractive errors are corrected with eyeglasses, contact lenses, or surgery. Eyeglasses are the easiest and safest method of correction. Contact lenses can provide a wider field of vision; however they are associated with a risk of infection. Refractive surgery may consist of either permanently changing the shape of the cornea or, alternatively, implanting intraocular lenses. The number of people globally with refractive errors has been estimated at one to two billion. Rates vary between regions of the world with about 25% of Europeans and 80% of Asians affected. Near-sightedness is the most common disorder. Rates among adults are between 15 and 49% while rates among children are between 1.2 and 42%. Far-sightedness more commonly affects young children and the elderly. Presbyopia affects most people over the age of 35. The number of people with refractive errors that have not been corrected was estimated at 660 million (10 per 100 people) in 2013. Of these 9.5 million were blind due to the refractive error. It is one of the most common causes of vision loss along with cataracts, macular degeneration, and vitamin A deficiency.	https://en.wikipedia.org/wiki/Refractive_error
DOID:986	alopecia areata	Alopecia areata	"Alopecia areata (AA), also known as spot baldness, is a condition in which hair is lost from some or all areas of the body. It often results in a few bald spots on the scalp, each about the size of a coin. Psychological stress and illness are possible factors in bringing on alopecia areata in individuals at risk, but in most cases there is no obvious trigger. People are generally otherwise healthy. In a few cases, all the hair on the scalp is lost (alopecia totalis), or all body hair is lost (alopecia universalis). Hair loss can be permanent or temporary. Alopecia areata is believed to be an autoimmune disease resulting from a breach in the immune privilege of the hair follicles. Risk factors include a family history of the condition. Among identical twins, if one is affected, the other has about a 50% chance of also being affected. The underlying mechanism involves failure by the body to recognize its own cells, with subsequent immune-mediated destruction of the hair follicle. No cure for the condition is known. Some treatments, particularly triamcinolone injections and 5% minoxidil topical creams, are effective in speeding hair regrowth. Sunscreen, head coverings to protect from cold and sun, and glasses, if the eyelashes are missing, are also recommended. In more than 50% of cases of sudden-onset localized ""patchy"" disease, hair regrows within a year. In patients with only one or two patches, this one-year recovery will occur in up to 80%. However, many people will have more than one episode over the course of a lifetime. In many patients, hair loss and regrowth occurs simultaneously over the course of several years. Among those in whom all body hair is lost, fewer than 10% recover. About 0.15% of people are affected at any one time, and 2% of people are affected at some point in time. Onset is usually in childhood. Females are affected at higher rates than males."	https://en.wikipedia.org/wiki/Alopecia_areata
DOID:9917	pleural cancer		Description not found.	
DOID:9970	obesity	Obesity	Obesity is a medical condition, considered  a disease by multiple organizations, in which excess body fat has accumulated to such an extent that it can have negative effects on health. People are classified as obese when their body mass index (BMI)—a person's weight divided by the square of the person's height—is over 30 kg/m2; the range 25–30 kg/m2 is defined as overweight. Some East Asian countries use lower BMI thresholds to define obesity. Obesity is a major cause of disability and is correlated with various diseases and conditions, particularly cardiovascular diseases, type 2 diabetes, obstructive sleep apnea, certain types of cancer, and osteoarthritis. Obesity has individual, socioeconomic, and environmental causes. Some known causes are diet, low physical activity, automation, urbanization, genetic susceptibility, medications, mental disorders, economic policies, and endocrine disorders. Exposure to endocrine-disrupting chemicals is a risk factor. While many people with obesity attempt to lose weight and are often successful, maintaining weight loss long-term is rare. Preventing obesity requires a multifaceted approach, including interventions at medical, societal, community, family, and individual levels. Changes to diet as well as exercising are the main treatments recommended by health professionals. Diet quality can be improved by reducing the consumption of energy-dense foods, such as those high in fat or sugars, and by increasing the intake of dietary fiber. The World Health Organization stresses that the disease is a societal responsibility and that these dietary choices should be made the most available, affordable, and accessible options. Medications can be used, along with a suitable diet, to reduce appetite or decrease fat absorption. If diet, exercise, and medication are not effective, a gastric balloon or surgery may be performed to reduce stomach volume or length of the intestines, leading to earlier satiety, or a reduced ability to absorb nutrients from food. Metabolic surgery promotes weight loss not only by reducing caloric intake but also by inducing sustained changes in the secretion of gut hormones involved in appetite and metabolic regulation. Obesity is a leading preventable cause of death worldwide, with increasing rates in adults and children. In 2022, over 1 billion people lived with obesity worldwide (879 million adults and 159 million children), representing more than double the adult cases (and four times higher than cases among children) registered in 1990. Obesity is more common in women than in men. Obesity is often stigmatized in many parts of the world. Conversely, some cultures, past and present, have a favorable view of obesity, seeing it as a symbol of wealth and fertility. The World Health Organization, the US, Canada, Japan, Portugal, Germany, the European Parliament and medical societies (such as the American Medical Association) classify obesity as a disease. Others, such as the UK, do not.	https://en.wikipedia.org/wiki/Obesity

