id	name	wiki_title	description	wiki_url
D000006	Bụng, cấp tính		Không tìm thấy mô tả.	
D000270	Hội chứng Adie		Không tìm thấy mô tả.	
D000326	Bệnh loạn dưỡng tuyến thượng thận	Adrenoleukodystrophy	Adrenoleukodystrophy (ALD) là một bệnh liên quan đến nhiễm sắc thể X. Đó là kết quả của sự tích tụ axit béo do sự thất bại của quá trình oxy hóa beta axit béo peroxisomal dẫn đến sự tích tụ các axit béo chuỗi rất dài trong các mô khắp cơ thể.  Các mô bị ảnh hưởng nặng nề nhất là myelin trong hệ thần kinh trung ương, vỏ thượng thận và tế bào Leydig trong tinh hoàn. Sự tích tụ axit béo chuỗi dài gây tổn thương vỏ myelin của tế bào thần kinh trong não, dẫn đến co giật và tăng động. Các triệu chứng khác bao gồm các vấn đề về nói, nghe và hiểu hướng dẫn bằng lời nói.  Về mặt lâm sàng, ALD biểu hiện như một rối loạn không đồng nhất, biểu hiện một số kiểu hình riêng biệt và không có mô hình rõ ràng về mối tương quan giữa kiểu gen và kiểu hình. Là một rối loạn liên kết với nhiễm sắc thể X, ALD biểu hiện thường xuyên và nghiêm trọng hơn ở nam giới; tuy nhiên, khoảng 80% con cái dị hợp tử biểu hiện một số triệu chứng sau này trong cuộc sống.  Khoảng một phần ba số bệnh nhân nam ALD sẽ có biểu hiện bệnh não ở trẻ em, đây là dạng bệnh nặng nhất.  Nó được đặc trưng bởi sự phát triển bình thường trong thời thơ ấu, sau đó là sự thoái hóa nhanh chóng sang trạng thái thực vật. Các dạng ALD khác khác nhau về thời gian khởi phát và mức độ nghiêm trọng trên lâm sàng, từ suy tuyến thượng thận đơn thuần đến liệt nhẹ tiến triển ở tuổi trưởng thành sớm. ALD được gây ra bởi đột biến ở ABCD1, một gen nằm trên nhiễm sắc thể X mã hóa ALD, một protein vận chuyển màng peroxisomal. Cơ chế chính xác về sinh bệnh học của các dạng ALD khác nhau vẫn chưa được biết rõ. Về mặt sinh hóa, những người mắc ALD có hàm lượng axit béo chuỗi rất dài, bão hòa, không phân nhánh rất cao, đặc biệt là axit cerotic (26:0).  Mức độ axit cerotic trong huyết tương không tương quan với biểu hiện lâm sàng. Treatment options for ALD are limited. Đối với dạng não ở trẻ em, ghép tế bào gốc và liệu pháp gen là những lựa chọn nếu bệnh được phát hiện sớm trong quá trình lâm sàng.  Suy thượng thận ở bệnh nhân ALD có thể được điều trị thành công.  ALD là lỗi chuyển hóa bẩm sinh peroxisomal phổ biến nhất, với tỷ lệ mắc ước tính tối thiểu là 1:42.000 đối với bệnh hemizygote và 1:16.800 đối với hemizygote và dị hợp tử, mặc dù tỷ lệ mắc bệnh có thể tăng lên khi sàng lọc sơ sinh được cải thiện. Nó không có tỷ lệ mắc bệnh cao hơn đáng kể ở bất kỳ nhóm dân tộc cụ thể nào.	https://en.wikipedia.org/wiki/Adrenoleukodystrophy
D000334	Khí dung	Aerophagia	Aerophagia (hay aerophagy) là tình trạng nuốt không khí quá mức, đi vào dạ dày thay vì phổi. Aerophagia cũng có thể đề cập đến một tình trạng bất thường trong đó triệu chứng chính là đầy hơi quá mức. Cơ chế thực tế khiến không khí đi vào ruột vẫn chưa rõ ràng hoặc chưa được biết rõ. Chứng nuốt hơi trong tâm thần học đôi khi được cho là do căng thẳng hoặc lo lắng.  Chứng nuốt hơi ảnh hưởng đến khoảng 0,1–1% dân số nói chung, mặc dù tỷ lệ lưu hành có thể bị đánh giá thấp do không được báo cáo đầy đủ.	https://en.wikipedia.org/wiki/Aerophagia
D000370	Ageusia	Ageusia	Ageusia (từ tiền tố phủ định a- và tiếng Hy Lạp cổ γεῦσις geûsis 'hương vị') là sự mất chức năng vị giác của lưỡi, đặc biệt là không có khả năng phát hiện vị ngọt, vị chua, vị đắng, vị mặn và vị umami (có nghĩa là 'vị mặn'). Đôi khi nó bị nhầm lẫn với chứng mất khứu giác - mất khứu giác. Chứng mất vị giác thực sự tương đối hiếm so với chứng giảm vị giác – mất một phần vị giác – và chứng loạn vị giác – sự biến dạng hoặc thay đổi vị giác. Mặc dù ageusia được coi là tương đối hiếm nhưng nó có thể ảnh hưởng đến các cá nhân ở mọi lứa tuổi hoặc nhân khẩu học. Số ca mắc bệnh lão hóa được báo cáo đã gia tăng do đại dịch COVID-19 khiến bệnh lão hóa được chẩn đoán phổ biến hơn trước.	https://en.wikipedia.org/wiki/Ageusia
D000377	chứng mất trí nhớ	Agnosia	Agnosia là một rối loạn thần kinh được đặc trưng bởi việc không có khả năng xử lý thông tin cảm giác. Thường mất khả năng nhận biết đồ vật, con người, âm thanh, hình dạng hoặc mùi vị trong khi giác quan cụ thể không bị khiếm khuyết cũng như không bị mất trí nhớ đáng kể. Nó thường liên quan đến chấn thương não hoặc bệnh thần kinh, đặc biệt là sau khi tổn thương vùng chẩm – thái dương, một phần của dòng não thất.  Agnosia chỉ ảnh hưởng đến một phương thức duy nhất, chẳng hạn như thị giác hoặc thính giác. Gần đây hơn, sự gián đoạn từ trên xuống được coi là nguyên nhân gây ra sự xáo trộn trong việc xử lý thông tin nhận thức.	https://en.wikipedia.org/wiki/Agnosia
D000381	agraphia	Agraphia	Agraphia là một chứng rối loạn thần kinh mắc phải gây mất khả năng giao tiếp bằng chữ viết, do một số dạng rối loạn chức năng vận động hoặc không có khả năng đánh vần. Mất khả năng viết có thể biểu hiện cùng với rối loạn ngôn ngữ hoặc thần kinh khác; các rối loạn xuất hiện phổ biến với agraphia là alexia, aphasia, dysarthria, agnosia, acalcia và apraxia. Nghiên cứu về những người mắc chứng mất chữ viết có thể cung cấp thêm thông tin về các con đường liên quan đến việc viết, cả liên quan đến ngôn ngữ và vận động. Agraphia không thể được điều trị trực tiếp, nhưng các cá nhân có thể học các kỹ thuật để giúp lấy lại và phục hồi một số khả năng viết trước đây của họ. Những kỹ thuật này khác nhau tùy thuộc vào loại agraphia. Agraphia có thể được chia thành các loại trung tâm và ngoại vi. Chứng mất trí nhớ trung tâm thường liên quan đến các vùng ngôn ngữ của não, gây khó khăn khi đánh vần hoặc giao tiếp tự phát và thường đi kèm với các rối loạn ngôn ngữ khác. Chứng mất trí nhớ ngoại biên thường nhắm vào các kỹ năng vận động và không gian thị giác ngoài ngôn ngữ và có xu hướng liên quan đến các vùng vận động của não, gây khó khăn trong các chuyển động liên quan đến viết. Chứng mất ngôn ngữ trung tâm cũng có thể được gọi là chứng mất ngôn ngữ vì nó liên quan đến các vùng não có chức năng chính liên quan đến ngôn ngữ và chữ viết; chứng mất ngôn ngữ ngoại vi cũng có thể được gọi là chứng mất ngôn ngữ không giai đoạn vì nó liên quan đến các vùng não có chức năng không liên quan trực tiếp đến ngôn ngữ và chữ viết (thường là các vùng vận động). Lịch sử của agraphia có từ giữa thế kỷ 14, nhưng phải đến nửa sau thế kỷ 19, nó mới thu hút được sự quan tâm đáng kể về mặt lâm sàng. Nghiên cứu trong thế kỷ 20 tập trung chủ yếu vào phương pháp ngôn ngữ học ở những bệnh nhân bị tổn thương do đột quỵ.	https://en.wikipedia.org/wiki/Agraphia
D000419	Albumin niệu	Albuminuria	Albumin niệu là tình trạng bệnh lý khi protein albumin tăng cao trong nước tiểu (thường được đo bằng tỷ lệ albumin/creatinine trong nước tiểu > 30 miligam albumin trên 1 gam creatinine mỗi ngày). Đây là một loại protein niệu và là loại protein phổ biến nhất được phát hiện trong xét nghiệm nước tiểu, khi tăng cao sẽ có liên quan đến bệnh thận và tim mạch (CVD). Albumin là một loại protein huyết tương dồi dào (có trong máu), thường được ngăn ngừa khỏi bị mất vào nước tiểu bởi các cầu thận dạng lưới của nephron. Ở người khỏe mạnh, chỉ có một lượng nhỏ chất này hiện diện trong nước tiểu, nhưng khi hệ thống lọc của thận bị tổn thương, lượng albumin lớn hơn sẽ thoát vào nước tiểu, có thể định lượng và sử dụng để xác định mức độ tổn thương thận/bệnh thận.	https://en.wikipedia.org/wiki/Albuminuria
D000425	Rối loạn mất trí nhớ do rượu		Không tìm thấy mô tả.	
D000472	Nhiễm kiềm, hô hấp		Không tìm thấy mô tả.	
D000550	nhược thị	Amblyopia	"Nhược thị, còn gọi là mắt lười, là một chứng rối loạn thị giác trong đó não không thể xử lý đầy đủ thông tin đầu vào từ một mắt và theo thời gian sẽ thiên về mắt kia. Nó dẫn đến giảm thị lực ở một mắt mà thường có vẻ bình thường ở các khía cạnh khác. Nhược thị là nguyên nhân phổ biến nhất gây giảm thị lực ở một mắt ở trẻ em và người trẻ tuổi. Nguyên nhân gây nhược thị có thể là bất kỳ tình trạng nào cản trở khả năng tập trung trong thời thơ ấu. Điều này có thể xảy ra do sự liên kết kém của mắt (lác), mắt có hình dạng không đều nên khó tập trung, một mắt bị cận thị hoặc viễn thị hơn mắt kia (khúc xạ) hoặc thủy tinh thể của một mắt bị mờ (thiếu thốn). Sau khi giải quyết được nguyên nhân cơ bản, thị lực sẽ không được phục hồi ngay lập tức vì cơ chế này cũng liên quan đến não. Nhược thị có thể khó phát hiện, vì vậy nên kiểm tra thị lực cho tất cả trẻ em trong độ tuổi từ 4 đến 5 vì việc phát hiện sớm giúp cải thiện thành công của việc điều trị. Kính có thể là phương pháp điều trị cần thiết cho một số trẻ. Nếu điều này vẫn chưa đủ, các phương pháp điều trị khuyến khích hoặc ép buộc trẻ sử dụng mắt yếu hơn sẽ được sử dụng. Điều này được thực hiện bằng cách sử dụng miếng dán hoặc bôi atropine vào mắt khỏe hơn. Nếu không điều trị, nhược thị thường kéo dài. Điều trị ở tuổi trưởng thành thường kém hiệu quả hơn nhiều. Nhược thị bắt đầu từ năm tuổi. Ở người lớn, rối loạn này được ước tính ảnh hưởng đến 1–5% dân số. Mặc dù việc điều trị giúp cải thiện thị lực nhưng nó thường không khôi phục thị lực trở lại bình thường ở mắt bị ảnh hưởng. Nhược thị được mô tả lần đầu tiên vào những năm 1600. Tình trạng này có thể khiến mọi người không đủ điều kiện làm phi công hoặc cảnh sát. Từ nhược thị có nguồn gốc từ tiếng Hy Lạp ἀμβλύς amblys, có nghĩa là ""cùn"" và ὤψ ōps, có nghĩa là ""mắt""."	https://en.wikipedia.org/wiki/Amblyopia
D000647	Chứng mất trí nhớ	Amnesia	Chứng mất trí nhớ là tình trạng suy giảm trí nhớ do tổn thương não hoặc các bệnh về não, nhưng nó cũng có thể tạm thời do sử dụng nhiều loại thuốc an thần và thuốc thôi miên. Bộ nhớ có thể bị mất toàn bộ hoặc một phần do mức độ thiệt hại gây ra. Có hai loại mất trí nhớ chính: Mất trí nhớ ngược dòng là không có khả năng nhớ thông tin có được trước một ngày cụ thể, thường là ngày xảy ra tai nạn hoặc phẫu thuật. Trong một số trường hợp, tình trạng mất trí nhớ có thể kéo dài hàng chục năm, trong khi ở những trường hợp khác, người ta có thể chỉ mất trí nhớ vài tháng.  Chứng mất trí nhớ Anterograde là không có khả năng chuyển thông tin mới từ kho lưu trữ ngắn hạn sang kho lưu trữ dài hạn. Những người mắc chứng mất trí nhớ anterograde không thể nhớ mọi thứ trong thời gian dài. Hai loại này không loại trừ lẫn nhau; cả hai cũng có thể xảy ra đồng thời. Ngoài chứng mất trí nhớ ngược và trước, các dạng được nhận biết khác bao gồm chứng mất trí nhớ toàn bộ thoáng qua, mất trí nhớ tạm thời xảy ra đột ngột; chứng mất trí nhớ phân ly, có liên quan đến căng thẳng cảm xúc và liên quan đến việc không thể nhớ lại trải nghiệm cá nhân; chứng mất trí nhớ thời thơ ấu, ám chỉ tình trạng mất trí nhớ thời thơ ấu thường xảy ra ở mọi người; và chứng mất trí nhớ sau chấn thương, có thể xảy ra sau chấn thương đầu và liên quan đến sự nhầm lẫn và suy giảm trí nhớ đối với các sự kiện xảy ra xung quanh thời điểm chấn thương. Các nghiên cứu trường hợp cũng cho thấy chứng mất trí nhớ thường liên quan đến tổn thương ở thùy thái dương giữa. Ngoài ra, các khu vực cụ thể của vùng hải mã (vùng CA1) có liên quan đến trí nhớ. Nghiên cứu cũng chỉ ra rằng khi các khu vực của gian não bị tổn thương, chứng mất trí nhớ có thể xảy ra. Các nghiên cứu gần đây đã chỉ ra mối tương quan giữa sự thiếu hụt protein RbAp48 và chứng mất trí nhớ. Các nhà khoa học đã phát hiện ra rằng những con chuột bị suy giảm trí nhớ có hàm lượng protein RbAp48 thấp hơn so với những con chuột khỏe mạnh bình thường. Ở những người bị mất trí nhớ, khả năng nhớ lại thông tin tức thời vẫn được giữ lại và họ vẫn có thể hình thành những ký ức mới. Tuy nhiên, có thể thấy khả năng học tài liệu mới và truy xuất thông tin cũ bị giảm sút nghiêm trọng. Mọi người có thể học kiến ​​thức thủ tục mới. Ngoài ra, việc khơi gợi (cả nhận thức và khái niệm) có thể hỗ trợ người mất trí nhớ trong việc học những kiến ​​thức mới không mang tính khai báo. Những người bị mất trí nhớ cũng vẫn giữ được các kỹ năng trí tuệ, ngôn ngữ và xã hội đáng kể mặc dù bị suy giảm nghiêm trọng về khả năng nhớ lại thông tin cụ thể gặp phải trong các giai đoạn học tập trước đó. Thuật ngữ này bắt nguồn từ 'sự quên lãng' trong tiếng Hy Lạp cổ đại; từ ἀ- (a-) 'không có' và μνήσις (mnesis) 'bộ nhớ'.	https://en.wikipedia.org/wiki/Amnesia
D000648	Mất trí nhớ, ngược dòng		Không tìm thấy mô tả.	
D000787	đau thắt ngực	Angina	"Đau thắt ngực, trong cơn đau thắt ngực toàn phần, là đau hoặc tức ngực, thường do lưu lượng máu đến cơ tim (cơ tim) không đủ. Đây là triệu chứng phổ biến nhất của bệnh động mạch vành. Đau thắt ngực thường là kết quả của sự tắc nghẽn một phần hoặc co thắt các động mạch cung cấp máu cho cơ tim. Cơ chế chính của tắc nghẽn động mạch vành là xơ vữa động mạch như một phần của bệnh động mạch vành. Các nguyên nhân khác gây đau thắt ngực bao gồm nhịp tim bất thường, suy tim và ít gặp hơn là thiếu máu. Thuật ngữ này bắt nguồn từ tiếng Latin tức giận có nghĩa là 'bóp cổ' và pectus 'ngực', và do đó có thể được dịch là ""cảm giác ngột ngạt ở ngực"". Một đánh giá y tế khẩn cấp được đề xuất để loại trừ các tình trạng bệnh lý nghiêm trọng. Có mối liên hệ giữa mức độ nghiêm trọng của cơn đau thắt ngực và mức độ thiếu oxy trong cơ tim. Tuy nhiên, mức độ nghiêm trọng của cơn đau thắt ngực không phải lúc nào cũng tương ứng với mức độ thiếu oxy của tim hoặc nguy cơ đau tim (nhồi máu cơ tim). Một số người có thể bị đau dữ dội mặc dù có rất ít nguy cơ bị đau tim trong khi những người khác có thể bị đau tim và ít hoặc không bị đau. Trong một số trường hợp, chứng đau thắt ngực có thể khá nghiêm trọng. Các cơn đau thắt ngực trầm trọng hơn, cơn đau thắt ngực khởi phát đột ngột khi nghỉ ngơi và cơn đau thắt ngực kéo dài hơn 15 phút là các triệu chứng của chứng đau thắt ngực không ổn định (thường được xếp vào nhóm các tình trạng tương tự như hội chứng mạch vành cấp tính). Vì những triệu chứng này có thể báo trước một cơn đau tim nên chúng cần được chăm sóc y tế khẩn cấp và nói chung được điều trị tương tự như các cơn đau tim. Vào đầu thế kỷ 20, cơn đau thắt ngực dữ dội được coi là dấu hiệu của cái chết sắp xảy ra. Tuy nhiên, các liệu pháp y học hiện đại đã cải thiện triển vọng một cách đáng kể. Bệnh nhân trung niên bị đau thắt ngực từ trung bình đến nặng (phân loại theo độ II, III và IV) có tỷ lệ sống sót sau 5 năm khoảng 92%."	https://en.wikipedia.org/wiki/Angina
D000788	Đau thắt ngực, biến thể		Không tìm thấy mô tả.	
D000789	Đau thắt ngực, không ổn định		Không tìm thấy mô tả.	
D000849	bất thường	Anomia	Anomia có thể đề cập đến: Anomic aphasia, một loại chứng mất ngôn ngữ Anomia (hai mảnh vỏ), một chi của loài hai mảnh vỏ Anomia (trò chơi), trò chơi tiệc tùng năm 2009 do Andrew Innes thiết kế	https://en.wikipedia.org/wiki/Anomia
D000855	Chán ăn	Anorexia	"Chán ăn tâm thần (AN), thường được gọi là chán ăn, là một chứng rối loạn ăn uống đặc trưng bởi việc hạn chế ăn uống nhiều, rối loạn hình ảnh cơ thể, sợ tăng cân và mong muốn gầy đi quá mức. Những đặc điểm này thường có nghĩa là các cá nhân bị suy dinh dưỡng nghiêm trọng do rối loạn này. Những người mắc chứng chán ăn tâm thần sợ tăng cân, mặc dù thực tế là họ thường bị thiếu cân. DSM-5 mô tả triệu chứng nhận thức này là ""sự xáo trộn trong cách cảm nhận trọng lượng hoặc hình dạng cơ thể của một người"". Nghiên cứu gần đây đã chỉ ra rằng sự xáo trộn này không dựa trên việc đánh giá quá cao kích thước cơ thể mà dựa trên sự không hài lòng về cơ thể: những người mắc chứng biếng ăn có thể xác định chính xác kích thước cơ thể của họ bằng trực quan, nhưng lại thấy những cơ thể thiếu cân trầm trọng là hấp dẫn nhất. Những người mắc chứng chán ăn tâm thần cũng có thể phủ nhận rằng các triệu chứng hoặc hành vi của họ là biểu hiện của bệnh tật. Họ có thể tự cân thường xuyên, ăn một lượng nhỏ và chỉ ăn một số loại thực phẩm nhất định để kiểm soát được ngoại hình cơ thể của mình nhiều nhất có thể. Một số bệnh nhân mắc chứng chán ăn tâm thần ăn uống vô độ để ảnh hưởng thêm đến cân nặng hoặc hình dáng của họ. Việc tẩy có thể biểu hiện dưới dạng gây nôn, tập thể dục quá mức và/hoặc lạm dụng thuốc nhuận tràng. Chứng chán ăn tâm thần có tỷ lệ tử vong cao nhất trong số các chẩn đoán tâm thần. Các biến chứng y tế có thể bao gồm loãng xương, vô sinh và tổn thương tim, cùng với việc ngừng kinh nguyệt và tử vong. Các biến chứng ở nam giới có thể bao gồm giảm testosterone. Trong trường hợp bệnh nhân chán ăn tâm thần liên tục từ chối các biện pháp can thiệp phục hồi cân nặng và ăn kiêng đáng kể, bác sĩ tâm thần có thể tuyên bố bệnh nhân thiếu khả năng đưa ra quyết định, dẫn đến quyết định y tế là phải cho ăn bằng cách kiềm chế qua ống thông mũi dạ dày. Chứng biếng ăn thường phát triển ở tuổi thiếu niên hoặc thanh niên. Nguyên nhân gây chán ăn tâm thần rất phức tạp và khác nhau tùy từng cá nhân, nhiều nguyên nhân có thể bao gồm nguyên nhân di truyền, xã hội, sinh lý và môi trường. Thông thường nhất, sự trầm trọng thêm của bệnh tâm thần được cho là xảy ra sau một sự kiện gây thay đổi lớn trong cuộc sống hoặc gây căng thẳng. Tuy nhiên, có bằng chứng chắc chắn rằng chứng chán ăn tâm thần cũng có yếu tố di truyền, trong đó các cặp song sinh giống hệt nhau bị ảnh hưởng thường xuyên hơn so với các cặp song sinh khác trứng, trong đó có một số lượng lớn các yếu tố nguy cơ di truyền gây ra chứng rối loạn: tương tự như các rối loạn tâm thần khác có thành phần di truyền. Các yếu tố văn hóa cũng đóng một vai trò rất quan trọng, với những xã hội coi trọng sự gầy gò có tỷ lệ mắc bệnh cao hơn. Chứng chán ăn tâm thần cũng thường xảy ra ở các vận động viên chơi các môn thể thao mà trọng lượng cơ thể thấp được cho là có lợi cho thẩm mỹ hoặc hiệu suất, chẳng hạn như khiêu vũ, cổ vũ, thể dục dụng cụ, chạy, trượt băng nghệ thuật và nhảy trượt tuyết (chán ăn thể thao). Điều trị chứng biếng ăn bao gồm việc đưa bệnh nhân trở lại cân nặng khỏe mạnh, điều trị các vấn đề tâm lý tiềm ẩn của họ và giải quyết các hành vi không thích nghi tiềm ẩn, thường bằng các hình thức trị liệu bằng trò chuyện; một số ví dụ về các liệu pháp đã được chứng minh lâm sàng bao gồm liệu pháp hành vi nhận thức hoặc liệu pháp gia đình Maudsley, một phương pháp mà cha mẹ chịu trách nhiệm cho con mình ăn. Liều thấp olanzapine hàng ngày đã được chứng minh là làm tăng cảm giác thèm ăn và hỗ trợ tăng cân ở bệnh nhân. Bác sĩ tâm thần có thể kê đơn thuốc cho bệnh nhân mắc chứng chán ăn tâm thần để kiểm soát chứng lo âu hoặc trầm cảm tốt hơn, đây là những rối loạn thường liên quan đến rối loạn. Tuy nhiên, thuốc không được coi là phương pháp chữa khỏi chứng chán ăn tâm thần: những con đường như vậy giải quyết các nguyên nhân cơ bản gây ra chứng rối loạn, thường hỗ trợ phục hồi bằng cách cho phép cá nhân có trạng thái tinh thần rõ ràng và khỏe mạnh hơn để hiểu được các biến chứng của chứng chán ăn tâm thần. Nó không hỗ trợ những người không có bất kỳ tình trạng tâm thần liên quan nào khác ảnh hưởng đến khả năng làm việc đó của họ. Nó đã được chứng minh là hỗ trợ phục hồi các chứng rối loạn ăn uống khác, chẳng hạn như chứng cuồng ăn và rối loạn ăn uống vô độ. Trong những trường hợp nghiêm trọng, người bệnh có thể phải được cho ăn bằng ống thông mũi dạ dày để phục hồi cân nặng và mức dinh dưỡng lành mạnh bằng vũ lực. Bằng chứng về lợi ích của việc nuôi ăn qua ống thông mũi dạ dày là không rõ ràng; một số cá nhân hồi phục sau lần nhập viện đầu tiên, trong khi những người khác phải điều trị định kỳ trong nhiều năm: đôi khi là vô thời hạn. Nguy cơ tái phát lớn nhất xảy ra trong năm đầu tiên sau khi xuất viện sau khi điều trị rối loạn ăn uống. Trong vòng hai năm đầu sau khi xuất viện, khoảng 31% bệnh nhân chán ăn tâm thần tái phát. Nhiều biến chứng, cả về thể chất và tâm lý, sẽ được cải thiện hoặc giải quyết bằng cách phục hồi dinh dưỡng và tăng cân đầy đủ. Chứng chán ăn tâm thần được ước tính xảy ra ở khoảng 0,3–4,3% phụ nữ và 0,2–1% nam giới ở các nước phương Tây tại một thời điểm nào đó trong cuộc đời của họ. Mức độ ở các quốc gia khác không rõ ràng do không được chẩn đoán và thiếu nhận thức, mặc dù có thể cho rằng nó hiện diện nhiều hơn ở các xã hội phương Tây do tập trung nhiều hơn vào trọng lượng cơ thể thấp và vẻ đẹp trên mạng xã hội và đời thực. Có một quan sát cho thấy sự gia tăng chẩn đoán chứng chán ăn từ thế kỷ 20 trở đi: không rõ liệu điều này là do tần suất của nó tăng lên thực tế hay đơn giản là do khả năng chẩn đoán được cải thiện. Năm 2013, nó trực tiếp gây ra khoảng 600 ca tử vong trên toàn cầu, tăng từ 400 ca tử vong vào năm 1990. Rối loạn ăn uống cũng làm tăng nguy cơ tử vong của một người do nhiều nguyên nhân khác, bao gồm cả tự tử. Khoảng 5% số người mắc chứng biếng ăn chết vì các biến chứng trong khoảng thời gian 10 năm với các biến chứng y tế và tự tử lần lượt là nguyên nhân chính và phụ gây tử vong. Chán ăn có tỷ lệ tử vong cao nhất trong số các bệnh tâm thần, chỉ đứng sau sử dụng quá liều opioid."	https://en.wikipedia.org/wiki/Anorexia
D000857	Rối loạn khứu giác		Không tìm thấy mô tả.	
D000860	thiếu oxy	Anoxia	"Anoxia có nghĩa là sự suy giảm hoàn toàn mức oxy, một dạng thiếu oxy cực độ hoặc ""oxy thấp"". Thuật ngữ thiếu oxy và thiếu oxy được sử dụng trong nhiều bối cảnh khác nhau: Nước thiếu oxy, nước biển, nước ngọt hoặc nước ngầm bị cạn kiệt oxy hòa tan Sự kiện thiếu oxy, khi các đại dương trên Trái đất cạn kiệt hoàn toàn oxy dưới mực nước bề mặt. Tình trạng thiếu oxy, thiếu oxy khi có mặt hydrogen sulfide. Thiếu oxy (môi trường), điều kiện oxy thấp Thiếu oxy (y học), khi cơ thể hoặc một vùng cơ thể bị thiếu nguồn cung cấp oxy đầy đủ. não bị thiếu oxy hoàn toàn, một dạng thiếu oxy não nghiêm trọng"	https://en.wikipedia.org/wiki/Anoxia
D001037	Chứng mất ngôn ngữ	Aphasia	"Chứng mất ngôn ngữ, còn được gọi là chứng khó đọc, là sự suy giảm khả năng hiểu hoặc hình thành ngôn ngữ của một người do rối loạn chức năng ở các vùng não cụ thể. Nguyên nhân chính là đột quỵ và chấn thương đầu; tỷ lệ hiện mắc khó xác định, nhưng chứng mất ngôn ngữ do đột quỵ được ước tính là 0,1–0,4% ở các nước phát triển. Chứng mất ngôn ngữ cũng có thể là kết quả của khối u não, động kinh, các bệnh thần kinh tự miễn như bệnh đa xơ cứng, nhiễm trùng não hoặc các bệnh thoái hóa thần kinh như chứng mất trí nhớ. Để được chẩn đoán mắc chứng mất ngôn ngữ, khả năng sản xuất và/hoặc hiểu ngôn ngữ viết và/hoặc nói của một người phải bị suy giảm đáng kể. Trong trường hợp mất ngôn ngữ tiến triển, tình trạng suy giảm này tiến triển chậm theo thời gian. Những khó khăn của người mắc chứng mất ngôn ngữ có thể bao gồm từ việc thỉnh thoảng khó tìm từ cho đến mất khả năng nói, đọc hoặc viết; Tuy nhiên, trí thông minh không bị ảnh hưởng. Ngôn ngữ biểu cảm và ngôn ngữ tiếp thu đều có thể bị ảnh hưởng. Chứng mất ngôn ngữ cũng ảnh hưởng đến ngôn ngữ hình ảnh như ngôn ngữ ký hiệu. Ngược lại, việc sử dụng các cách diễn đạt mang tính công thức trong giao tiếp hàng ngày thường được bảo tồn. Ví dụ, trong khi một người mắc chứng mất ngôn ngữ, đặc biệt là chứng mất ngôn ngữ biểu cảm (mất ngôn ngữ của Broca), có thể không hỏi được người thân của họ ngày sinh nhật, họ vẫn có thể hát ""Chúc mừng sinh nhật"". Một khiếm khuyết phổ biến ở tất cả các chứng mất ngôn ngữ là chứng mất ngôn ngữ, trong đó cá nhân bị ảnh hưởng gặp khó khăn trong việc tìm từ chính xác. Với chứng mất ngôn ngữ, một hoặc nhiều phương thức giao tiếp trong não đã bị tổn thương và do đó hoạt động không chính xác. Chứng mất ngôn ngữ không phải do tổn thương não dẫn đến suy giảm vận động hoặc cảm giác, do đó tạo ra lời nói bất thường - nghĩa là chứng mất ngôn ngữ không liên quan đến cơ chế nói mà liên quan đến nhận thức ngôn ngữ của cá nhân. Tuy nhiên, một người có thể gặp phải cả hai vấn đề, ví dụ: trong trường hợp xuất huyết làm tổn thương một vùng não lớn. Khả năng ngôn ngữ của một cá nhân kết hợp với bộ quy tắc được chia sẻ trong xã hội, cũng như các quá trình suy nghĩ đằng sau giao tiếp (vì nó ảnh hưởng đến cả ngôn ngữ bằng lời nói và phi ngôn ngữ). Chứng mất ngôn ngữ không phải là kết quả của khó khăn về cảm giác hoặc vận động ngoại biên khác, chẳng hạn như tê liệt ảnh hưởng đến cơ nói hoặc suy giảm thính lực nói chung. Các dạng rối loạn xử lý thính giác (APD) phát triển thần kinh có thể phân biệt được với chứng mất ngôn ngữ ở chỗ chứng mất ngôn ngữ đó theo định nghĩa là do chấn thương não mắc phải, nhưng chứng mất ngôn ngữ do động kinh mắc phải đã được xem là một dạng APD."	https://en.wikipedia.org/wiki/Aphasia
D001039	Mất ngôn ngữ, Broca		Không tìm thấy mô tả.	
D001041	Chứng mất ngôn ngữ, Wernicke		Không tìm thấy mô tả.	
D001044	Aphonia	Aphonia	"Aphonia được định nghĩa là không có khả năng tạo ra âm thanh hữu thanh. Điều này có thể là kết quả của tổn thương, chẳng hạn như phẫu thuật (ví dụ, cắt tuyến giáp) hoặc khối u, hoặc có thể là kết quả của các biện pháp tâm lý. Aphonia có nghĩa là ""không có âm thanh"". Nói cách khác, một người mắc chứng rối loạn này bị mất giọng nói và không thể giao tiếp bằng giọng nói."	https://en.wikipedia.org/wiki/Aphonia
D001049	ngưng thở	Apnea	Ngưng thở (còn được đánh vần là ngưng thở trong tiếng Anh Anh) là tình trạng ngừng thở tạm thời, có thể là tự nguyện hoặc không tự nguyện. Trong quá trình ngưng thở, không có chuyển động nào của các cơ hít vào và thể tích của phổi ban đầu không thay đổi. Tùy thuộc vào mức độ tắc nghẽn của đường thở (thông suốt), có thể có hoặc không có dòng khí giữa phổi và môi trường. Nếu có đủ lưu lượng, quá trình trao đổi khí trong phổi và hô hấp tế bào sẽ không bị ảnh hưởng nghiêm trọng. Tự nguyện làm điều này được gọi là “nín thở”. Chứng ngưng thở lần đầu tiên có thể được chẩn đoán ở thời thơ ấu và nên tham khảo ý kiến ​​​​bác sĩ chuyên khoa tai mũi họng, bác sĩ dị ứng hoặc bác sĩ về giấc ngủ để thảo luận về các triệu chứng khi nhận thấy; bác sĩ chỉnh nha có thể quan sát thấy dị tật và/hoặc trục trặc của đường hô hấp trên.	https://en.wikipedia.org/wiki/Apnea
D001072	Apraxias	Apraxia	"Apraxia là một rối loạn vận động do tổn thương não (đặc biệt là vỏ não sau hoặc thể chai), gây khó khăn trong việc lập kế hoạch vận động để thực hiện các nhiệm vụ hoặc chuyển động. Bản chất của tổn thương quyết định mức độ nghiêm trọng của chứng rối loạn và việc không bị mất cảm giác hoặc liệt giúp giải thích mức độ khó khăn. Trẻ em có thể sinh ra với chứng apraxia; nguyên nhân của nó vẫn chưa được biết rõ và các triệu chứng thường được nhận thấy ở giai đoạn đầu phát triển. Apraxia xảy ra sau này trong cuộc sống, được gọi là apraxia mắc phải, thường do chấn thương sọ não, đột quỵ, mất trí nhớ, bệnh Alzheimer, khối u não hoặc các rối loạn thoái hóa thần kinh khác. Nhiều loại apraxia được phân loại theo khả năng cụ thể và/hoặc bộ phận cơ thể bị ảnh hưởng. Thuật ngữ ""apraxia"" xuất phát từ tiếng Hy Lạp cổ ἀ- (a-) 'không có' và πρᾶξις (praxis) 'hành động'."	https://en.wikipedia.org/wiki/Apraxia
D001184	Rối loạn khớp nối		Không tìm thấy mô tả.	
D001247	Suy nhược	Weakness	Suy nhược là triệu chứng của nhiều tình trạng bệnh lý khác nhau. Nguyên nhân có rất nhiều và có thể được chia thành các tình trạng yếu cơ thực sự hoặc được cho là yếu cơ. Yếu cơ thực sự là triệu chứng chính của nhiều bệnh về cơ xương, bao gồm chứng loạn dưỡng cơ và bệnh viêm cơ. Nó xảy ra trong các rối loạn liên kết thần kinh cơ, chẳng hạn như bệnh nhược cơ.	https://en.wikipedia.org/wiki/Weakness
D001259	Mất điều hòa	Ataxia	"Mất điều hòa (từ tiếng Hy Lạp α- [tiền tố phủ định] + -τάξις [thứ tự] = ""mất trật tự"") là một dấu hiệu thần kinh bao gồm sự thiếu phối hợp tự nguyện của các chuyển động cơ, có thể bao gồm dáng đi bất thường, thay đổi giọng nói và các bất thường trong chuyển động của mắt, cho thấy rối loạn chức năng của các bộ phận của hệ thần kinh điều phối chuyển động, chẳng hạn như tiểu não. Những rối loạn chức năng hệ thần kinh này xảy ra theo nhiều hình thức khác nhau, với những kết quả khác nhau và những nguyên nhân có thể khác nhau. Chứng mất điều hòa có thể bị giới hạn ở một bên cơ thể, được gọi là chứng mất điều hòa nửa người. Chứng mất điều hòa Friedreich có dáng đi bất thường là triệu chứng thường gặp nhất. Dystaxia là một mức độ mất điều hòa nhẹ."	https://en.wikipedia.org/wiki/Ataxia
D001260	Ataxia Telangiectasia	Ataxia–telangiectasia	Ataxia-telangiectasia (AT hoặc A-T), còn được gọi là hội chứng ataxia-telangiectasia hoặc hội chứng Louis-Bar, là một bệnh thoái hóa thần kinh hiếm gặp gây tàn tật nghiêm trọng. Ataxia đề cập đến sự phối hợp kém và giãn mao mạch đối với các mạch máu nhỏ bị giãn, cả hai đều là dấu hiệu đặc trưng của bệnh. A–T ảnh hưởng đến nhiều bộ phận của cơ thể: Nó làm suy yếu một số khu vực của não bao gồm tiểu não, gây khó khăn khi vận động và phối hợp. Nó làm suy yếu hệ thống miễn dịch, gây ra khuynh hướng nhiễm trùng. Nó ngăn cản việc sửa chữa DNA bị hỏng, làm tăng nguy cơ ung thư. Các triệu chứng thường xuất hiện đầu tiên ở thời thơ ấu (giai đoạn chập chững biết đi) khi trẻ bắt đầu ngồi hoặc đi. Mặc dù chúng thường bắt đầu biết đi ở độ tuổi bình thường nhưng chúng vẫn loạng choạng hoặc lắc lư khi đi, đứng yên hoặc ngồi. Ở giai đoạn cuối mẫu giáo và đầu tuổi đi học, trẻ gặp khó khăn trong việc di chuyển mắt một cách tự nhiên từ nơi này sang nơi khác (mất vận động nhãn cầu). Họ phát triển các vấn đề về nuốt và nói lắp hoặc bị bóp méo. Một số bị nhiễm trùng đường hô hấp (nhiễm trùng tai, viêm xoang, viêm phế quản và viêm phổi). Vì trẻ em phát triển khác nhau nên có thể phải mất vài năm A-T mới được chẩn đoán chính xác. Hầu hết trẻ em mắc bệnh A–T có các triệu chứng thần kinh ổn định trong 4–5 năm đầu đời, nhưng bắt đầu biểu hiện các vấn đề ngày càng tăng trong những năm đầu đi học.	https://en.wikipedia.org/wiki/Ataxia%E2%80%93telangiectasia
D001264	bệnh vô thần	Athetosis	Athetosis là một triệu chứng đặc trưng bởi các chuyển động chậm, không tự nguyện, phức tạp, quằn quại của ngón tay, bàn tay, ngón chân và bàn chân và trong một số trường hợp là cả cánh tay, chân, cổ và lưỡi. Các chuyển động điển hình của bệnh athetosis đôi khi được gọi là các chuyển động athetoid. Tổn thương não thường là nguyên nhân trực tiếp gây ra các triệu chứng, đặc biệt là thể vân.  Triệu chứng này không xảy ra đơn lẻ và thường đi kèm với các triệu chứng của bệnh bại não, vì nó thường là kết quả của tình trạng khuyết tật thể chất này.  Các phương pháp điều trị bệnh athetosis không hiệu quả lắm và trong hầu hết các trường hợp chỉ nhằm mục đích kiểm soát chuyển động không kiểm soát được chứ không phải là nguyên nhân.	https://en.wikipedia.org/wiki/Athetosis
D001308	Rối loạn nhận thức thính giác		Không tìm thấy mô tả.	
D001416	Đau lưng	Back pain	Đau lưng (tiếng Latin: dorsalgia) là cảm giác đau ở lưng. Nó có thể được phân loại thành đau cổ (cổ), đau lưng giữa (ngực), đau lưng dưới (thắt lưng) hoặc đau xương cụt (đau xương cụt hoặc xương cùng) dựa trên đoạn bị ảnh hưởng. Vùng thắt lưng là vùng thường bị ảnh hưởng nhất. Một đợt đau lưng có thể cấp tính, bán cấp hoặc mãn tính tùy theo thời gian. Cơn đau có thể có đặc điểm là đau âm ỉ, đau như bị bắn hoặc xuyên qua hoặc cảm giác nóng rát. Cảm giác khó chịu có thể lan đến cánh tay, bàn tay cũng như cẳng chân và bàn chân, có thể bao gồm tê hoặc yếu ở chân và cánh tay. Phần lớn đau lưng là không đặc hiệu và vô căn. Các cơ chế cơ bản phổ biến bao gồm các thay đổi thoái hóa hoặc chấn thương ở đĩa đệm và khớp mặt, sau đó có thể gây đau thứ phát ở cơ và dây thần kinh, đồng thời dẫn đến đau đến xương, khớp và tứ chi. Các bệnh và viêm túi mật, tuyến tụy, động mạch chủ và thận cũng có thể gây đau lưng. Các khối u đốt sống, mô thần kinh và các cấu trúc lân cận cũng có thể biểu hiện là đau lưng. Đau lưng là tình trạng phổ biến; khoảng chín trong số mười người trưởng thành trải qua nó vào một thời điểm nào đó trong cuộc đời và năm trong số mười người trưởng thành đang đi làm bị ảnh hưởng mỗi năm. Một số ước tính rằng có đến 95% dân số sẽ bị đau lưng vào một thời điểm nào đó trong đời. Đây là nguyên nhân phổ biến nhất gây ra cơn đau mãn tính và là nguyên nhân chính gây ra tình trạng mất việc làm và tàn tật. Đối với hầu hết mọi người, đau lưng có thể tự giới hạn. Hầu hết những người bị đau lưng không bị đau dữ dội mãn tính mà là những cơn đau dai dẳng hoặc ngắt quãng ở mức độ nhẹ hoặc trung bình. Tuy nhiên, các triệu chứng đau lưng mãn tính, được định nghĩa là đau lặp đi lặp lại hoặc dai dẳng trong ít nhất 3 tháng trong vòng 12 tháng qua, ảnh hưởng đến 34,4% mẫu người trưởng thành trên toàn quốc ở dạng nhẹ, 25,1% ở dạng trung bình và 13% ở dạng (rất) nặng. Trong hầu hết các trường hợp thoát vị đĩa đệm và hẹp, nghỉ ngơi, tiêm hoặc phẫu thuật đều có kết quả giảm đau chung tương tự nhau, trung bình sau một năm. Tại Hoa Kỳ, đau thắt lưng cấp tính là lý do phổ biến thứ năm khiến người dân phải đến gặp bác sĩ và gây ra 40% số ngày phải nghỉ làm. Đây là nguyên nhân hàng đầu gây ra tình trạng khuyết tật trên toàn thế giới. Theo Tổ chức Y tế Thế giới, khoảng 90% các trường hợp đau thắt lưng là không đặc hiệu, nghĩa là không thể xác định được nguyên nhân cấu trúc rõ ràng.	https://en.wikipedia.org/wiki/Back_pain
D001724	Cân nặng khi sinh		Không tìm thấy mô tả.	
D001750	Bàng quang tiết niệu, thần kinh		Không tìm thấy mô tả.	
D001766	mù lòa	Visual impairment	Suy giảm thị lực hoặc thị lực (VI hoặc VIP) là tình trạng mất khả năng nhận thức thị giác một phần hoặc toàn bộ. Trong trường hợp không điều trị như kính mắt điều chỉnh, thiết bị hỗ trợ và điều trị y tế, suy giảm thị lực có thể gây khó khăn cho cá nhân trong các công việc bình thường hàng ngày, bao gồm cả việc đọc và đi bộ. Thuật ngữ thị lực kém và mù lòa thường được sử dụng cho mức độ suy giảm khó hoặc không thể khắc phục và ảnh hưởng đáng kể đến cuộc sống hàng ngày. Ngoài các tình trạng vĩnh viễn khác nhau, có thể xảy ra tình trạng suy giảm thị lực tạm thời thoáng qua, chứng mù lòa và có thể chỉ ra các vấn đề y tế nghiêm trọng. Các nguyên nhân phổ biến nhất gây suy giảm thị lực trên toàn cầu là tật khúc xạ không được điều chỉnh (43%), đục thủy tinh thể (33%) và bệnh tăng nhãn áp (2%). Các tật khúc xạ bao gồm cận thị, viễn thị, lão thị và loạn thị. Đục thủy tinh thể là nguyên nhân phổ biến nhất gây mù lòa. Các rối loạn khác có thể gây ra các vấn đề về thị giác bao gồm thoái hóa điểm vàng liên quan đến tuổi tác, bệnh võng mạc tiểu đường, đục giác mạc, mù lòa ở trẻ em và một số bệnh nhiễm trùng. Suy giảm thị lực cũng có thể do các vấn đề trong não do đột quỵ, sinh non hoặc chấn thương, v.v. Những trường hợp này được gọi là suy giảm thị lực vỏ não. Sàng lọc các vấn đề về thị lực ở trẻ em có thể cải thiện thị lực và thành tích học tập trong tương lai. Sàng lọc người lớn không có triệu chứng là lợi ích không chắc chắn. Chẩn đoán bằng khám mắt. Tổ chức Y tế Thế giới (WHO) ước tính rằng 80% tình trạng suy giảm thị lực có thể phòng ngừa hoặc chữa được bằng cách điều trị. Điều này bao gồm đục thủy tinh thể, nhiễm trùng mù sông và bệnh đau mắt hột, bệnh tăng nhãn áp, bệnh võng mạc tiểu đường, tật khúc xạ không được điều trị và một số trường hợp mù ở trẻ em. Nhiều người bị suy giảm thị lực đáng kể được hưởng lợi từ việc phục hồi thị lực, thay đổi môi trường và các thiết bị hỗ trợ. Tính đến năm 2015, có 940 triệu người bị giảm thị lực ở một mức độ nào đó. 246 triệu người có thị lực kém và 39 triệu người bị mù. Phần lớn những người có thị lực kém đều ở các nước đang phát triển và trên 50 tuổi. Tỷ lệ suy giảm thị lực đã giảm kể từ những năm 1990. Khiếm thị có chi phí kinh tế đáng kể, trực tiếp do chi phí điều trị và gián tiếp do khả năng lao động giảm.	https://en.wikipedia.org/wiki/Visual_impairment
D001832	Thay đổi nhiệt độ cơ thể		Không tìm thấy mô tả.	
D001835	Trọng lượng cơ thể	Human body weight	Trọng lượng cơ thể con người là khối lượng hoặc trọng lượng của một người. Nói một cách chính xác, trọng lượng cơ thể là thước đo khối lượng không có vật dụng nào đặt trên người. Tuy nhiên, trên thực tế, trọng lượng cơ thể có thể được đo khi mặc quần áo nhưng không mang giày hoặc các phụ kiện nặng như điện thoại di động và ví và sử dụng cân thủ công hoặc cân kỹ thuật số. Trọng lượng cơ thể dư thừa hoặc giảm được coi là một chỉ số xác định sức khỏe của một người, với phép đo thể tích cơ thể cung cấp thêm một chiều bằng cách tính toán sự phân bổ trọng lượng cơ thể.	https://en.wikipedia.org/wiki/Human_body_weight
D001836	Thay đổi trọng lượng cơ thể		Không tìm thấy mô tả.	
D001926	Chết não	Brain death	"Chết não là tình trạng mất chức năng não vĩnh viễn, không thể hồi phục và hoàn toàn, có thể bao gồm việc ngừng hoạt động không tự nguyện (ví dụ như thở) cần thiết để duy trì sự sống. Nó khác với trạng thái thực vật dai dẳng, trong đó con người còn sống và một số chức năng tự trị vẫn còn. Nó cũng khác với tình trạng hôn mê miễn là một số hoạt động và chức năng của não và cơ thể vẫn còn, và nó cũng không giống với tình trạng hội chứng bị nhốt. Chẩn đoán phân biệt có thể phân biệt về mặt y tế những tình trạng khác nhau này. Chết não được sử dụng như một dấu hiệu về cái chết hợp pháp ở nhiều khu vực pháp lý, nhưng nó được định nghĩa một cách không nhất quán và thường bị công chúng nhầm lẫn. Nhiều phần khác nhau của não có thể tiếp tục hoạt động trong khi những phần khác thì không, điều này đặt ra câu hỏi liệu chúng có thực sự được coi là đã chết hay không. Thuật ngữ ""chết não"" đã được sử dụng để chỉ nhiều sự kết hợp khác nhau. Ví dụ, mặc dù một từ điển y khoa lớn coi ""chết não"" là đồng nghĩa với ""chết não"" (cái chết của não), hệ thống Tiêu đề Chủ đề Y học của Thư viện Y khoa Quốc gia Hoa Kỳ (MeSH) định nghĩa chết não bao gồm cả thân não. Sự khác biệt này có ý nghĩa quan trọng về mặt y tế bởi vì, ví dụ, ở một người có não chết nhưng thân não còn sống, hơi thở tự phát có thể tiếp tục mà không cần trợ giúp, trong khi ở trường hợp chết toàn bộ não (bao gồm cả chết thân não), chỉ có thiết bị hỗ trợ sự sống mới duy trì được thông khí. Ở một số quốc gia, bệnh nhân được phân loại là chết não có thể được phẫu thuật cắt bỏ nội tạng để hiến tạng một cách hợp pháp."	https://en.wikipedia.org/wiki/Brain_death
D002032	chứng háu ăn	Bulimia	Bulimia nervosa (BN), còn được gọi đơn giản là chứng cuồng ăn, là một chứng rối loạn ăn uống đặc trưng bởi việc ăn uống vô độ (ăn một lượng lớn thức ăn trong thời gian ngắn, thường cảm thấy mất kiểm soát), sau đó là các hành vi bù đắp, chẳng hạn như tự gây nôn hoặc nhịn ăn, để ngăn ngừa tăng cân. Chứng cuồng ăn phổ biến hơn ở những người có người thân mắc bệnh này. Tỷ lệ rủi ro được ước tính là do di truyền là từ 30% đến 80%. Các yếu tố nguy cơ khác của căn bệnh này bao gồm căng thẳng tâm lý, áp lực văn hóa để đạt được một hình thể nhất định, lòng tự trọng kém và béo phì. Sống trong một nền văn hóa thương mại hóa hoặc tán dương chế độ ăn kiêng và có cha mẹ quan tâm đến cân nặng cũng là những rủi ro. Chẩn đoán dựa trên bệnh sử của một người; tuy nhiên, điều này thật khó khăn vì mọi người thường giữ bí mật về thói quen ăn uống vô độ và tẩy rửa của mình. Hơn nữa, chẩn đoán chứng chán ăn tâm thần được ưu tiên hơn chẩn đoán chứng cuồng ăn. Các rối loạn tương tự khác bao gồm rối loạn ăn uống vô độ, hội chứng Kleine–Levin và rối loạn nhân cách ranh giới.	https://en.wikipedia.org/wiki/Bulimia
D002100	Suy nhược	Cachexia	Cachexia ( ) là một hội chứng xảy ra ở những người mắc một số bệnh nhất định, gây mất cơ mà không thể phục hồi hoàn toàn bằng chế độ dinh dưỡng được cải thiện. Nó thường xảy ra nhất trong các trường hợp ung thư, suy tim sung huyết, bệnh phổi tắc nghẽn mãn tính, bệnh thận mãn tính và AIDS. Những tình trạng này thay đổi cách cơ thể xử lý tình trạng viêm, trao đổi chất và tín hiệu não. Điều này có thể dẫn đến mất cơ và những thay đổi có hại khác đối với thành phần cơ thể theo thời gian. Không giống như giảm cân do nạp không đủ calo, chứng suy nhược chủ yếu gây mất cơ và có thể xảy ra khi có hoặc không có giảm mỡ. Chẩn đoán chứng suy nhược là khó khăn vì không có hướng dẫn rõ ràng và sự xuất hiện của nó thay đổi tùy theo từng người bị ảnh hưởng. Giống như suy dinh dưỡng, chứng suy nhược có thể dẫn đến tình trạng sức khỏe tồi tệ hơn và chất lượng cuộc sống thấp hơn. Tiên lượng của bệnh nhân mắc chứng suy mòn khác nhau tùy thuộc vào loại và mức độ nghiêm trọng của bệnh tiềm ẩn, nhưng thường rất kém, đặc biệt với những bệnh nhân ở giai đoạn muộn của bệnh. Chứng suy mòn có thể cải thiện đáng kể khi điều trị hiệu quả căn bệnh tiềm ẩn, nhưng các phương pháp điều trị triệu chứng như liệu pháp dinh dưỡng và tập thể dục thường không giúp đảo ngược hội chứng và có rất ít lợi ích trong các trường hợp mắc chứng suy mòn nặng.	https://en.wikipedia.org/wiki/Cachexia
D002303	Cung lượng tim, thấp		Không tìm thấy mô tả.	
D002375	Catalepsy	Catalepsy	"Catalepsy (từ tiếng Hy Lạp cổ katálēpsis, κατάληψις, ""nắm bắt, nắm bắt"") là một tình trạng thần kinh đặc trưng bởi sự cứng cơ và cố định tư thế bất kể kích thích bên ngoài, cũng như giảm độ nhạy cảm với cơn đau."	https://en.wikipedia.org/wiki/Catalepsy
D002385	cataplexy	Cataplexy	"Chứng mất trương lực là một giai đoạn yếu cơ đột ngột và thoáng qua kèm theo nhận thức hoàn toàn có ý thức, thường được kích hoạt bởi những cảm xúc như cười, khóc hoặc kinh hãi. Chứng mất trương lực là triệu chứng đầu tiên xuất hiện trong khoảng 10% trường hợp mắc chứng ngủ rũ, do sự phá hủy tự miễn của các tế bào thần kinh vùng dưới đồi tạo ra hypocretin hypocretin (còn gọi là orexin), điều chỉnh kích thích và có vai trò ổn định quá trình chuyển đổi giữa trạng thái thức và ngủ. Chứng mất trương lực không kèm chứng ngủ rũ rất hiếm và nguyên nhân vẫn chưa được biết. Thuật ngữ cataplexy bắt nguồn từ tiếng Hy Lạp κατά (kata, có nghĩa là ""xuống"") và πλῆξις (plēxis, có nghĩa là ""tấn công"") và nó được sử dụng lần đầu tiên vào khoảng năm 1880 trong tài liệu sinh lý học của Đức để mô tả hiện tượng bất động, còn được gọi là ""chơi thú có túi"" (liên quan đến hành vi giả chết của thú có túi khi bị đe dọa). Cùng năm đó, bác sĩ tâm thần kinh người Pháp Jean-Baptiste Gélineau đã đặt ra thuật ngữ 'chứng ngủ rũ' và công bố một số báo cáo lâm sàng có thông tin chi tiết về hai bệnh nhân có tình trạng tương tự như những trường hợp mắc chứng ngủ rũ hiện nay. Tuy nhiên, bệnh khởi phát mà ông báo cáo là ở tuổi trưởng thành, so với các trường hợp hiện tại được báo cáo ở thời thơ ấu và thanh thiếu niên. Ngay cả khi ông thích thuật ngữ 'astasia' hơn là 'cataplexy', trường hợp mà ông mô tả vẫn mang tính biểu tượng cho việc chẩn đoán hội chứng ngủ rũ hoàn toàn."	https://en.wikipedia.org/wiki/Cataplexy
D002389	căng trương lực	Catatonia	Catatonia là một hội chứng tâm thần kinh thường gặp nhất ở những người mắc các rối loạn tâm trạng tiềm ẩn như rối loạn trầm cảm nặng hoặc rối loạn tâm thần như tâm thần phân liệt. Những người mắc chứng catatonia biểu hiện những cử động và hành vi bất thường khác nhau tùy theo từng người và có thể dao động về cường độ trong một đợt duy nhất. Những người mắc chứng catatonia có vẻ thu mình, hạn chế tương tác với thế giới bên ngoài và gặp khó khăn trong việc xử lý thông tin. Họ có thể gần như bất động trong nhiều ngày liên tục hoặc thực hiện các động tác lặp đi lặp lại, không có mục đích. Mọi người có thể biểu hiện những nhóm hành vi rất khác nhau nhưng vẫn được chẩn đoán mắc chứng căng trương lực. Điều trị bằng thuốc benzodiazepin hoặc liệu pháp điện giật là hiệu quả nhất và giúp thuyên giảm các triệu chứng trong hầu hết các trường hợp. Có nhiều loại bệnh catatonia khác nhau, đại diện cho các nhóm triệu chứng thường xảy ra cùng nhau. Chúng bao gồm catatonia sững sờ/bất động, catatonia bị kích thích, catatonia ác tính và catatonia định kỳ. Căng trương lực trong lịch sử có liên quan đến bệnh tâm thần phân liệt, nhưng thường thấy nhất ở chứng rối loạn tâm trạng. Hiện nay người ta biết rằng các triệu chứng căng trương lực là không đặc hiệu và có thể xảy ra trong các tình trạng tâm thần, thần kinh và y tế khác. Tiên lượng của chứng căng trương lực thường tốt, thuyên giảm hoàn toàn ở một số bệnh nhân; tuy nhiên, kết quả khác nhau tùy thuộc vào chứng rối loạn cơ bản.	https://en.wikipedia.org/wiki/Catatonia
D002422	đau nhân quả	Complex regional pain syndrome	Hội chứng đau khu vực phức tạp (CRPS), đôi khi được gọi bằng chứng loạn dưỡng giao cảm phản xạ (RSD) hoặc chứng loạn dưỡng thần kinh phản xạ (RND) (loại 1) hoặc chứng đau nhân quả (loại 2), là một dạng rối loạn thần kinh và rối loạn thần kinh hiếm gặp và nghiêm trọng gây ra đau mãn tính, các triệu chứng thần kinh và bệnh lý thần kinh. Mặc dù có thể rất khác nhau nhưng biểu hiện cổ điển xảy ra khi cơn đau dữ dội do chấn thương thực thể hoặc nhiễm virus hướng thần kinh kéo dài hơn thời gian hồi phục dự kiến ​​và sau đó có thể lan sang các vùng không bị thương. Các triệu chứng của loại 1 và 2 giống nhau, ngoại trừ loại 2 có liên quan đến chấn thương dây thần kinh. Thường bắt đầu ở một chi, CRPS thường biểu hiện đầu tiên là đau, sưng tấy, hạn chế cử động hoặc liệt một phần hoặc thay đổi ở da và xương. Ban đầu nó có thể ảnh hưởng đến một chi và sau đó lan ra khắp cơ thể; 35% số người bị ảnh hưởng có triệu chứng khắp cơ thể. Hai loại được cho là tồn tại: CRPS loại 1 (trước đây gọi là chứng loạn dưỡng giao cảm phản xạ) và CRPS loại 2 (trước đây gọi là đau nhân quả). Có thể có cả hai loại. Hội chứng đau cơ xương khớp khuếch đại, một tình trạng tương tự như CRPS, chủ yếu ảnh hưởng đến bệnh nhi, thuộc bệnh thấp khớp và nhi khoa, và thường được coi là một tập hợp con của CRPS loại 1.	https://en.wikipedia.org/wiki/Complex_regional_pain_syndrome
D002524	Thất điều tiểu não		Không tìm thấy mô tả.	
D002558	Chảy dịch não tủy		Không tìm thấy mô tả.	
D002559	Chảy nước mũi dịch não tủy		Không tìm thấy mô tả.	
D002637	Đau ngực		Không tìm thấy mô tả.	
D002639	Hô hấp Cheyne-Stokes		Không tìm thấy mô tả.	
D002819	múa giật	Chorea	Múa giật, hay (hiếm khi) múa giật, () là một rối loạn vận động không chủ ý bất thường, đặc trưng bởi các cử động nhanh của tay hoặc chân. Đây là một trong những nhóm rối loạn thần kinh được gọi là rối loạn vận động. Thuật ngữ múa giật có nguồn gốc từ tiếng Hy Lạp cổ đại χορεία (múa múa) 'khiêu vũ', vì các chuyển động của cơ thể có thể so sánh với khiêu vũ. Thuật ngữ múa giật nửa người dùng để chỉ múa giật ở một bên cơ thể, chẳng hạn như múa giật ở một cánh tay chứ không phải cả hai (tương tự như múa giật nửa người).	https://en.wikipedia.org/wiki/Chorea
D002832	Xuất huyết màng mạch		Không tìm thấy mô tả.	
D003085	Đau bụng	Colic	Đau bụng hay đau bụng () là một dạng đau bắt đầu và chấm dứt đột ngột. Đau bụng thường do tắc nghẽn đường cơ trơn trong cơ thể (ví dụ như ruột non hoặc ruột già, ống mật hoặc niệu quản). Sự tắc nghẽn gây ra các cơn co thắt cơ (nhu động) để đẩy tắc nghẽn ra khỏi cơ quan, dẫn đến cơn đau từng cơn dao động theo các cơn co thắt. Mặc dù thuật ngữ này chủ yếu đề cập đến cơn đau do cơ chế này gây ra, nhưng bất kỳ cơn đau nào xảy ra theo từng đợt hoặc dao động về cường độ đều có thể được gọi là đau bụng hoặc đau bụng.  Các cơn đau bụng có thể gây đau đớn tột độ, buồn nôn, đổ mồ hôi và nôn mửa. Sự tắc nghẽn các lối đi quan trọng trong cơ thể có thể dẫn đến các biến chứng nghiêm trọng và có khả năng gây tử vong nếu không được làm sạch, chẳng hạn như viêm túi mật trong trường hợp đau bụng mật hoặc bệnh sỏi thận. Mặc dù hoạt động của nhu động đôi khi có thể loại bỏ tắc nghẽn như vậy mà không cần can thiệp y tế, phẫu thuật hoặc các liệu pháp y tế khác được thiết kế để loại bỏ tắc nghẽn có thể cần thiết để điều trị tình trạng này.	https://en.wikipedia.org/wiki/Colic
D003117	Khiếm khuyết về tầm nhìn màu sắc		Không tìm thấy mô tả.	
D003128	hôn mê	Coma	Hôn mê (từ tiếng Hy Lạp cổ κῶμα koma 'ngủ sâu') là một trạng thái bất tỉnh sâu kéo dài, trong đó một người không thể đánh thức, không phản ứng bình thường với các kích thích (bao gồm đau đớn, ánh sáng và âm thanh), thiếu chu kỳ ngủ-thức bình thường và không bắt đầu các hành động tự nguyện. Người đó có thể gặp các vấn đề về hô hấp và tuần hoàn do cơ thể không có khả năng duy trì các chức năng bình thường của cơ thể. Những người hôn mê thường cần được chăm sóc y tế rộng rãi để duy trì sức khỏe và ngăn ngừa các biến chứng như viêm phổi hoặc cục máu đông. Bệnh nhân hôn mê biểu hiện hoàn toàn mất tỉnh táo và không thể cảm nhận, nói hoặc cử động một cách có ý thức. Hôn mê có thể là kết quả của những nguyên nhân tự nhiên hoặc có thể được gây ra về mặt y tế; ví dụ, trong quá trình gây mê toàn thân. Về mặt lâm sàng, hôn mê có thể được định nghĩa là tình trạng không thể tuân theo mệnh lệnh một bước một cách nhất quán. Để bệnh nhân duy trì được ý thức, các thành phần tỉnh táo và nhận thức phải được duy trì. Sự tỉnh táo là đánh giá định lượng về mức độ ý thức, trong khi nhận thức là đánh giá định tính về các chức năng qua trung gian vỏ não, bao gồm các khả năng nhận thức như sự chú ý, nhận thức giác quan, trí nhớ rõ ràng, ngôn ngữ, việc thực hiện các nhiệm vụ, định hướng không gian và thời gian, và phán đoán thực tế. Về mặt thần kinh, ý thức được duy trì nhờ sự kích hoạt của vỏ não—chất xám tạo thành lớp ngoài cùng của não—và bởi hệ thống kích hoạt dạng lưới (RAS), một cấu trúc trong thân não.	https://en.wikipedia.org/wiki/Coma
D003147	Rối loạn giao tiếp		Không tìm thấy mô tả.	
D003221	Lú lẫn	Confusion	Trong tâm lý học, nhầm lẫn là đặc tính hoặc trạng thái cảm xúc hoang mang hoặc mất phương hướng. Thuật ngữ rối loạn tâm thần cấp tính thường được sử dụng thay thế cho mê sảng trong Phân loại thống kê quốc tế về bệnh tật và các vấn đề sức khỏe liên quan và các ấn phẩm Tiêu đề chủ đề y tế để mô tả bệnh lý. Những điều này đề cập đến việc mất định hướng hoặc khả năng đặt bản thân vào thế giới một cách chính xác theo thời gian, địa điểm và bản sắc cá nhân. Rối loạn tâm thần đôi khi đi kèm với rối loạn ý thức (mất suy nghĩ tuyến tính) và mất trí nhớ (không có khả năng nhớ chính xác các sự kiện trước đó hoặc học tài liệu mới).	https://en.wikipedia.org/wiki/Confusion
D003244	Rối loạn ý thức		Không tìm thấy mô tả.	
D003248	Táo bón	Constipation	Táo bón là tình trạng rối loạn chức năng ruột khiến việc đi tiêu không thường xuyên hoặc khó đi đại tiện. Phân thường cứng và khô. Các triệu chứng khác có thể bao gồm đau bụng, đầy hơi và cảm giác như thể chưa đi đại tiện hoàn toàn. Các biến chứng do táo bón có thể bao gồm bệnh trĩ, nứt hậu môn hoặc ứ phân. Tần suất đi tiêu bình thường ở người lớn là từ ba lần mỗi ngày đến ba lần mỗi tuần. Trẻ sơ sinh thường đi tiêu từ 3 đến 4 lần mỗi ngày trong khi trẻ nhỏ thường đi tiêu từ 2 đến 3 lần mỗi ngày. Táo bón có nhiều nguyên nhân. Các nguyên nhân phổ biến bao gồm phân di chuyển chậm trong đại tràng, hội chứng ruột kích thích và rối loạn sàn chậu. Các bệnh liên quan cơ bản bao gồm suy giáp, tiểu đường, bệnh Parkinson, bệnh celiac, nhạy cảm với gluten không celiac, thiếu vitamin B12, ung thư ruột kết, viêm túi thừa và bệnh viêm ruột. Các loại thuốc liên quan đến táo bón bao gồm opioid, một số thuốc kháng axit, thuốc chẹn kênh canxi và thuốc kháng cholinergic. Trong số những người dùng opioid, khoảng 90% bị táo bón. Táo bón đáng lo ngại hơn khi người đó sụt cân hoặc thiếu máu, có máu trong phân, có tiền sử bệnh viêm ruột hoặc ung thư ruột kết trong gia đình một người hoặc bệnh mới khởi phát ở người lớn tuổi. Điều trị táo bón phụ thuộc vào nguyên nhân cơ bản và thời gian nó tồn tại. Các biện pháp có thể giúp ích bao gồm uống đủ nước, ăn nhiều chất xơ và tập thể dục. Nếu điều này không hiệu quả, có thể khuyến cáo sử dụng thuốc nhuận tràng dạng chất tạo khối, chất thẩm thấu, chất làm mềm phân hoặc loại chất bôi trơn. Thuốc nhuận tràng kích thích thường được dành riêng khi các loại khác không hiệu quả. Các phương pháp điều trị khác có thể bao gồm phản hồi sinh học hoặc trong một số trường hợp hiếm gặp là phẫu thuật. Trong dân số nói chung, tỷ lệ táo bón là 2-30%. Trong số những người cao tuổi sống tại viện dưỡng lão, tỷ lệ táo bón là 50–75%.	https://en.wikipedia.org/wiki/Constipation
D003371	Ho	Cough	Ho là hiện tượng không khí thoát ra đột ngột qua đường thở lớn, có thể giúp loại bỏ chất lỏng, chất kích thích, hạt lạ và vi khuẩn. Là một phản xạ bảo vệ, ho có thể lặp đi lặp lại với phản xạ ho theo ba giai đoạn: hít vào, thở ra gắng sức khi thanh môn đóng và thoát khí mạnh từ phổi sau khi thanh môn mở, thường kèm theo một âm thanh đặc biệt. Ho vào khuỷu tay hoặc hướng xuống đất—thay vì hướng về phía trước ở độ cao hít thở—có thể làm giảm sự lây lan của các giọt truyền nhiễm trong không khí. Ho thường xuyên thường cho thấy sự hiện diện của bệnh. Nhiều loại virus và vi khuẩn được hưởng lợi, từ góc độ tiến hóa, bằng cách khiến vật chủ ho, giúp truyền bệnh sang vật chủ mới. Ho bất thường thường do nhiễm trùng đường hô hấp nhưng cũng có thể do nghẹt thở, hút thuốc, ô nhiễm không khí, hen suyễn, bệnh trào ngược dạ dày thực quản, chảy nước mũi sau, viêm phế quản mãn tính, khối u phổi, suy tim và các loại thuốc như thuốc ức chế men chuyển angiotensin (thuốc ức chế men chuyển) và thuốc chẹn beta. Điều trị nên nhắm vào nguyên nhân; ví dụ, cai thuốc lá hoặc ngừng dùng thuốc ức chế ACE.  Thuốc giảm ho như codeine hoặc dextromethorphan thường được kê đơn nhưng không được khuyến khích cho trẻ em. Các lựa chọn điều trị khác có thể nhắm vào tình trạng viêm đường hô hấp hoặc có thể thúc đẩy quá trình tiết chất nhầy. Vì đây là phản xạ bảo vệ tự nhiên nên việc ức chế phản xạ ho có thể gây ra tác hại, đặc biệt nếu ho có đờm (có đờm).	https://en.wikipedia.org/wiki/Cough
D003410	Hội chứng Cri-du-Chat	Cri du chat syndrome	"Hội chứng Cri du chat là một rối loạn di truyền hiếm gặp do mất một phần nhiễm sắc thể trên nhiễm sắc thể số 5. ​​Tên của nó là một thuật ngữ tiếng Pháp (""tiếng mèo kêu"" hoặc ""tiếng mèo kêu"") để chỉ tiếng kêu giống tiếng mèo đặc trưng của những đứa trẻ bị ảnh hưởng. Nó được mô tả lần đầu tiên bởi Jérôme Lejeune vào năm 1963. Tình trạng này ảnh hưởng đến khoảng 1 trên 22.000 ca sinh sống ở tất cả các dân tộc và phổ biến hơn ở nữ giới với tỷ lệ 4:3."	https://en.wikipedia.org/wiki/Cri_du_chat_syndrome
D003490	Chứng xanh tím	Cyanosis	Chứng xanh tím là sự thay đổi màu sắc của mô thành màu tím xanh do giảm lượng oxy liên kết với huyết sắc tố trong các tế bào hồng cầu của giường mao mạch. Chứng xanh tím thường biểu hiện rõ ràng ở các mô cơ thể được bao phủ bởi lớp da mỏng, bao gồm màng nhầy, môi, giường móng tay và dái tai. Một số loại thuốc có thể gây đổi màu như thuốc có chứa amiodarone hoặc bạc. Hơn nữa, các đốm mông cổ, vết bớt lớn và việc tiêu thụ các sản phẩm thực phẩm có thuốc nhuộm màu xanh hoặc tím cũng có thể dẫn đến sự đổi màu mô da hơi xanh và có thể bị nhầm lẫn với chứng xanh tím. Khám thực thể phù hợp và lấy bệnh sử là một phần quan trọng để chẩn đoán chứng xanh tím. Kiểm soát chứng xanh tím bao gồm việc điều trị nguyên nhân chính, vì chứng xanh tím không phải là một bệnh mà là một triệu chứng. Chứng xanh tím còn được phân loại thành chứng xanh tím trung tâm và chứng xanh tím ngoại biên.	https://en.wikipedia.org/wiki/Cyanosis
D003635	Hội chứng De Lange		Không tìm thấy mô tả.	
D003638	Điếc	Deafness	"Điếc có nhiều định nghĩa khác nhau trong bối cảnh văn hóa và y tế. Trong bối cảnh y tế, ý nghĩa của điếc là tình trạng mất thính giác khiến một người không thể hiểu được ngôn ngữ nói, một tình trạng thính giác. Trong bối cảnh này, nó được viết bằng chữ thường d. Sau đó, nó được sử dụng trong bối cảnh văn hóa để chỉ những người chủ yếu giao tiếp thông qua ngôn ngữ ký hiệu bất kể khả năng nghe như thế nào, thường được viết hoa là Điếc và được gọi là ""điếc D lớn"" trong lời nói và ký hiệu. Hai định nghĩa này trùng nhau nhưng không giống nhau, vì mất thính lực bao gồm các trường hợp không đủ nghiêm trọng để ảnh hưởng đến khả năng hiểu ngôn ngữ nói, trong khi Điếc văn hóa bao gồm thính giác của những người sử dụng ngôn ngữ ký hiệu, chẳng hạn như trẻ em của người lớn Điếc. Khi nói về điếc theo cả hai nghĩa, có thể viết là d/Điếc hoặc D/điếc."	https://en.wikipedia.org/wiki/Deafness
D003639	Mất thính giác, đột ngột		Không tìm thấy mô tả.	
D003655	Trạng thái suy nhược		Không tìm thấy mô tả.	
D003693	mê sảng	Delirium	Mê sảng (trước đây là trạng thái lú lẫn cấp tính, một thuật ngữ mơ hồ hiện không được khuyến khích) là một trạng thái lú lẫn cấp tính cụ thể do hậu quả sinh lý trực tiếp của một tình trạng bệnh lý, ảnh hưởng của một chất kích thích thần kinh hoặc nhiều nguyên nhân, thường phát triển trong vài giờ đến vài ngày. Là một hội chứng, mê sảng biểu hiện bằng những rối loạn về khả năng chú ý, nhận thức và nhận thức bậc cao. Những người bị mê sảng có thể gặp các rối loạn tâm thần kinh khác bao gồm những thay đổi trong hoạt động tâm thần vận động (ví dụ: tăng động, giảm hoạt động hoặc mức độ hoạt động hỗn hợp), chu kỳ ngủ-thức bị gián đoạn, rối loạn cảm xúc, rối loạn ý thức hoặc thay đổi trạng thái ý thức, cũng như rối loạn nhận thức (ví dụ: ảo giác và ảo tưởng), mặc dù những đặc điểm này không cần thiết để chẩn đoán. Về mặt chẩn đoán, mê sảng bao gồm cả hội chứng lú lẫn cấp tính và quá trình cơ thể tiềm ẩn của nó, được gọi là bệnh não cấp tính. Nguyên nhân gây mê sảng có thể là một quá trình bệnh bên trong não hoặc một quá trình bên ngoài não nhưng vẫn ảnh hưởng đến não. Mê sảng có thể là kết quả của tình trạng bệnh lý tiềm ẩn (ví dụ: nhiễm trùng hoặc thiếu oxy), tác dụng phụ của thuốc như diphenhydramine, promethazine và dicyclomine, nhiễm độc chất (ví dụ: opioid hoặc thuốc mê sảng gây ảo giác), cai nghiện chất (ví dụ: rượu hoặc thuốc an thần) hoặc do nhiều yếu tố ảnh hưởng đến sức khỏe tổng thể của một người (ví dụ: suy dinh dưỡng, đau đớn, v.v.). Ngược lại, các đặc điểm cảm xúc và hành vi do rối loạn tâm thần nguyên phát (ví dụ như tâm thần phân liệt, rối loạn lưỡng cực) không đáp ứng các tiêu chuẩn chẩn đoán cho 'mê sảng'. Mê sảng có thể khó chẩn đoán nếu không thiết lập chức năng tâm thần thông thường hoặc 'cơ sở nhận thức' của một người trước tiên. Mê sảng có thể bị nhầm lẫn với nhiều rối loạn tâm thần hoặc hội chứng não hữu cơ mãn tính vì có nhiều dấu hiệu và triệu chứng chồng chéo với chứng mất trí, trầm cảm, rối loạn tâm thần, v.v. Mê sảng có thể xảy ra ở những người hiện có bệnh tâm thần, thiểu năng trí tuệ cơ bản hoặc sa sút trí tuệ, hoàn toàn không liên quan đến bất kỳ tình trạng nào trong số này. Mê sảng thường bị nhầm lẫn với tâm thần phân liệt, rối loạn tâm thần, hội chứng não hữu cơ, v.v. vì các dấu hiệu và triệu chứng tương tự của các rối loạn này. Điều trị mê sảng đòi hỏi phải xác định và quản lý các nguyên nhân cơ bản, kiểm soát các triệu chứng mê sảng và giảm nguy cơ biến chứng. Trong một số trường hợp, các phương pháp điều trị tạm thời hoặc triệu chứng được sử dụng để an ủi người bệnh hoặc cho phép thực hiện các biện pháp chăm sóc khác (ví dụ: ngăn người bệnh rút ống thở). Thuốc chống loạn thần không được hỗ trợ để điều trị hoặc phòng ngừa mê sảng ở những người đang nằm viện; tuy nhiên, chúng có thể được sử dụng trong trường hợp một người có trải nghiệm đau buồn như ảo giác hoặc nếu người đó gây nguy hiểm cho bản thân hoặc người khác. Khi mê sảng do rượu hoặc do cai thuốc an thần-gây ngủ, thuốc benzodiazepin thường được sử dụng như một phương pháp điều trị. Có bằng chứng cho thấy nguy cơ mê sảng ở người nhập viện có thể giảm bớt bằng các gói chăm sóc không dùng thuốc (xem Mê sảng § Phòng ngừa). Theo văn bản của DSM-5-TR, mặc dù mê sảng chỉ ảnh hưởng đến 1–2% tổng dân số, nhưng 18–35% người lớn đến bệnh viện sẽ bị mê sảng và mê sảng sẽ xảy ra ở 29–65% số người nhập viện. Mê sảng xảy ra ở 11–51% người lớn tuổi sau phẫu thuật, ở 81% những người ở ICU và ở 20–22% người ở viện dưỡng lão hoặc cơ sở chăm sóc sau cấp tính. Trong số những người cần được chăm sóc đặc biệt, mê sảng là yếu tố nguy cơ tử vong trong năm tới. Do sự nhầm lẫn giữa các dấu hiệu và triệu chứng tương tự của mê sảng với các rối loạn tâm thần kinh khác như tâm thần phân liệt và rối loạn tâm thần, việc điều trị mê sảng có thể khó khăn và thậm chí có thể khiến bệnh nhân tử vong do điều trị sai thuốc.	https://en.wikipedia.org/wiki/Delirium
D003967	Tiêu chảy	Diarrhea	Tiêu chảy (tiếng Anh Mỹ), còn được đánh vần là tiêu chảy (tiếng Anh Anh), là tình trạng đi tiêu ít nhất ba lần, phân lỏng hoặc phân nước trong một ngày. Nó thường kéo dài trong vài ngày và có thể dẫn đến mất nước do mất chất lỏng. Dấu hiệu mất nước thường bắt đầu bằng việc mất đi độ đàn hồi bình thường của da và có hành vi cáu kỉnh. Điều này có thể dẫn đến giảm đi tiểu, mất màu da, nhịp tim nhanh và giảm khả năng phản ứng khi tình trạng trở nên nghiêm trọng hơn. Tuy nhiên, phân lỏng nhưng không có nước ở trẻ bú mẹ hoàn toàn là điều bình thường. Nguyên nhân phổ biến nhất là nhiễm trùng đường ruột do virus, vi khuẩn hoặc ký sinh trùng - một tình trạng còn được gọi là viêm dạ dày ruột. Những bệnh nhiễm trùng này thường lây truyền từ thực phẩm hoặc nước bị ô nhiễm bởi phân hoặc trực tiếp từ người khác bị nhiễm bệnh. Ba loại tiêu chảy là: tiêu chảy phân nước trong thời gian ngắn, tiêu chảy ra máu trong thời gian ngắn và tiêu chảy kéo dài (kéo dài hơn hai tuần, có thể tiêu chảy ra nước hoặc có máu). Tiêu chảy phân nước trong thời gian ngắn có thể là do bệnh tả, mặc dù trường hợp này hiếm gặp ở các nước phát triển. Nếu có máu thì còn gọi là kiết lỵ. Một số nguyên nhân không nhiễm trùng có thể dẫn đến tiêu chảy. Chúng bao gồm không dung nạp lactose, tác dụng phụ của việc cai thuốc, hội chứng ruột kích thích, nhạy cảm với gluten không celiac, bệnh celiac, bệnh viêm ruột như viêm loét đại tràng, cường giáp, tiêu chảy do axit mật và một số loại thuốc. Trong hầu hết các trường hợp, không cần phải nuôi cấy phân để xác nhận nguyên nhân chính xác. Tiêu chảy có thể được ngăn ngừa bằng cách cải thiện vệ sinh, nước uống sạch và rửa tay bằng xà phòng. Nên cho con bú ít nhất sáu tháng và tiêm vắc-xin ngừa rotavirus. Dung dịch bù nước đường uống (ORS)—nước sạch với lượng muối và đường vừa phải—là phương pháp điều trị được lựa chọn. Viên kẽm cũng được khuyến khích. Những phương pháp điều trị này ước tính đã cứu được 50 triệu trẻ em trong 25 năm qua. Khi mọi người bị tiêu chảy, họ nên tiếp tục ăn thực phẩm lành mạnh và tiếp tục cho trẻ sơ sinh bú sữa mẹ. Nếu không có ORS thương mại, có thể sử dụng dung dịch tự chế. Ở những người bị mất nước nghiêm trọng, có thể cần truyền dịch tĩnh mạch. Tuy nhiên, hầu hết các trường hợp đều có thể được kiểm soát tốt bằng cách truyền dịch qua đường miệng. Thuốc kháng sinh, mặc dù hiếm khi được sử dụng, nhưng có thể được khuyên dùng trong một số trường hợp như những người bị tiêu chảy ra máu và sốt cao, những người bị tiêu chảy nặng sau khi đi du lịch và những người phát triển vi khuẩn hoặc ký sinh trùng cụ thể trong phân của họ. Loperamid có thể giúp giảm số lần đi tiêu nhưng không được khuyến cáo ở những người mắc bệnh nặng. Khoảng 1,7 đến 5 tỷ trường hợp tiêu chảy xảy ra mỗi năm. Bệnh này phổ biến nhất ở các nước đang phát triển, nơi trẻ nhỏ bị tiêu chảy trung bình ba lần một năm. Tổng số ca tử vong do tiêu chảy ước tính là 1,53 triệu vào năm 2019, giảm so với 2,9 triệu vào năm 1990. Năm 2012, đây là nguyên nhân gây tử vong phổ biến thứ hai ở trẻ dưới 5 tuổi (0,76 triệu hay 11%). Các đợt tiêu chảy thường xuyên cũng là nguyên nhân phổ biến gây suy dinh dưỡng và là nguyên nhân phổ biến nhất ở trẻ dưới 5 tuổi. Các vấn đề dài hạn khác có thể xảy ra bao gồm tăng trưởng chậm lại và phát triển trí tuệ kém.	https://en.wikipedia.org/wiki/Diarrhea
D003968	Tiêu chảy, Trẻ sơ sinh		Không tìm thấy mô tả.	
D004172	ngoại hình	Diplopia	Nhìn đôi là nhận thức đồng thời về hai hình ảnh của một vật thể có thể bị dịch chuyển so với nhau. Còn được gọi là nhìn đôi, đó là tình trạng mất tập trung thị giác trong điều kiện bình thường và thường là tự nguyện. Tuy nhiên, khi xảy ra ngoài ý muốn, nó là do chức năng của các cơ ngoại nhãn bị suy giảm, trong đó cả hai mắt vẫn hoạt động nhưng không thể quay sang nhắm vào vật thể mong muốn. Các vấn đề với các cơ này có thể là do các vấn đề cơ học, rối loạn khớp nối thần kinh cơ, rối loạn dây thần kinh sọ (III, IV và VI) chi phối các cơ và đôi khi là các rối loạn liên quan đến con đường vận động mắt siêu nhân hoặc nuốt phải chất độc. Nhìn đôi có thể là một trong những dấu hiệu đầu tiên của bệnh toàn thân, đặc biệt là đối với quá trình cơ bắp hoặc thần kinh và nó có thể phá vỡ khả năng giữ thăng bằng, vận động hoặc khả năng đọc của một người.	https://en.wikipedia.org/wiki/Diplopia
D004244	chóng mặt	Dizziness	Chóng mặt là một thuật ngữ không chính xác có thể ám chỉ cảm giác mất phương hướng trong không gian, chóng mặt hoặc choáng váng. Nó cũng có thể đề cập đến sự mất cân bằng hoặc một cảm giác không cụ thể, chẳng hạn như chóng mặt hoặc ngu ngốc. Chóng mặt là một khiếu nại y tế phổ biến, ảnh hưởng đến 20–30% số người. Chóng mặt được chia thành bốn loại chính: chóng mặt (~25–50%), mất thăng bằng (dưới ~15%), tiền ngất (dưới ~15%) và chóng mặt không đặc hiệu (~10%).  Chóng mặt là cảm giác quay tròn hoặc khiến mọi thứ xung quanh xoay quanh họ. Nhiều người cảm thấy chóng mặt rất đáng lo ngại và thường có cảm giác buồn nôn và ói mửa. Tiền ngất mô tả tình trạng choáng váng hoặc cảm thấy ngất xỉu; cái tên liên quan đến ngất xỉu, thực chất là ngất xỉu. Mất cân bằng là cảm giác mất thăng bằng và thường được đặc trưng bởi việc thường xuyên ngã theo một hướng cụ thể.  Tình trạng này thường không kèm theo buồn nôn hoặc nôn. Chóng mặt không đặc hiệu như chóng mặt dai dẳng về tư thế-nhận thức có thể có nguồn gốc tâm thần.  Đó là một chẩn đoán loại trừ và đôi khi có thể xảy ra do tăng thông khí.	https://en.wikipedia.org/wiki/Dizziness
D004314	Hội chứng Down	Down syndrome	Hội chứng Down hay hội chứng Down, còn gọi là trisomy 21, là một rối loạn di truyền do sự hiện diện của toàn bộ hoặc một phần bản sao thứ ba của nhiễm sắc thể 21. Bệnh này thường liên quan đến tình trạng chậm phát triển, thiểu năng trí tuệ ở mức độ nhẹ đến trung bình và các đặc điểm thể chất đặc trưng. Cha mẹ của người bị ảnh hưởng thường có di truyền bình thường. Tỷ lệ mắc hội chứng này tăng theo tuổi của người mẹ, từ dưới 0,1% đối với bà mẹ 20 tuổi đến 3% đối với những bà mẹ 45 tuổi. Người ta cho rằng hội chứng này xảy ra ngẫu nhiên, không có hoạt động hành vi hoặc yếu tố môi trường nào được biết đến làm thay đổi xác suất. Ba dạng di truyền khác nhau đã được xác định. Phổ biến nhất là trisomy 21, liên quan đến việc có thêm một bản sao nhiễm sắc thể 21 trong tất cả các tế bào. Nhiễm sắc thể bổ sung được cung cấp khi thụ thai khi trứng và tinh trùng kết hợp. Hội chứng Down chuyển vị liên quan đến việc gắn thêm chất liệu nhiễm sắc thể 21. Trong 1–2% trường hợp, nhiễm sắc thể bổ sung được thêm vào ở giai đoạn phôi thai và chỉ ảnh hưởng đến một số tế bào trong cơ thể; điều này được gọi là hội chứng Down khảm. Hội chứng Down có thể được xác định trong thời kỳ mang thai bằng sàng lọc trước sinh, sau đó là xét nghiệm chẩn đoán hoặc sau khi sinh bằng quan sát trực tiếp và xét nghiệm di truyền. Kể từ khi áp dụng sàng lọc, thai kỳ mắc hội chứng Down thường bị phá thai (tỷ lệ thay đổi từ 50 đến 85% tùy thuộc vào tuổi mẹ, tuổi thai và chủng tộc/dân tộc của mẹ). Không có cách chữa trị hội chứng Down. Giáo dục và chăm sóc thích hợp đã được chứng minh là mang lại chất lượng cuộc sống tốt hơn. Một số trẻ mắc hội chứng Down được học trong các lớp học thông thường, trong khi những trẻ khác cần được giáo dục chuyên biệt hơn. Một số người mắc hội chứng Down tốt nghiệp trung học và một số ít theo học chương trình giáo dục sau trung học. Ở tuổi trưởng thành, khoảng 20% ​​ở Hoa Kỳ làm một số công việc được trả lương, trong đó nhiều công việc đòi hỏi phải có môi trường làm việc được che chở. Sự hỗ trợ của người chăm sóc trong các vấn đề tài chính và pháp lý thường là cần thiết. Tuổi thọ ở các nước phát triển là khoảng 50 đến 60 năm nếu được chăm sóc sức khỏe phù hợp. Nên kiểm tra thường xuyên các vấn đề sức khoẻ thường gặp trong hội chứng Down trong suốt cuộc đời của người đó. Hội chứng Down là bất thường về nhiễm sắc thể phổ biến nhất, xảy ra ở khoảng 1 trên 1.000 trẻ sinh ra trên toàn thế giới và 1 trên 700 trẻ ở Mỹ. Năm 2015, có 5,4 triệu người mắc hội chứng Down trên toàn cầu, trong đó có 27.000 người chết, giảm so với 43.000 ca tử vong vào năm 1990. Hội chứng này được đặt theo tên của bác sĩ người Anh John Langdon Down, người đã cống hiến hành nghề y của mình cho mục đích này. Một số khía cạnh đã được bác sĩ tâm thần người Pháp Jean-Étienne Dominique Esquirol mô tả trước đó vào năm 1838 và bác sĩ người Pháp Édouard Séguin vào năm 1844. Nguyên nhân di truyền được phát hiện vào năm 1959.	https://en.wikipedia.org/wiki/Down_syndrome
D004401	Chứng khó nói	Dysarthria	"Chứng khó nói là một rối loạn âm thanh lời nói do tổn thương thần kinh của thành phần vận động của hệ thống vận động-lời nói và được đặc trưng bởi khả năng phát âm kém của các âm vị. Những người bị ảnh hưởng thiếu khả năng kiểm soát đầy đủ các cơ dùng cho lời nói để phát âm các từ một cách rõ ràng. Chứng khó nói không liên quan đến các vấn đề về hiểu ngôn ngữ (nghĩa là chứng khó đọc hoặc mất ngôn ngữ), mặc dù một người có thể mắc cả hai. Bất kỳ hệ thống phụ nào của giọng nói (hô hấp, phát âm, cộng hưởng, nhịp điệu và phát âm) đều có thể bị ảnh hưởng, dẫn đến suy giảm khả năng hiểu, khả năng nghe, tính tự nhiên và hiệu quả của giao tiếp bằng giọng nói. Chứng khó nói đã tiến triển đến mức mất hoàn toàn khả năng nói được gọi là chứng anarthria. Thuật ngữ dysarthria được hình thành từ các thành phần tiếng Hy Lạp dys- ""rối loạn chức năng, suy giảm"" và arthr- ""khớp, phát âm"". Chấn thương thần kinh do tổn thương ở hệ thần kinh trung ương hoặc ngoại biên có thể dẫn đến yếu, tê liệt hoặc thiếu sự phối hợp của hệ thống vận động-lời nói, gây ra chứng khó nói. Những tác động này lần lượt cản trở việc kiểm soát lưỡi, cổ họng, môi hoặc phổi; ví dụ, các vấn đề về nuốt (khó nuốt) cũng thường xuất hiện ở những người mắc chứng khó nuốt. Các dây thần kinh sọ điều khiển các cơ liên quan đến chứng khó phát âm bao gồm nhánh vận động của dây thần kinh sinh ba (V), dây thần kinh mặt (VII), dây thần kinh thiệt hầu (IX), dây thần kinh phế vị (X) và dây thần kinh hạ thiệt (XII). Chứng khó nói không bao gồm các rối loạn ngôn ngữ do các bất thường về cấu trúc, chẳng hạn như hở hàm ếch và không được nhầm lẫn với chứng mất khả năng nói, đề cập đến các vấn đề trong khía cạnh lập kế hoạch và lập trình của hệ thống vận động-lời nói. Giống như thuật ngữ ""phát âm"" có thể có nghĩa là ""lời nói"" hoặc ""chuyển động khớp"", dạng kết hợp của arthr cũng giống như các thuật ngữ ""chứng khó nói"", ""chứng khó nói"" và ""bệnh khớp""; thuật ngữ ""chứng khó nói"" thường được dành riêng cho vấn đề về giọng nói và không được dùng để chỉ bệnh khớp, trong khi ""chứng khó nói"" có cả hai giác quan nhưng thường đề cập đến bệnh khớp."	https://en.wikipedia.org/wiki/Dysarthria
D004408	Chứng loạn vị giác	Dysgeusia	Chứng khó đọc, còn được gọi là parageusia, là một dạng biến dạng của cảm giác vị giác. Chứng khó đọc cũng thường liên quan đến chứng mất vị giác, tức là hoàn toàn thiếu vị giác, và chứng giảm vị giác, tức là sự giảm độ nhạy cảm vị giác. Sự thay đổi về vị giác hoặc khứu giác có thể là quá trình thứ phát ở nhiều tình trạng bệnh khác nhau hoặc có thể là triệu chứng chính. Sự biến dạng về vị giác là triệu chứng duy nhất và việc chẩn đoán thường phức tạp vì vị giác gắn liền với các hệ thống cảm giác khác. Các nguyên nhân phổ biến gây ra chứng loạn vị giác bao gồm hóa trị, điều trị hen suyễn bằng albuterol và thiếu kẽm. Bệnh gan, suy giáp và hiếm gặp một số loại động kinh cũng có thể dẫn đến chứng khó đọc. Các loại thuốc khác nhau cũng có thể là nguyên nhân làm thay đổi vị giác và dẫn đến chứng khó đọc. Do có nhiều nguyên nhân gây ra chứng khó đọc nên có nhiều phương pháp điều trị có thể có hiệu quả trong việc giảm bớt hoặc chấm dứt các triệu chứng. Chúng bao gồm nước bọt nhân tạo, pilocarpine, bổ sung kẽm, thay đổi liệu pháp dùng thuốc và axit alpha lipoic.	https://en.wikipedia.org/wiki/Dysgeusia
D004409	Rối loạn vận động, do thuốc gây ra		Không tìm thấy mô tả.	
D004410	chứng khó đọc	Dyslexia	"Chứng khó đọc, còn được gọi là mù từ, là một khuyết tật học tập ảnh hưởng đến khả năng đọc, viết hoặc nói. Những người khác nhau bị ảnh hưởng ở mức độ khác nhau. Các vấn đề có thể bao gồm khó khăn trong việc đánh vần các từ, đọc nhanh, viết từ, ""phát âm"" các từ trong đầu, phát âm các từ khi đọc to và hiểu những gì mình đọc. Thường thì những khó khăn này lần đầu tiên được nhận thấy ở trường. Những khó khăn là không tự nguyện và những người mắc chứng rối loạn này thường có mong muốn học hỏi. Những người mắc chứng khó đọc có tỷ lệ mắc chứng rối loạn tăng động giảm chú ý (ADHD), rối loạn ngôn ngữ phát triển và gặp khó khăn với các con số cao hơn. Chứng khó đọc được cho là do sự tương tác giữa các yếu tố di truyền và môi trường. Một số trường hợp di truyền trong gia đình. Chứng khó đọc phát triển do chấn thương sọ não, đột quỵ hoặc mất trí nhớ đôi khi được gọi là ""chứng khó đọc mắc phải"" hoặc chứng mất khả năng đọc. Cơ chế cơ bản của chứng khó đọc là do sự khác biệt trong quá trình xử lý ngôn ngữ của não. Chứng khó đọc được chẩn đoán thông qua một loạt các bài kiểm tra về trí nhớ, thị giác, đánh vần và kỹ năng đọc. Chứng khó đọc khác với khó khăn về đọc do các vấn đề về thính giác hoặc thị giác hoặc do không được giảng dạy hoặc có cơ hội học tập không đầy đủ. Điều trị bao gồm việc điều chỉnh phương pháp giảng dạy để đáp ứng nhu cầu của người đó. Mặc dù không chữa khỏi được vấn đề cơ bản nhưng nó có thể làm giảm mức độ hoặc tác động của các triệu chứng. Các phương pháp điều trị nhắm vào thị lực không hiệu quả. Chứng khó đọc là khuyết tật học tập phổ biến nhất và xảy ra ở mọi nơi trên thế giới. Nó ảnh hưởng đến 3–7% dân số; tuy nhiên, có tới 20% dân số nói chung có thể có một số mức độ triệu chứng. Trong khi chứng khó đọc thường được chẩn đoán ở các bé trai nhiều hơn, điều này một phần được giải thích bởi sự thiên vị giới thiệu tự thỏa mãn của các giáo viên và các chuyên gia. Thậm chí còn có ý kiến ​​​​cho rằng tình trạng này ảnh hưởng đến nam giới và phụ nữ như nhau. Một số người tin rằng chứng khó đọc tốt nhất nên được coi là một cách học khác, có cả lợi ích và nhược điểm."	https://en.wikipedia.org/wiki/Dyslexia
D004411	Chứng khó đọc, mắc phải		Không tìm thấy mô tả.	
D004412	Đau bụng kinh	Dysmenorrhea	Đau bụng kinh hay còn gọi là đau bụng kinh, đau bụng kinh hay đau bụng kinh là tình trạng đau đớn trong kỳ kinh nguyệt. Sự khởi phát thông thường của nó xảy ra vào khoảng thời gian bắt đầu có kinh nguyệt. Các triệu chứng thường kéo dài ít hơn ba ngày. Cơn đau thường ở vùng xương chậu hoặc vùng bụng dưới. Các triệu chứng khác có thể bao gồm đau lưng, tiêu chảy hoặc buồn nôn. Đau bụng kinh có thể xảy ra mà không có vấn đề tiềm ẩn. Các vấn đề cơ bản có thể gây ra đau bụng kinh bao gồm u xơ tử cung, u tuyến và phổ biến nhất là lạc nội mạc tử cung. Nó phổ biến hơn ở những người có kinh nguyệt nhiều, kinh nguyệt không đều, những người có kinh nguyệt bắt đầu trước 12 tuổi và những người có trọng lượng cơ thể thấp. Khám vùng chậu và siêu âm ở những người có hoạt động tình dục có thể hữu ích cho việc chẩn đoán. Các tình trạng cần được loại trừ bao gồm chửa ngoài tử cung, bệnh viêm vùng chậu, viêm bàng quang kẽ và đau vùng chậu mãn tính. Đau bụng kinh ít xảy ra hơn ở những người tập thể dục thường xuyên và những người có con sớm. Điều trị có thể bao gồm việc sử dụng miếng đệm sưởi ấm. Các loại thuốc có thể giúp ích bao gồm NSAID như ibuprofen, thuốc tránh thai nội tiết tố và vòng tránh thai có chứa progestogen. Uống vitamin B1 hoặc magie có thể giúp ích. Bằng chứng về yoga, châm cứu và xoa bóp là không đủ. Phẫu thuật có thể hữu ích nếu có một số vấn đề tiềm ẩn. Ước tính tỷ lệ phần trăm nữ thanh thiếu niên và phụ nữ trong độ tuổi sinh sản bị ảnh hưởng là từ 50% đến 90%, và Tổ chức Quan tâm về Sức khỏe Phụ nữ ước tính con số này là khoảng 80%. Đây là rối loạn kinh nguyệt phổ biến nhất. Thông thường, nó bắt đầu trong vòng một năm kể từ kỳ kinh nguyệt đầu tiên. Khi không có nguyên nhân cơ bản, cơn đau thường cải thiện theo tuổi tác hoặc sau khi sinh con.	https://en.wikipedia.org/wiki/Dysmenorrhea
D004415	khó tiêu	Indigestion	"Khó tiêu, còn được gọi là chứng khó tiêu hoặc đau bụng, là tình trạng rối loạn tiêu hóa. Các triệu chứng có thể bao gồm đầy bụng trên, ợ nóng, buồn nôn, ợ hơi, đầy hơi hoặc đau bụng trên. Mọi người cũng có thể cảm thấy no sớm hơn dự kiến ​​khi ăn. Khó tiêu là tình trạng tương đối phổ biến, ảnh hưởng đến 20% số người tại một thời điểm nào đó trong cuộc đời và thường do bệnh trào ngược dạ dày thực quản (GERD) hoặc viêm dạ dày gây ra. Chứng khó tiêu được phân loại thành chứng khó tiêu ""hữu cơ"" hoặc ""chứng khó tiêu chức năng"", nhưng việc chẩn đoán có thể là thách thức đối với các bác sĩ. Khó tiêu hữu cơ là kết quả của một căn bệnh tiềm ẩn, chẳng hạn như viêm dạ dày, bệnh loét dạ dày tá tràng (loét dạ dày hoặc tá tràng) hoặc ung thư. Khó tiêu chức năng (trước đây gọi là chứng khó tiêu không loét) là chứng khó tiêu mà không có bằng chứng về bệnh lý tiềm ẩn. Chứng khó tiêu chức năng được ước tính ảnh hưởng đến khoảng 15% dân số nói chung ở các nước phương Tây và chiếm phần lớn các trường hợp khó tiêu. Ở những bệnh nhân từ 60 tuổi trở lên hoặc có các triệu chứng đáng lo ngại như khó nuốt, sụt cân hoặc mất máu, nên nội soi (thủ thuật trong đó một camera gắn vào một ống mềm được đưa xuống cổ họng và vào dạ dày) để đánh giá thêm và tìm ra nguyên nhân tiềm ẩn. Ở những bệnh nhân dưới 60 tuổi, nên xét nghiệm vi khuẩn H. pylori và nếu dương tính thì nên điều trị nhiễm trùng."	https://en.wikipedia.org/wiki/Indigestion
D004417	khó thở	Shortness of breath	"Khó thở (SOB), được gọi là khó thở (trong AmE) hoặc khó thở (trong BrE), là một cảm giác khó chịu khi không thể thở đủ tốt. Hiệp hội Lồng ngực Hoa Kỳ định nghĩa nó là ""một trải nghiệm chủ quan về cảm giác khó thở bao gồm các cảm giác khác biệt về mặt chất lượng có cường độ khác nhau"" và khuyến nghị đánh giá chứng khó thở bằng cách đánh giá cường độ của các cảm giác riêng biệt, mức độ đau khổ và khó chịu liên quan cũng như gánh nặng hoặc tác động của nó đối với các hoạt động sinh hoạt hàng ngày của bệnh nhân. Những cảm giác đặc biệt bao gồm nỗ lực/làm việc để thở, tức ngực hoặc đau và ""đói không khí"" (cảm giác không đủ oxy). Vị trí chân máy thường được cho là một dấu hiệu. Khó thở là triệu chứng bình thường khi gắng sức nặng nhưng sẽ trở thành bệnh lý nếu xảy ra trong những tình huống bất ngờ, khi nghỉ ngơi hoặc khi gắng sức nhẹ. Trong 85% trường hợp là do hen suyễn, viêm phổi, trào ngược thanh quản, thiếu máu cục bộ cơ tim, COVID-19, bệnh phổi kẽ, suy tim sung huyết, bệnh phổi tắc nghẽn mạn tính hoặc nguyên nhân tâm lý, chẳng hạn như rối loạn hoảng sợ và lo lắng (xem Bệnh tâm lý và Đau do tâm lý). Cách điều trị tốt nhất để làm giảm hoặc thậm chí loại bỏ tình trạng khó thở thường phụ thuộc vào nguyên nhân cơ bản."	https://en.wikipedia.org/wiki/Shortness_of_breath
D004418	Khó thở, cơn kịch phát		Không tìm thấy mô tả.	
D004421	loạn trương lực cơ	Dystonia	Dystonia là một rối loạn vận động tăng động thần kinh, trong đó các cơn co thắt cơ kéo dài hoặc lặp đi lặp lại xảy ra một cách không chủ ý, dẫn đến các chuyển động xoắn và lặp đi lặp lại hoặc các tư thế cố định bất thường. Các chuyển động có thể giống như một cơn chấn động. Chứng loạn trương lực cơ thường trở nên trầm trọng hơn hoặc trầm trọng hơn do hoạt động thể chất và các triệu chứng có thể tiến triển sang các cơ lân cận. Rối loạn này có thể là do di truyền hoặc do các yếu tố khác gây ra như chấn thương thể chất hoặc liên quan đến sinh nở, nhiễm trùng, ngộ độc (ví dụ: ngộ độc chì) hoặc phản ứng với thuốc dược phẩm, đặc biệt là thuốc an thần kinh hoặc căng thẳng. Việc điều trị phải được tùy chỉnh cao theo nhu cầu của từng cá nhân và có thể bao gồm thuốc uống, tiêm độc tố thần kinh botulinum bảo tồn hóa chất, vật lý trị liệu hoặc các liệu pháp hỗ trợ khác và các thủ tục phẫu thuật như kích thích não sâu.	https://en.wikipedia.org/wiki/Dystonia
D004433	Đau tai	Ear pain	Đau tai hay còn gọi là đau tai hoặc đau tai là tình trạng đau ở tai. Đau tai nguyên phát là cơn đau bắt nguồn từ tai. Đau tai thứ phát là một loại đau quy chiếu, nghĩa là nguồn gốc của cơn đau khác với vị trí cảm nhận được cơn đau. Hầu hết các nguyên nhân gây đau tai đều không nguy hiểm đến tính mạng. Đau tai nguyên phát phổ biến hơn đau tai thứ phát và thường do nhiễm trùng hoặc chấn thương. Các tình trạng gây đau tai thứ phát (được gọi là) rất đa dạng và bao gồm từ hội chứng khớp thái dương hàm đến viêm họng. Nói chung, nguyên nhân gây đau tai có thể được phát hiện bằng cách hỏi kỹ bệnh sử của tất cả các triệu chứng và thực hiện khám thực thể mà không cần các công cụ hình ảnh như chụp CT. Tuy nhiên, có thể cần phải kiểm tra thêm nếu có dấu hiệu cảnh báo như mất thính giác, chóng mặt, ù tai hoặc giảm cân đột ngột. Việc điều trị đau tai phụ thuộc vào nguyên nhân. Nếu bị nhiễm trùng do vi khuẩn, thuốc kháng sinh đôi khi được khuyên dùng và thuốc giảm đau không kê đơn có thể giúp kiểm soát sự khó chịu. Một số nguyên nhân gây đau tai cần phải thực hiện thủ thuật hoặc phẫu thuật. 83% trẻ em bị nhiễm trùng tai giữa ít nhất một lần khi được 3 tuổi.	https://en.wikipedia.org/wiki/Ear_pain
D004438	vết bầm máu	Bruise	"Vết bầm tím, còn được gọi là nhiễm trùng, là một loại tụ máu mô, nguyên nhân phổ biến nhất là do mao mạch bị tổn thương do chấn thương, gây chảy máu cục bộ lan ra các mô kẽ xung quanh. Hầu hết các vết bầm tím xảy ra đủ gần lớp biểu bì nên việc chảy máu gây ra sự đổi màu rõ rệt. Vết bầm sau đó vẫn còn nhìn thấy được cho đến khi máu được các mô hấp thụ hoặc được loại bỏ nhờ hoạt động của hệ thống miễn dịch. Những vết bầm tím không mờ đi khi bị áp lực có thể liên quan đến các mao mạch ở cấp độ da, mô dưới da, cơ hoặc xương.  Không nên nhầm lẫn vết bầm tím với các tổn thương có hình dạng tương tự khác. Những tổn thương như vậy bao gồm đốm xuất huyết (nhỏ hơn 3 mm (0,12 in), do nhiều nguyên nhân khác nhau và đa dạng như phản ứng bất lợi của thuốc như warfarin, căng thẳng, ngạt thở, rối loạn tiểu cầu và các bệnh như cytomegalovirus); và ban xuất huyết (3–10 mm (0,12–0,39 in)), được phân loại là ban xuất huyết sờ thấy được hoặc ban xuất huyết không sờ thấy được và chỉ ra các tình trạng bệnh lý khác nhau như giảm tiểu cầu. Ngoài ra, mặc dù nhiều sơ đồ thuật ngữ coi vết bầm tím (số nhiều, vết bầm máu) (trên 1 cm (0,39 in)) đồng nghĩa với vết bầm tím, nhưng trong một số lược đồ khác, vết bầm tím được phân biệt bởi sự xa xôi với nguồn và nguyên nhân gây chảy máu, với máu mổ xẻ qua các mặt phẳng mô và lắng đọng ở một khu vực cách xa vị trí chấn thương hoặc thậm chí không phải bệnh lý, chẳng hạn như vết bầm máu quanh ổ mắt (""mắt gấu trúc""), phát sinh từ gãy xương sọ nền hoặc từ u nguyên bào thần kinh. Là một loại tụ máu, vết bầm tím luôn là do chảy máu bên trong vào các mô kẽ không xuyên qua da, thường bắt đầu bằng chấn thương cùn, gây tổn thương thông qua lực nén và lực giảm tốc. Chấn thương đến mức gây bầm tím có thể xảy ra trong nhiều tình huống khác nhau bao gồm tai nạn, té ngã và phẫu thuật. Các tình trạng bệnh như tiểu cầu không đủ hoặc bị trục trặc, các thiếu sót đông máu khác hoặc rối loạn mạch máu, chẳng hạn như tắc nghẽn tĩnh mạch liên quan đến dị ứng nghiêm trọng có thể dẫn đến hình thành ban xuất huyết, không nên nhầm lẫn với vết bầm tím/đụng dập liên quan đến chấn thương. Nếu chấn thương đến mức làm rách da và khiến máu thoát ra khỏi các mô kẽ thì vết thương không phải là vết bầm tím mà là chảy máu, một dạng xuất huyết khác. Những vết thương như vậy có thể kèm theo vết bầm tím ở nơi khác."	https://en.wikipedia.org/wiki/Bruise
D004454	Echolalia	Echolalia	"Echolalia là sự lặp lại giọng nói của người khác; khi được lặp lại bởi cùng một người, nó được gọi là palilalia. Ở dạng sâu sắc, nó diễn ra tự động và dễ dàng. Đó là một trong những hiện tượng vang vọng, có liên quan chặt chẽ với chứng echopraxia, sự lặp lại tự động các chuyển động do người khác thực hiện; cả hai đều là ""tập hợp con của hành vi bắt chước"", theo đó âm thanh hoặc hành động được bắt chước ""mà không có nhận thức rõ ràng"". Echolalia có thể là một phản ứng ngay lập tức đối với một kích thích hoặc có thể bị trì hoãn. Echolalia xảy ra trong nhiều trường hợp rối loạn phổ tự kỷ, ADHD và hội chứng Tourette. Nó cũng có thể xảy ra trong một số tình trạng thần kinh khác như một số dạng mất trí nhớ hoặc chứng mất ngôn ngữ liên quan đến đột quỵ. Từ ""echolalia"" có nguồn gốc từ tiếng Hy Lạp ἠχώ (ēchō), có nghĩa là ""tiếng vang"" hoặc ""lặp lại"", và λαλιά (laliá) có nghĩa là ""lời nói"" hoặc ""cuộc nói chuyện"" (có nguồn gốc từ tượng thanh, từ động từ λαλέω (laléo), có nghĩa là ""nói chuyện"")."	https://en.wikipedia.org/wiki/Echolalia
D004487	phù nề	Edema	Phù (tiếng Anh Mỹ) hoặc phù nề (tiếng Anh khối thịnh vượng chung), còn được gọi là cổ chướng, thủy đậu, ứ nước hoặc đơn giản là sưng tấy, là sự tích tụ chất lỏng trong mô cơ thể. Thông thường nhất, chân hoặc cánh tay bị ảnh hưởng. Bên cạnh tình trạng sưng tấy có thể quan sát được, các triệu chứng có thể bao gồm cảm giác da căng, vùng đó có cảm giác nặng nề và cứng khớp. Các triệu chứng khác phụ thuộc vào nguyên nhân cơ bản. Các nguyên nhân có thể bao gồm suy tĩnh mạch, suy tim, các vấn đề về thận, nồng độ protein thấp, các vấn đề về gan, huyết khối tĩnh mạch sâu, nhiễm trùng, kwashiorkor, phù mạch, một số loại thuốc và phù bạch huyết. Nó cũng có thể xảy ra ở những người bất động (do đột quỵ, chấn thương tủy sống hoặc lão hóa), thậm chí là tạm thời (do ngồi hoặc đứng lâu) và trong thời kỳ kinh nguyệt hoặc mang thai. Tình trạng này đáng lo ngại hơn nếu nó bắt đầu đột ngột hoặc nếu có đau hoặc khó thở. Điều trị phụ thuộc vào nguyên nhân cơ bản. Nếu cơ chế cơ bản liên quan đến việc giữ natri, có thể giảm lượng muối ăn vào và sử dụng thuốc lợi tiểu. Kê cao chân và đi tất hỗ trợ có thể hữu ích khi bị phù chân. Người lớn tuổi thường bị ảnh hưởng nhiều hơn. Từ này có nguồn gốc từ tiếng Hy Lạp cổ οἴδημα oídēma ('sưng').	https://en.wikipedia.org/wiki/Edema
D004489	Phù nề, tim mạch		Không tìm thấy mô tả.	
D004614	hốc hác	Emaciation	Hốc hác được định nghĩa là tình trạng cực kỳ gầy do không có mỡ trong cơ thể và teo cơ thường do suy dinh dưỡng.	https://en.wikipedia.org/wiki/Emaciation
D004688	mã hóa	Encopresis	Encopresis (từ tiếng Hy Lạp cổ ἐγκόπρησις, enkóprēsis) là việc trẻ đi tiêu nhiều lần ở những nơi không thích hợp, được kỳ vọng là sẽ được huấn luyện đi vệ sinh về mặt phát triển. Thuật ngữ này được sử dụng phổ biến nhất để mô tả tình trạng ứ phân liên quan đến táo bón mãn tính và tình trạng tiểu không tự chủ, mặc dù nó cũng có thể đề cập đến tình trạng ứ phân không đọng lại mà không bị táo bón. Trong các hệ thống phân loại tâm thần như DSM-5, chứng encopresis được phân loại là rối loạn đào thải. Thuật ngữ này thường được áp dụng cho trẻ em và khi có triệu chứng ở người lớn, nó thường được gọi là tình trạng són phân (bao gồm ỉa phân, rò rỉ phân hoặc rò rỉ phân).	https://en.wikipedia.org/wiki/Encopresis
D004884	sự cương cứng	Belching	Ợ hơi (còn gọi là ợ hơi và ợ hơi) là sự giải phóng khí có thể nghe được từ đường tiêu hóa trên (thực quản và dạ dày) của con người và các động vật khác vào hầu họng và thường thoát ra ngoài qua miệng. Ở người, ợ hơi có thể do quá trình ăn uống bình thường hoặc do tác dụng phụ của các tình trạng bệnh lý khác. Khi ợ hơi quá mức, nó có thể được xếp vào loại rối loạn ợ hơi, một trong những rối loạn dạ dày tá tràng. Ợ hơi là triệu chứng thường gặp của bệnh trào ngược dạ dày thực quản (GERD) nhưng điều này khác với chứng ợ hơi. Có nhiều mức độ chấp nhận của xã hội đối với việc ợ hơi: trong những bối cảnh và nền văn hóa nhất định, việc ợ hơi có thể được chấp nhận. Trong một số nền văn hóa và tình huống, nó thậm chí có thể bị coi là hài hước, trong khi ở những nền văn hóa và tình huống khác, nó bị coi là bất lịch sự hoặc thậm chí gây khó chịu và do đó không thể chấp nhận được. Trẻ sơ sinh thường tích tụ khí khi bú và khí này cần được thoát ra ngoài bằng cách ợ hơi. Làm em bé ợ hơi là biểu hiện phổ biến. Ợ hơi cũng rất phổ biến ở các loài động vật có vú khác. Đặc biệt, việc ợ hơi của động vật nhai lại được thuần hóa, chẳng hạn như bò hoặc cừu, là tác nhân chính gây ra khí thải mêtan và có thể có tác động tiêu cực đến môi trường. Nghiên cứu quan trọng đang được thực hiện để tìm ra các chiến lược giảm thiểu hiện tượng ợ hơi ở động vật nhai lại, chẳng hạn như bằng cách thay đổi chế độ ăn của động vật bằng Asparagopsis taxiformis, một loại tảo đỏ.	https://en.wikipedia.org/wiki/Belching
D005130	Xuất huyết mắt		Không tìm thấy mô tả.	
D005132	Biểu hiện ở mắt		Không tìm thấy mô tả.	
D005157	Đau mặt		Không tìm thấy mô tả.	
D005158	Liệt mặt		Không tìm thấy mô tả.	
D005183	Thất bại trong việc phát triển		Không tìm thấy mô tả.	
D005207	sự mê hoặc	Fasciculation	Co giật cơ, hay co giật cơ, là sự co và giãn cơ tự phát, không tự chủ, liên quan đến các sợi cơ mịn. Chúng rất phổ biến, có tới 70% số người gặp phải chúng. Chúng có thể lành tính hoặc liên quan đến các tình trạng nghiêm trọng hơn.  Khi không xác định được nguyên nhân hoặc bệnh lý, chúng được chẩn đoán là hội chứng bó cứng lành tính.	https://en.wikipedia.org/wiki/Fasciculation
D005221	Mệt mỏi	Fatigue	Mệt mỏi là tình trạng không có năng lượng trong một thời gian dài. Từ mệt mỏi được sử dụng trong hai bối cảnh: theo nghĩa y học và theo nghĩa mệt mỏi thông thường. Theo nghĩa y học, mệt mỏi được coi là một triệu chứng và đôi khi liên quan đến các tình trạng bệnh lý bao gồm bệnh tự miễn, suy nội tạng, rối loạn tâm trạng, bệnh tim, bệnh truyền nhiễm và tình trạng hậu nhiễm trùng. Tuy nhiên, tình trạng mệt mỏi rất phức tạp và có tới 1/3 số trường hợp chăm sóc ban đầu không tìm thấy chẩn đoán y tế hoặc tâm thần. Với cảm giác mệt mỏi, sự mệt mỏi thường kéo theo sau hoạt động thể chất hoặc tinh thần kéo dài. Mệt mỏi về thể chất là kết quả của tình trạng mỏi cơ do hoạt động thể chất cường độ cao. Mệt mỏi về tinh thần là kết quả của hoạt động nhận thức kéo dài làm suy giảm khả năng nhận thức, có thể biểu hiện dưới dạng buồn ngủ, thờ ơ hoặc mệt mỏi do chú ý và cũng có thể làm giảm hiệu suất thể chất.	https://en.wikipedia.org/wiki/Fatigue
D005222	Mệt mỏi tinh thần		Không tìm thấy mô tả.	
D005262	nữ tính hóa	Feminization	"Nữ tính hóa thường đề cập đến: Nữ tính hóa (xã hội học), một sự thay đổi xã hội về vai trò giới tính theo hướng đặc trưng ""nữ"" Nữ tính hóa (sinh học), sự phát triển nội tiết tố của các đặc điểm tình dục nữ Nữ tính hóa (hoạt động tình dục), thực hành tình dục hoặc lối sống trong đó một người đảm nhận vai trò nữ giới Nữ tính hóa cũng có thể đề cập đến:"	https://en.wikipedia.org/wiki/Feminization
D005311	Thiếu oxy bào thai		Không tìm thấy mô tả.	
D005316	Suy thai		Không tìm thấy mô tả.	
D005320	Thai to		Không tìm thấy mô tả.	
D005334	Sốt	Fever	"Sốt hoặc sốt ở người là triệu chứng của cơ chế bảo vệ chống nhiễm trùng xuất hiện khi nhiệt độ cơ thể vượt quá mức bình thường do nhiệt độ cơ thể tăng lên ở vùng dưới đồi. Không có giới hạn trên được thống nhất duy nhất cho nhiệt độ bình thường: các nguồn sử dụng các giá trị nằm trong khoảng từ 37,2 đến 38,3 °C (99,0 đến 100,9 °F) ở người. Sự gia tăng điểm đặt sẽ kích hoạt các cơn co thắt cơ tăng lên và gây ra cảm giác ớn lạnh hoặc ớn lạnh. Điều này dẫn đến sản sinh nhiệt nhiều hơn và nỗ lực tiết kiệm nhiệt. Khi nhiệt độ cài đặt trở lại bình thường, một người sẽ cảm thấy nóng, đỏ bừng mặt và có thể bắt đầu đổ mồ hôi. Hiếm khi sốt có thể gây co giật do sốt, tình trạng này phổ biến hơn ở trẻ nhỏ. Sốt thường không cao hơn 41 đến 42 °C (106 đến 108 °F). Sốt có thể do nhiều tình trạng bệnh lý gây ra, từ không nghiêm trọng đến đe dọa tính mạng. Điều này bao gồm các bệnh nhiễm trùng do virus, vi khuẩn và ký sinh trùng — chẳng hạn như cúm, cảm lạnh thông thường, viêm màng não, nhiễm trùng đường tiết niệu, viêm ruột thừa, sốt Lassa, COVID-19 và sốt rét. Các nguyên nhân không nhiễm trùng bao gồm viêm mạch, huyết khối tĩnh mạch sâu, bệnh mô liên kết, tác dụng phụ của thuốc hoặc tiêm chủng và ung thư. Nó khác với tăng thân nhiệt, ở chỗ tăng thân nhiệt là sự gia tăng nhiệt độ cơ thể so với điểm nhiệt độ cài đặt, do sản sinh quá nhiều nhiệt hoặc mất nhiệt không đủ. Điều trị để hạ sốt thường không cần thiết. Tuy nhiên, việc điều trị chứng đau và viêm liên quan có thể hữu ích và giúp người bệnh nghỉ ngơi. Các loại thuốc như ibuprofen hoặc acetaminophen (acetaminophen) có thể giúp điều trị tình trạng này cũng như hạ nhiệt độ. Trẻ em dưới ba tháng tuổi cần được chăm sóc y tế, cũng như những người có vấn đề y tế nghiêm trọng như hệ thống miễn dịch bị tổn thương hoặc những người có các triệu chứng khác. Tăng thân nhiệt cần được điều trị. Sốt là một trong những dấu hiệu y tế phổ biến nhất. Đây là một phần trong khoảng 30% số lần khám sức khỏe của trẻ em và xảy ra ở 75% người lớn bị bệnh nặng. Mặc dù sốt phát triển như một cơ chế phòng vệ nhưng việc điều trị sốt dường như không cải thiện hoặc làm xấu đi kết quả. Sốt thường được cha mẹ và các chuyên gia chăm sóc sức khỏe quan tâm nhiều hơn mức bình thường, một hiện tượng được gọi là ""ám ảnh sốt""."	https://en.wikipedia.org/wiki/Fever
D005335	Sốt không rõ nguồn gốc		Không tìm thấy mô tả.	
D005414	đầy hơi	Flatulence	"Đầy hơi là hiện tượng khí thoát ra khỏi ruột qua hậu môn, thường được gọi là xì hơi. ""Flatus"" là từ y học chỉ khí sinh ra trong dạ dày hoặc ruột. Một phần khí trong ruột có thể bị nuốt phải không khí môi trường; do đó, trung tiện không hoàn toàn được tạo ra ở dạ dày hoặc ruột. Nghiên cứu khoa học về lĩnh vực y học này được gọi là phẳng học.  Truyền khí là một quá trình bình thường của cơ thể. Flatus được đưa đến trực tràng và được tạo áp lực bởi các cơ trong ruột. Việc trung tiện (""xì hơi"") là điều bình thường, mặc dù âm lượng và tần số rất khác nhau giữa các cá nhân. Khí trong ruột có mùi hôi hoặc khó chịu, có thể nồng nặc cũng là điều bình thường. Tiếng ồn thường liên quan đến chứng đầy hơi được tạo ra bởi hậu môn và mông, chúng hoạt động cùng nhau theo cách tương tự như cách quấn. Cả âm thanh và mùi đều là nguồn gốc của sự bối rối, khó chịu hoặc thích thú (sự hài hước đầy hơi). Nhiều xã hội có một điều cấm kỵ về căn hộ. Vì vậy, nhiều người hoặc để âm hộ của mình thoát ra một cách lặng lẽ hoặc thậm chí nhịn hẳn. Tuy nhiên, giữ trung tiện trong ruột trong thời gian dài không tốt cho sức khỏe. Có một số triệu chứng chung liên quan đến đầy hơi trong đường ruột: đau, đầy hơi và chướng bụng, lượng trung tiện quá mức, mùi trung tiện quá mức và són khí. Hơn nữa, hiện tượng ợ hơi (thường được gọi là ""ợ hơi"") đôi khi được đưa vào chủ đề đầy hơi. Khi có mùi hôi quá mức hoặc có mùi hôi, trung tiện có thể là dấu hiệu của rối loạn sức khỏe, chẳng hạn như hội chứng ruột kích thích, bệnh celiac hoặc không dung nạp lactose."	https://en.wikipedia.org/wiki/Flatulence
D005483	xả nước	Flushing	Xả nước có thể đề cập đến:	https://en.wikipedia.org/wiki/Flushing
D005600	Hội chứng X dễ gãy	Fragile X syndrome	Hội chứng Fragile X (FXS) là một rối loạn phát triển thần kinh di truyền. Chỉ số IQ trung bình ở nam giới mắc FXS là dưới 55, trong khi nữ giới bị ảnh hưởng có xu hướng nằm trong giới hạn bình thường, thường là khoảng 70–85. Đặc điểm hình thể có thể bao gồm khuôn mặt dài và hẹp, tai to, ngón tay linh hoạt và tinh hoàn lớn. Khoảng một phần ba số người bị ảnh hưởng có các đặc điểm của chứng tự kỷ như các vấn đề về tương tác xã hội và chậm nói. Tăng động là phổ biến, và cơn động kinh xảy ra ở khoảng 10%. Nam giới thường bị ảnh hưởng nhiều hơn nữ giới. Rối loạn này và phát hiện hội chứng X dễ gãy có tính di truyền trội liên kết với X. Nó thường được gây ra bởi sự mở rộng lặp lại bộ ba CGG trong gen FMR1 (ribonucleoprotein 1 truyền tin X dễ vỡ) trên nhiễm sắc thể X. Điều này dẫn đến sự im lặng (methyl hóa) phần gen này và làm thiếu hụt protein tổng hợp (FMRP), cần thiết cho sự phát triển bình thường của các kết nối giữa các tế bào thần kinh. Chẩn đoán yêu cầu xét nghiệm di truyền để xác định số lần lặp lại CGG trong gen FMR1. Thông thường, có từ 5 đến 40 lần lặp lại; hội chứng X dễ vỡ xảy ra với hơn 200. Người ta cho rằng tiền đột biến xuất hiện khi gen có từ 55 đến 200 lần lặp lại; Những phụ nữ có tiền đột biến có nguy cơ sinh con bị ảnh hưởng cao hơn. Xét nghiệm tìm người mang mầm bệnh tiền đột biến có thể cho phép tư vấn di truyền. Không có cách chữa trị hoặc thuốc được phê duyệt để điều trị tình trạng này. Nên can thiệp sớm vì nó mang lại nhiều cơ hội nhất để phát triển đầy đủ các kỹ năng. Những can thiệp này có thể bao gồm giáo dục đặc biệt, trị liệu nghề nghiệp, trị liệu ngôn ngữ, vật lý trị liệu hoặc trị liệu hành vi. Thuốc có thể được sử dụng để điều trị chứng lo âu liên quan, co giật, các vấn đề về tâm trạng, hành vi hung hăng hoặc ADHD. Hội chứng X dễ gãy có xu hướng biểu hiện nhiều triệu chứng hơn ở nam giới bị ảnh hưởng vì nữ giới có nhiễm sắc thể X khác có thể bù đắp cho nhiễm sắc thể X bị tổn thương. Hội chứng Fragile X là nguyên nhân phổ biến nhất gây ra thiểu năng trí tuệ di truyền, ảnh hưởng đến khoảng 1 trên 4.000 người. Đây cũng là nguyên nhân gen đơn lẻ phổ biến nhất gây ra bệnh tự kỷ.	https://en.wikipedia.org/wiki/Fragile_X_syndrome
D005683	Bịt miệng	Gag	Bịt miệng thường là một vật dụng hoặc thiết bị được thiết kế để ngăn chặn lời nói, thường là một thiết bị hạn chế để ngăn đối tượng kêu cứu và giữ cho người đeo nó im lặng. Điều này thường được thực hiện bằng cách chặn miệng, một phần hoặc toàn bộ, hoặc cố gắng ngăn lưỡi, môi hoặc hàm di chuyển theo kiểu nói bình thường. Việc sử dụng những trò đùa thường được mô tả trong các vở kịch dài tập và tiểu thuyết tội phạm, đặc biệt là trong truyện tranh, tiểu thuyết và phim. Tòa án từng bịt miệng một số người, chẳng hạn như nhà hoạt động dân quyền Bobby Seale. Hành động này bị chỉ trích là vô nhân đạo.	https://en.wikipedia.org/wiki/Gag
D005862	Hội chứng Gerstmann		Không tìm thấy mô tả.	
D005884	Xuất huyết nướu		Không tìm thấy mô tả.	
D005926	Đau lưỡi	Burning mouth syndrome	"Hội chứng bỏng rát miệng (BMS) là cảm giác nóng rát, ngứa ran hoặc bỏng rát trong miệng, kéo dài ít nhất 4 đến 6 tháng mà không rõ nguyên nhân bệnh lý hoặc nha khoa tiềm ẩn. Không có dấu hiệu liên quan của bệnh được tìm thấy trong miệng.  Những người mắc hội chứng bỏng rát miệng cũng có thể bị khô miệng chủ quan (cảm giác khô miệng mà không tìm thấy nguyên nhân như giảm lượng nước bọt), dị cảm (thay đổi cảm giác như ngứa ran trong miệng) hoặc thay đổi vị giác hoặc khứu giác. Cảm giác nóng rát trong miệng có thể là triệu chứng của một bệnh khác khi phát hiện có liên quan đến các yếu tố cục bộ hoặc toàn thân; đây không được coi là hội chứng bỏng rát miệng, là một hội chứng gồm các triệu chứng không giải thích được về mặt y tế.  Hiệp hội Nghiên cứu Đau Quốc tế định nghĩa hội chứng bỏng miệng là ""một thực thể bệnh học đặc biệt được đặc trưng bởi cảm giác nóng rát miệng không ngừng hoặc cơn đau tương tự mà không có sự thay đổi niêm mạc có thể phát hiện được"" và ""đau rát ở lưỡi hoặc các màng nhầy miệng khác"", và Hiệp hội Nhức đầu Quốc tế định nghĩa nó là ""cảm giác nóng rát trong miệng mà không thể tìm thấy nguyên nhân y tế hoặc nha khoa"". Để đảm bảo chẩn đoán chính xác hội chứng bỏng miệng, Tiêu chí Chẩn đoán Nghiên cứu (RDC/BMS) đã được phát triển. Bằng chứng không đầy đủ khiến người ta không rõ liệu phương pháp điều trị hiệu quả có tồn tại hay không."	https://en.wikipedia.org/wiki/Burning_mouth_syndrome
D006209	Chứng hôi miệng	Bad breath	Hôi miệng, còn được gọi là chứng hôi miệng, là một triệu chứng trong đó hơi thở có mùi khó chịu rõ rệt. Nó có thể gây lo lắng cho những người bị ảnh hưởng. Nó cũng liên quan đến trầm cảm và các triệu chứng của rối loạn ám ảnh cưỡng chế. Mối lo ngại về hơi thở có mùi có thể được chia thành trường hợp thật và không thật. Trong số những người bị hôi miệng thực sự, có khoảng 85% trường hợp xuất phát từ bên trong miệng. Các trường hợp còn lại được cho là do rối loạn ở mũi, xoang, họng, phổi, thực quản hoặc dạ dày. Hiếm khi, hôi miệng có thể là do tình trạng bệnh lý nghiêm trọng tiềm ẩn như suy gan, nhiễm toan ceto hoặc nôn mửa trong phân. Trường hợp không chính hãng xảy ra khi có người phàn nàn về hơi thở có mùi nhưng người khác không phát hiện ra. Điều này được ước tính chiếm từ 5% đến 72% trường hợp. Việc điều trị phụ thuộc vào nguyên nhân cơ bản. Những nỗ lực ban đầu có thể bao gồm làm sạch lưỡi, súc miệng và dùng chỉ nha khoa. Bằng chứng dự kiến ​​ủng hộ việc sử dụng nước súc miệng có chứa chlorhexidine hoặc cetylpyridinium clorua. Mặc dù có bằng chứng dự kiến ​​về lợi ích của việc sử dụng dụng cụ làm sạch lưỡi nhưng vẫn chưa đủ để đưa ra kết luận rõ ràng. Điều trị các bệnh tiềm ẩn như bệnh nướu răng, sâu răng, sỏi amidan hoặc bệnh trào ngược dạ dày thực quản có thể hữu ích. Việc tư vấn có thể hữu ích cho những người lầm tưởng rằng họ bị hôi miệng. Tỷ lệ hôi miệng ước tính thay đổi từ 6% đến 50% dân số. Mối lo ngại về hôi miệng là lý do phổ biến thứ ba khiến mọi người tìm đến chăm sóc nha khoa, sau sâu răng và bệnh nướu răng. Nó được cho là trở nên phổ biến hơn khi mọi người già đi. Hôi miệng được coi là một điều cấm kỵ trong xã hội và những người bị ảnh hưởng có thể bị kỳ thị. Người dân ở Hoa Kỳ chi hơn 1 tỷ USD mỗi năm cho nước súc miệng để điều trị bệnh này.	https://en.wikipedia.org/wiki/Bad_breath
D006212	Ảo giác	Hallucination	"Ảo giác là một nhận thức trong trường hợp không có tác nhân kích thích bối cảnh bên ngoài mang lại cảm giác thực tế hấp dẫn. Chúng có thể được phân biệt với một số hiện tượng liên quan, chẳng hạn như mơ (giấc ngủ REM), không liên quan đến tình trạng tỉnh táo; ảo giác giả, không bắt chước nhận thức thực tế và được coi là không thực tế một cách chính xác; ảo tưởng, liên quan đến nhận thức thực tế bị bóp méo hoặc hiểu sai; và hình ảnh tinh thần, không bắt chước nhận thức thực tế và nằm dưới sự kiểm soát tự nguyện. Ảo giác cũng khác với ""nhận thức ảo tưởng"", trong đó một kích thích được cảm nhận và giải thích chính xác (tức là nhận thức thực sự) có thêm một số ý nghĩa. Ảo giác có thể xảy ra ở bất kỳ phương thức cảm giác nào - thị giác, thính giác, khứu giác, vị giác, xúc giác, cảm giác bản thể, cân bằng, cảm giác đau, cảm nhận nhiệt và cảm nhận thời gian. Ảo giác được gọi là đa phương thức nếu xảy ra nhiều phương thức cảm giác. Một dạng ảo giác nhẹ được coi là rối loạn và có thể xảy ra ở hầu hết các giác quan nêu trên. Đây có thể là những hiện tượng như nhìn thấy chuyển động trong tầm nhìn ngoại vi hoặc nghe thấy những tiếng động hoặc giọng nói yếu ớt. Ảo giác thính giác rất phổ biến ở bệnh tâm thần phân liệt. Họ có thể nhân từ (nói với đối tượng những điều tốt đẹp về bản thân họ) hoặc độc hại (chửi rủa đối tượng). 55% ảo giác thính giác có nội dung độc hại, chẳng hạn như mọi người nói về chủ đề này chứ không nói chuyện trực tiếp với họ. Giống như ảo giác thính giác, nguồn gốc của ảo giác thị giác cũng có thể ở phía sau đối tượng. Điều này có thể tạo ra cảm giác bị nhìn hoặc nhìn chằm chằm, thường là với mục đích xấu. Đối tượng thường trải nghiệm ảo giác thính giác và ảo giác thị giác tương ứng. Ảo giác thôi miên và ảo giác thôi miên được coi là hiện tượng bình thường. Ảo giác thôi miên có thể xảy ra khi một người đang ngủ và ảo giác thôi miên xảy ra khi một người thức dậy. Ảo giác có thể liên quan đến việc sử dụng ma túy (đặc biệt là thuốc mê), thiếu ngủ, rối loạn tâm thần (bao gồm rối loạn tâm thần liên quan đến căng thẳng), rối loạn thần kinh và mê sảng. Nhiều ảo giác cũng xảy ra khi bị tê liệt khi ngủ. Bản thân từ ""ảo giác"" đã được bác sĩ thế kỷ 17 Sir Thomas Browne đưa vào tiếng Anh vào năm 1646 từ nguồn gốc của từ Latin alucinari có nghĩa là lang thang trong tâm trí. Đối với Browne, ảo giác có nghĩa là một loại tầm nhìn ""sa đọa và nhận [các] đối tượng của nó một cách sai lầm""."	https://en.wikipedia.org/wiki/Hallucination
D006261	Đau đầu	Headache	Nhức đầu, còn được gọi là đau đầu, là triệu chứng đau ở mặt, đầu hoặc cổ. Nó có thể xảy ra dưới dạng đau nửa đầu, đau đầu do căng thẳng hoặc đau đầu từng cơn. Nguy cơ trầm cảm tăng lên ở những người bị đau đầu dữ dội. Nhức đầu có thể xảy ra do nhiều tình trạng. Có một số hệ thống phân loại khác nhau cho chứng đau đầu. Được công nhận nhiều nhất là Hiệp hội Nhức đầu Quốc tế, phân loại nó thành hơn 150 loại đau đầu nguyên phát và thứ phát. Nguyên nhân gây đau đầu có thể bao gồm mất nước; Mệt mỏi; thiếu ngủ; nhấn mạnh; tác dụng của thuốc (lạm dụng) và thuốc kích thích, bao gồm cả việc cai nghiện; nhiễm virus; tiếng ồn lớn; chấn thương đầu; ăn nhanh thức ăn hoặc đồ uống rất lạnh; và các vấn đề về răng hoặc xoang (chẳng hạn như viêm xoang). Điều trị đau đầu tùy thuộc vào nguyên nhân cơ bản, nhưng đối với những cơn đau đầu nhẹ đến trung bình, thuốc giảm đau thường được sử dụng. Đau đầu là một trong những cảm giác khó chịu về thể chất thường gặp nhất. Khoảng một nửa số người trưởng thành bị đau đầu trong một năm nhất định. Đau đầu do căng thẳng là loại phổ biến nhất, ảnh hưởng đến 24,9% dân số, tiếp theo là chứng đau nửa đầu ảnh hưởng đến 14,1%.	https://en.wikipedia.org/wiki/Headache
D006311	Rối loạn thính giác		Không tìm thấy mô tả.	
D006312	Mất thính lực, song phương		Không tìm thấy mô tả.	
D006313	Mất Thính Lực, Miền Trung		Không tìm thấy mô tả.	
D006314	Giảm thính lực, dẫn điện		Không tìm thấy mô tả.	
D006315	Giảm thính lực, chức năng		Không tìm thấy mô tả.	
D006316	Giảm thính lực, tần số cao		Không tìm thấy mô tả.	
D006317	Mất thính giác, do tiếng ồn		Không tìm thấy mô tả.	
D006319	Giảm thính lực, thần kinh cảm giác		Không tìm thấy mô tả.	
D006337	Tiếng tim thì thầm		Không tìm thấy mô tả.	
D006356	Ợ nóng	Heartburn	Ợ nóng là cảm giác nóng rát phía sau xương ức. Đó là một triệu chứng thường liên quan đến chứng trào ngược axit và thường do thức ăn gây ra. Nằm xuống, uốn cong, nâng và thực hiện một số bài tập nhất định có thể làm trầm trọng thêm chứng ợ nóng. Các nguyên nhân bao gồm trào ngược axit, bệnh trào ngược dạ dày thực quản (GERD), tổn thương niêm mạc thực quản, axit mật, kích thích cơ học lên thực quản và quá mẫn cảm thực quản. Chứng ợ nóng ảnh hưởng đến 25% dân số ít nhất mỗi tháng một lần. Nội soi và theo dõi pH thực quản có thể được sử dụng để đánh giá chứng ợ nóng. Một số nguyên nhân gây ợ nóng, chẳng hạn như GERD, có thể được chẩn đoán chỉ dựa trên các triệu chứng. Các chẩn đoán phân biệt tiềm ẩn đối với chứng ợ chua bao gồm rối loạn vận động, loét, viêm thực quản và tác dụng phụ của thuốc. Thay đổi lối sống, chẳng hạn như giảm cân và tránh thức ăn béo, có thể cải thiện chứng ợ nóng. Alginate hoặc thuốc kháng axit không kê đơn có thể giúp giảm chứng ợ nóng nhẹ hoặc thỉnh thoảng. Điều trị chứng ợ nóng chủ yếu liên quan đến các loại thuốc chống tiết như thuốc đối kháng thụ thể H2 (H2RA) và thuốc ức chế bơm proton (PPI).	https://en.wikipedia.org/wiki/Heartburn
D006396	nôn ra máu	Hematemesis	Nôn ra máu là nôn ra máu. Nó có thể bị nhầm lẫn với ho ra máu (ho ra máu) hoặc chảy máu cam (chảy máu cam), những tình trạng này phổ biến hơn. Nguồn bệnh nói chung là ở đường tiêu hóa trên, điển hình là phía trên cơ treo của tá tràng. Nó có thể do loét, khối u dạ dày hoặc thực quản, giãn tĩnh mạch, buồn nôn kéo dài và mạnh, viêm dạ dày ruột, nuốt phải máu (do chảy máu ở miệng, mũi hoặc cổ họng) hoặc một số loại thuốc. Tuy nhiên, điều này không được tìm thấy ở các loại virus dạ dày (norovirus, rotovirus, v.v.). Nôn ra máu được coi là một trường hợp cấp cứu y tế, với các phương pháp điều trị dựa trên lượng máu mất. Điều tra bao gồm nội soi. Bất kỳ tình trạng mất máu nào cũng có thể được khắc phục bằng truyền dịch tĩnh mạch và truyền máu. Bệnh nhân có thể cần tránh dùng bất cứ thứ gì bằng miệng.	https://en.wikipedia.org/wiki/Hematemesis
D006423	bán dâm	Hemianopsia	Hemianopsia, hay hemianopia, là tình trạng mất thị lực hoặc mù lòa (anopsia) ở một nửa thị trường, thường ở một bên của đường giữa dọc. Nguyên nhân phổ biến nhất của tổn thương này là đột quỵ, u não và chấn thương. Bài viết này chỉ đề cập đến chứng bán máu vĩnh viễn chứ không đề cập đến chứng bán máu tạm thời hoặc tạm thời, như được xác định bởi William Wollaston PRS vào năm 1824. Chứng bán máu tạm thời có thể xảy ra trong giai đoạn hào quang của chứng đau nửa đầu.	https://en.wikipedia.org/wiki/Hemianopsia
D006429	liệt nửa người	Hemiparesis	Liệt nửa người, còn được gọi là liệt một bên, là tình trạng yếu của toàn bộ một bên cơ thể (hemi- có nghĩa là 'một nửa'). Liệt nửa người, ở dạng nghiêm trọng nhất, là tình trạng tê liệt hoàn toàn một bên cơ thể. Liệt nửa người hoặc liệt nửa người có thể xuất phát từ nhiều nguyên nhân y tế, bao gồm các tình trạng bẩm sinh, chấn thương nặng, khối u, chấn thương sọ não và đột quỵ.	https://en.wikipedia.org/wiki/Hemiparesis
D006456	Huyết sắc tố niệu	Hemoglobinuria	Hemoglobin niệu là tình trạng protein vận chuyển oxy hemoglobin được tìm thấy với nồng độ cao bất thường trong nước tiểu. Tình trạng này là do tan máu nội mạch quá mức, trong đó một số lượng lớn tế bào hồng cầu (RBC) bị phá hủy, do đó giải phóng huyết sắc tố tự do vào huyết tương. Lượng huyết sắc tố dư thừa sẽ được thận lọc và bài tiết vào nước tiểu, khiến nước tiểu có màu đổi màu.	https://en.wikipedia.org/wiki/Hemoglobinuria
D006469	Ho ra máu	Hemoptysis	Ho ra máu hoặc ho ra máu là tình trạng chảy máu hoặc chất nhầy dính máu qua miệng từ phế quản, thanh quản, khí quản hoặc phổi. Nói cách khác, đó là tình trạng chảy máu đường thở và không nhất thiết liên quan đến ho. Điều này có thể xảy ra với bệnh ung thư phổi, các bệnh nhiễm trùng như bệnh lao, viêm phế quản hoặc viêm phổi và một số bệnh tim mạch. Ho ra máu được coi là nặng ở mức 300 mL (11 imp fl oz; 10 US fl oz).  Trong những trường hợp như vậy, luôn có những vết thương nặng. Mối nguy hiểm chính đến từ nghẹt thở hơn là mất máu.	https://en.wikipedia.org/wiki/Hemoptysis
D006472	Xuất huyết miệng		Không tìm thấy mô tả.	
D006606	nấc	Hiccup	"Nấc cục (tên khoa học singultus, từ tiếng Latin có nghĩa là ""nức nở, nấc cục""; cũng được đánh vần là nấc cục) là một cơn co thắt không tự nguyện (cơn giật cơ) của cơ hoành có thể lặp lại vài lần mỗi phút. Nấc cụt là một hành động không chủ ý liên quan đến một cung phản xạ. Sau khi được kích hoạt, phản xạ sẽ gây ra sự co lại của cơ hoành, sau đó là thanh môn đóng lại, khoảng trống giữa các dây thanh âm, trong khoảng 35 mili giây, dẫn đến âm thanh ""hic"". Nấc cụt có thể xảy ra riêng lẻ hoặc từng cơn. Nhịp điệu của cơn nấc hoặc thời gian giữa các cơn nấc có xu hướng tương đối ổn định. Cơn nấc thường tự khỏi mà không cần can thiệp, mặc dù nhiều biện pháp khắc phục tại nhà thường được sử dụng để cố gắng rút ngắn thời gian. Điều trị y tế đôi khi cần thiết trong trường hợp nấc mãn tính."	https://en.wikipedia.org/wiki/Hiccup
D006628	chứng rậm lông	Hirsutism	"Rậm lông là tình trạng có quá nhiều lông trên cơ thể trên các bộ phận trên cơ thể nơi thường không có hoặc có rất ít lông. Từ này có từ đầu thế kỷ 17: từ tiếng Latin hirsutus có nghĩa là ""có lông"". Nó thường đề cập đến kiểu mọc tóc ở nam giới ở nữ giới, có thể là dấu hiệu của một tình trạng bệnh lý nghiêm trọng hơn, đặc biệt nếu nó phát triển tốt sau tuổi dậy thì. Sự kỳ thị về mặt văn hóa đối với chứng rậm lông có thể gây ra nhiều đau khổ về tâm lý và khó khăn về mặt xã hội. Sự phân biệt đối xử dựa trên chứng rậm lông trên khuôn mặt thường dẫn đến việc tránh né các tình huống xã hội và gây ra các triệu chứng lo lắng và trầm cảm. Rậm lông thường là kết quả của sự mất cân bằng nội tiết cơ bản, có thể là tuyến thượng thận, buồng trứng hoặc trung ương. Nó có thể được gây ra bởi sự gia tăng nồng độ hormone androgen. Số lượng và vị trí của tóc được đo bằng điểm Ferriman–Gallwey. Nó khác với chứng rậm lông, tình trạng lông mọc quá mức ở bất cứ đâu trên cơ thể. Các phương pháp điều trị có thể bao gồm một số loại thuốc tránh thai, thuốc kháng androgen hoặc chất nhạy cảm với insulin. Rậm lông ảnh hưởng đến từ 5 đến 15% phụ nữ thuộc mọi thành phần dân tộc. Tùy thuộc vào định nghĩa và dữ liệu cơ bản, khoảng 40% phụ nữ có lông mặt ở một mức độ nào đó. Khoảng 10 đến 15% trường hợp rậm lông là vô căn không rõ nguyên nhân."	https://en.wikipedia.org/wiki/Hirsutism
D006685	Khàn tiếng	Hoarse voice	"Giọng khàn, còn được gọi là chứng khó phát âm hoặc khàn giọng, là khi giọng nói vô tình nghe như hơi thở, khàn khàn hoặc căng thẳng, hoặc âm lượng nhẹ hơn hoặc cao độ thấp hơn. Giọng khàn khàn có thể liên quan đến cảm giác khó chịu hoặc ngứa ngáy ở cổ họng. Khàn giọng thường là triệu chứng của các vấn đề ở dây thanh quản. Nó có thể là do viêm thanh quản, do đó có thể do nhiễm trùng đường hô hấp trên, cảm lạnh hoặc dị ứng. Cổ vũ tại các sự kiện thể thao, nói to trong môi trường ồn ào, nói quá lâu mà không nghỉ giọng, hát to hoặc nói với giọng quá cao hoặc quá thấp cũng có thể gây khàn giọng tạm thời. Hút thuốc cũng có thể góp phần làm khàn giọng. Có một số nguyên nhân khác khiến một người bị mất giọng và việc điều trị nói chung là bằng cách cho giọng nói được nghỉ ngơi và điều trị nguyên nhân cơ bản. Nếu nguyên nhân là do lạm dụng hoặc lạm dụng giọng nói, uống nhiều nước có thể làm giảm bớt vấn đề. Nó dường như xảy ra phổ biến hơn ở phụ nữ và người già. Hơn nữa, một số nhóm nghề nghiệp nhất định, chẳng hạn như giáo viên và ca sĩ, có nguy cơ cao hơn. Khàn giọng kéo dài hoặc khàn giọng kéo dài hơn ba tuần, đặc biệt khi không liên quan đến cảm lạnh hoặc cúm cần được bác sĩ đánh giá. Bạn cũng nên đi khám bác sĩ nếu khàn giọng kèm theo ho ra máu, khó nuốt, có khối u ở cổ, đau khi nói hoặc nuốt, khó thở hoặc mất giọng hoàn toàn trong hơn một vài ngày. Để giọng nói được phân loại là ""dysphonic"", những bất thường phải xuất hiện ở một hoặc nhiều thông số giọng nói: cao độ, âm lượng, chất lượng hoặc độ biến thiên. Về mặt nhận thức, chứng khó phát âm có thể được đặc trưng bởi chất giọng khàn khàn, khó thở, gay gắt hoặc thô ráp, nhưng một số loại âm vị vẫn còn. Chứng khó phát âm có thể được phân loại thành hai loại chính: hữu cơ và chức năng, và việc phân loại dựa trên bệnh lý cơ bản. Mặc dù nguyên nhân gây ra chứng khó phát âm có thể được chia thành năm loại cơ bản, nhưng tất cả chúng đều dẫn đến sự gián đoạn khả năng rung bình thường của dây thanh âm khi thở ra, ảnh hưởng đến giọng nói. Việc đánh giá và chẩn đoán chứng khó phát âm được thực hiện bởi một nhóm đa ngành và liên quan đến việc sử dụng nhiều biện pháp chủ quan và khách quan, xem xét cả chất lượng giọng nói cũng như trạng thái thể chất của thanh quản. Nhiều phương pháp điều trị đã được phát triển để giải quyết các nguyên nhân hữu cơ và chức năng của chứng khó phát âm. Chứng khó phát âm có thể được nhắm mục tiêu thông qua liệu pháp trực tiếp, liệu pháp gián tiếp, điều trị nội khoa và phẫu thuật. Chứng khó phát âm chức năng có thể được điều trị bằng các liệu pháp giọng nói trực tiếp và gián tiếp, trong khi phẫu thuật được khuyến nghị đối với chứng khó phát âm hữu cơ, mãn tính."	https://en.wikipedia.org/wiki/Hoarse_voice
D006732	Hội chứng Horner		Không tìm thấy mô tả.	
D006816	Bệnh Huntington	Huntington's disease	"Bệnh Huntington (HD), còn được gọi là múa giật Huntington, là một bệnh thoái hóa thần kinh gây tử vong thường do di truyền. Nó thường biểu hiện dưới dạng bộ ba gồm các triệu chứng tâm thần, nhận thức và vận động tiến triển. Các triệu chứng sớm nhất thường là những vấn đề khó phát hiện về tâm trạng hoặc khả năng tâm thần/tâm thần, xuất hiện trước các triệu chứng vận động ở nhiều người. Cuối cùng sẽ xuất hiện các triệu chứng thể chất rõ ràng, bao gồm thiếu khả năng phối hợp chung và dáng đi không vững. Theo thời gian, vùng hạch nền của não dần dần bị tổn thương. Bệnh có đặc điểm chủ yếu là rối loạn vận động tăng động đặc biệt được gọi là múa giật. Múa giật cổ điển biểu hiện dưới dạng các chuyển động cơ thể không có sự phối hợp, không chủ ý, ""giống như đang khiêu vũ"" và trở nên rõ ràng hơn khi bệnh tiến triển. Khả năng thể chất dần dần xấu đi cho đến khi việc phối hợp cử động trở nên khó khăn và người bệnh không thể nói chuyện. Khả năng tinh thần thường suy giảm thành chứng mất trí nhớ, trầm cảm, thờ ơ và đôi khi bốc đồng. Các triệu chứng cụ thể có phần khác nhau giữa các trường hợp. Các triệu chứng có thể bắt đầu ở mọi lứa tuổi nhưng thường xuất hiện lần đầu tiên vào khoảng tuổi 40. Bệnh có thể phát triển sớm hơn ở mỗi thế hệ kế tiếp. Khoảng 8% trường hợp bắt đầu trước 20 tuổi và được gọi là HD vị thành niên, thường xuất hiện với các triệu chứng cử động chậm của bệnh Parkinson hơn là chứng múa giật. HD thường được di truyền từ cha hoặc mẹ bị bệnh, người mang đột biến gen Huntingtin (HTT), mã hóa protein Huntingtin. Tuy nhiên, có tới 10% trường hợp là do đột biến mới. Sự mở rộng của các đoạn lặp CAG (được gọi là sự mở rộng lặp lại trinucleotide) trong gen mã hóa protein Huntingtin dẫn đến một protein đột biến bất thường (mHTT), dần dần làm tổn thương các tế bào não thông qua một số cơ chế có thể xảy ra. Protein đột biến chiếm ưu thế, vì vậy chỉ cần cha hoặc mẹ mang đặc điểm này là đủ để gây bệnh cho con cái họ. Chẩn đoán bằng xét nghiệm di truyền, có thể được thực hiện bất cứ lúc nào, bất kể có triệu chứng hay không. Thực tế này làm dấy lên một số cuộc tranh luận về mặt đạo đức: độ tuổi mà một cá nhân được coi là đủ trưởng thành để chọn kiểm tra; liệu cha mẹ có quyền cho con đi xét nghiệm hay không; và quản lý tính bảo mật và tiết lộ kết quả xét nghiệm. Không có phương pháp chữa khỏi bệnh HD nào được biết đến và cần được chăm sóc toàn thời gian trong các giai đoạn sau. Phương pháp điều trị có thể làm giảm một số triệu chứng và có thể cải thiện chất lượng cuộc sống. Bằng chứng tốt nhất để điều trị các vấn đề về vận động là dùng tetrabenazine. HD ảnh hưởng đến khoảng 4 đến 15 trong số 100.000 người gốc châu Âu. Bệnh này hiếm gặp ở người Phần Lan và người Nhật, trong khi tỷ lệ mắc bệnh ở Châu Phi thì chưa rõ. Bệnh ảnh hưởng đến nam và nữ như nhau. Các biến chứng như viêm phổi, bệnh tim và chấn thương cơ thể do té ngã làm giảm tuổi thọ; Viêm phổi do hít sặc gây tử vong thường được coi là nguyên nhân cuối cùng gây tử vong cho những người mắc bệnh này. Tự tử là nguyên nhân gây tử vong trong khoảng 9% trường hợp. Tử vong thường xảy ra sau 15–20 năm kể từ khi bệnh được phát hiện lần đầu tiên. Mô tả sớm nhất về căn bệnh này được bác sĩ người Mỹ Charles Oscar Waters thực hiện vào năm 1841. Tình trạng này được mô tả chi tiết hơn vào năm 1872 bởi bác sĩ người Mỹ George Huntington. Cơ sở di truyền được phát hiện vào năm 1993 bởi một nỗ lực hợp tác quốc tế do Tổ chức Bệnh di truyền dẫn đầu. Các tổ chức nghiên cứu và hỗ trợ bắt đầu hình thành vào cuối những năm 1960 để nâng cao nhận thức cộng đồng, hỗ trợ những người bị ảnh hưởng và gia đình họ, đồng thời thúc đẩy nghiên cứu. Các hướng nghiên cứu bao gồm xác định cơ chế chính xác của bệnh, cải tiến mô hình động vật để hỗ trợ nghiên cứu, thử nghiệm thuốc và phân phối thuốc để điều trị các triệu chứng hoặc làm chậm sự tiến triển của bệnh và nghiên cứu các quy trình như liệu pháp tế bào gốc với mục tiêu thay thế các tế bào thần kinh bị hư hỏng hoặc bị mất."	https://en.wikipedia.org/wiki/Huntington%27s_disease
D006930	tăng đau	Hyperalgesia	Hyperalgesia ( hoặc ; hyperalgesia từ tiếng Hy Lạp ὑπέρ (huper) 'over' + -algesia từ tiếng Hy Lạp ἄλγος (algos) 'pain') là tình trạng nhạy cảm với cơn đau tăng lên bất thường, có thể do tổn thương cơ quan cảm nhận đau hoặc dây thần kinh ngoại biên và có thể gây mẫn cảm với kích thích. Prostaglandin E và F phần lớn chịu trách nhiệm làm nhạy cảm các thụ thể đau. Sự nhạy cảm tăng lên tạm thời với cơn đau cũng xảy ra như một phần của hành vi ốm đau, phản ứng tiến hóa đối với nhiễm trùng.	https://en.wikipedia.org/wiki/Hyperalgesia
D006935	tăng CO2 máu	Hypercapnia	"Hypercapnia (từ tiếng Hy Lạp hyper, ""trên"" hoặc ""quá nhiều"" và kapnos, ""khói""), còn được gọi là hypercarbia và giữ CO2, là tình trạng nồng độ carbon dioxide (CO2) tăng cao bất thường trong máu. Carbon dioxide là một sản phẩm khí trong quá trình trao đổi chất của cơ thể và thường được thải ra ngoài qua phổi.  Carbon dioxide có thể tích tụ trong bất kỳ tình trạng nào gây giảm thông khí, giảm thông khí phế nang (độ thanh thải không khí từ các túi nhỏ của phổi nơi diễn ra trao đổi khí) cũng như do hít phải CO2. Phổi không có khả năng loại bỏ carbon dioxide hoặc hít phải nồng độ CO2 cao, dẫn đến nhiễm toan hô hấp. Cuối cùng, cơ thể bù đắp lượng axit tăng lên bằng cách giữ lại chất kiềm trong thận, một quá trình được gọi là ""bù trừ trao đổi chất"". Tăng CO2 cấp tính được gọi là suy hô hấp tăng CO2 cấp tính (AHRF) và là một trường hợp cấp cứu y tế vì nó thường xảy ra trong bối cảnh bệnh cấp tính. Chứng tăng CO2 mãn tính, trong đó thường có sự bù trừ trao đổi chất, có thể gây ra các triệu chứng nhưng nói chung không phải là trường hợp khẩn cấp. Tùy thuộc vào tình huống, cả hai dạng tăng CO2 máu đều có thể được điều trị bằng thuốc, thông khí không xâm lấn dựa trên mặt nạ hoặc thông khí cơ học. Hypercapnia là một mối nguy hiểm khi lặn dưới nước liên quan đến lặn nín thở, lặn bằng bình dưỡng khí, đặc biệt đối với người thở lại và lặn sâu, nơi nó liên quan đến công thở cao do mật độ khí thở tăng do áp suất xung quanh cao."	https://en.wikipedia.org/wiki/Hypercapnia
D006939	chứng nôn trớ nặng	Hyperemesis gravidarum	Hyperemesis gradidarum (HG) là một biến chứng thai kỳ được đặc trưng bởi buồn nôn nghiêm trọng, nôn mửa, sụt cân và có thể mất nước. Cảm giác ngất xỉu cũng có thể xảy ra. Nó được coi là một dạng ốm nghén nghiêm trọng hơn. Các triệu chứng thường thuyên giảm sau tuần thứ 20 của thai kỳ nhưng có thể kéo dài suốt thời gian mang thai. Nguyên nhân chính xác của chứng nôn nghén nặng vẫn chưa được biết rõ. Các yếu tố nguy cơ bao gồm mang thai lần đầu, đa thai, béo phì, tiền sử gia đình hoặc tiền sử mắc bệnh HG và rối loạn nguyên bào nuôi. Một nghiên cứu vào tháng 12 năm 2023 được công bố trên tạp chí Nature đã chỉ ra mối liên hệ giữa HG và lượng hormone GDF15 cao bất thường, cũng như sự gia tăng độ nhạy cảm với loại hormone cụ thể đó. Chẩn đoán thường được thực hiện dựa trên các dấu hiệu và triệu chứng quan sát được. HG được định nghĩa về mặt kỹ thuật là hơn ba đợt nôn mửa mỗi ngày, như vậy đã xảy ra sụt cân 5% hoặc ba kg và có ketone trong nước tiểu. Cần loại trừ các nguyên nhân tiềm ẩn khác gây ra các triệu chứng, bao gồm nhiễm trùng đường tiết niệu và tuyến giáp hoạt động quá mức. Điều trị bao gồm uống nhiều nước và ăn nhạt. Các khuyến nghị có thể bao gồm đồ uống thay thế chất điện giải, thiamine và chế độ ăn giàu protein hơn. Một số người cần truyền dịch tĩnh mạch. Đối với thuốc, pyridoxine hoặc metoclopramide được ưu tiên hơn. Prochlorperazine, dimenhydrinate, ondansetron (được bán dưới nhãn hiệu Zofran) hoặc corticosteroid có thể được sử dụng nếu chúng không hiệu quả. Có thể phải nhập viện do các triệu chứng nghiêm trọng liên quan. Tâm lý trị liệu có thể cải thiện kết quả. Bằng chứng về bấm huyệt còn kém. Trong khi nôn mửa khi mang thai đã được mô tả sớm nhất là vào năm 2000 trước Công nguyên, thì mô tả y học rõ ràng đầu tiên về HG là vào năm 1852 bởi Paul Antoine Dubois. HG được ước tính ảnh hưởng đến 0,3–2,0% phụ nữ mang thai, mặc dù một số nguồn tin cho biết con số này có thể lên tới 3%. Mặc dù trước đây được coi là nguyên nhân phổ biến gây tử vong khi mang thai nhưng nếu được điều trị thích hợp thì hiện nay trường hợp này rất hiếm gặp. Những người bị ảnh hưởng có nguy cơ sảy thai thấp hơn nhưng nguy cơ sinh non cao hơn. Một số phụ nữ mang thai chọn cách phá thai do có triệu chứng HG.	https://en.wikipedia.org/wiki/Hyperemesis_gravidarum
D006941	Gây mê	Hyperesthesia	"Hyperesthesia là một tình trạng liên quan đến sự gia tăng bất thường độ nhạy cảm với các kích thích của giác quan. Các kích thích của giác quan có thể bao gồm âm thanh mà người ta nghe thấy, thức ăn mà người ta nếm, kết cấu mà người ta cảm nhận được, v.v. Tăng độ nhạy cảm ứng được gọi là ""tăng cảm giác xúc giác"" và tăng độ nhạy âm thanh được gọi là ""tăng cảm giác thính giác"".  Trong bối cảnh đau đớn, chứng tăng cảm giác có thể đề cập đến sự gia tăng độ nhạy cảm khi có cả chứng mất ngủ và chứng tăng cảm giác đau. Trong tâm lý học, Jeanne Siaud-Facchin sử dụng thuật ngữ này bằng cách định nghĩa nó như một ""sự trầm trọng của giác quan"" đặc trưng cho những cá nhân có năng khiếu: đối với họ, thông tin cảm giác đến não nhanh hơn nhiều so với mức trung bình và thông tin được xử lý trong thời gian ngắn hơn đáng kể."	https://en.wikipedia.org/wiki/Hyperesthesia
D006942	Tăng gammaglobulin máu	Hypergammaglobulinemia	Tăng gammaglobulin máu là một tình trạng bệnh lý có nồng độ gamma globulin tăng cao. Đây là một loại rối loạn tăng sinh miễn dịch.	https://en.wikipedia.org/wiki/Hypergammaglobulinemia
D006948	tăng động	Hyperkinesis	Hyperkinesis có thể đề cập đến: Hyperkinesis, chuyển động cơ tăng cao bất thường, đôi khi không kiểm soát được Tăng động, hoạt động tăng cao bất thường Rối loạn tăng động, một rối loạn khởi phát ở trẻ nhỏ, đặc trưng bởi hiếu động thái quá, bốc đồng và thiếu chú ý, tương tự như rối loạn tăng động giảm chú ý	https://en.wikipedia.org/wiki/Hyperkinesis
D006963	Chứng cuồng ăn	Polyphagia	"Polyphagia, hay hyperphagia, là một cảm giác đói hoặc ham muốn ăn mạnh bất thường, không ngừng, thường dẫn đến ăn quá nhiều. Ngược lại với cảm giác thèm ăn tăng lên sau khi tập thể dục, chứng ăn nhiều không giảm bớt sau khi ăn và thường dẫn đến việc ăn quá nhiều thức ăn một cách nhanh chóng. Polyphagia bản thân nó không phải là một chứng rối loạn; đúng hơn, nó là một triệu chứng cho thấy một tình trạng bệnh lý tiềm ẩn. Nó thường là kết quả của mức đường huyết bất thường (cả tăng đường huyết và hạ đường huyết), và cùng với chứng khát nhiều và đa niệu, đây là một trong ""3P"" thường liên quan đến bệnh đái tháo đường không kiểm soát được."	https://en.wikipedia.org/wiki/Polyphagia
D006970	Rối loạn buồn ngủ quá mức		Không tìm thấy mô tả.	
D006985	tăng thông khí	Hyperventilation	Tăng thông khí là nhịp thở không đều xảy ra khi tốc độ hoặc thể tích khí thở loại bỏ nhiều carbon dioxide hơn mức cơ thể có thể tạo ra. Điều này dẫn đến giảm CO2 máu, làm giảm nồng độ carbon dioxide hòa tan trong máu. Cơ thể thường cố gắng bù đắp điều này bằng phương pháp cân bằng nội môi, nhưng nếu điều này không thành công hoặc bị lấn át, độ pH trong máu sẽ tăng lên, dẫn đến nhiễm kiềm hô hấp. Điều này làm tăng ái lực của oxy với huyết sắc tố và khiến oxy khó được giải phóng từ máu vào các mô cơ thể hơn. Các triệu chứng của nhiễm kiềm hô hấp bao gồm chóng mặt, ngứa ran ở môi, tay hoặc chân, nhức đầu, suy nhược, ngất xỉu và co giật. Trong trường hợp nghiêm trọng, nó có thể gây co thắt cổ tay, đập và co rút bàn tay và bàn chân. Các yếu tố có thể gây ra hoặc duy trì tình trạng tăng thông khí bao gồm: căng thẳng sinh lý, lo âu hoặc rối loạn hoảng sợ, độ cao, chấn thương đầu, đột quỵ, rối loạn hô hấp như hen suyễn, viêm phổi hoặc hội chứng tăng thông khí, các vấn đề về tim mạch như thuyên tắc phổi, thiếu máu, mặt nạ phòng độc y tế được hiệu chỉnh không chính xác và phản ứng bất lợi với một số loại thuốc. Tăng thông khí cũng có thể được cố ý tạo ra để đạt được trạng thái ý thức bị thay đổi, chẳng hạn như trong trò chơi nghẹt thở, trong khi thở hoặc trong nỗ lực kéo dài thời gian lặn nín thở.	https://en.wikipedia.org/wiki/Hyperventilation
D006987	Gây mê	Hypoesthesia	Giảm cảm giác hoặc tê là ​​tác dụng phụ thường gặp của nhiều tình trạng bệnh lý khác nhau, biểu hiện là giảm cảm giác sờ hoặc cảm giác hoặc mất một phần độ nhạy cảm với các kích thích giác quan. Trong lời nói hàng ngày, điều này thường được gọi là tê liệt. Giảm cảm giác chủ yếu là do tổn thương dây thần kinh và do tắc nghẽn mạch máu, dẫn đến tổn thương do thiếu máu cục bộ ở các mô được cung cấp bởi các mạch máu bị tắc nghẽn. Thiệt hại này có thể được phát hiện thông qua việc sử dụng các nghiên cứu hình ảnh khác nhau. Thiệt hại theo cách này được gây ra bởi nhiều bệnh tật và bệnh tật khác nhau. Một số ví dụ về những căn bệnh phổ biến nhất có thể gây ra tình trạng giảm cảm giác như một tác dụng phụ như sau: Bệnh giảm sức ép U schwannoma sinh ba Viêm não hình thoi U lao ngoài màng cứng trong tủy sống Rối loạn cảm giác ở da Beriberi	https://en.wikipedia.org/wiki/Hypoesthesia
D006988	Hyphema	Hyphema	Hyphema là tình trạng bệnh lý chảy máu ở khoang trước của mắt giữa mống mắt và giác mạc. Đầu tiên mọi người thường nhận thấy sự mất hoặc giảm thị lực. Mắt cũng có thể có màu hơi đỏ hoặc có thể xuất hiện dưới dạng một vũng máu nhỏ ở đáy mống mắt trong giác mạc. Một dấu gạch nối chấn thương là do một cú đánh vào mắt. Dấu gạch nối cũng có thể xảy ra một cách tự phát.	https://en.wikipedia.org/wiki/Hyphema
D007024	Hạ huyết áp, tư thế		Không tìm thấy mô tả.	
D007035	Hạ thân nhiệt	Hypothermia	"Hạ thân nhiệt được định nghĩa là nhiệt độ lõi cơ thể dưới 35,0 °C (95,0 °F) ở người. Các triệu chứng phụ thuộc vào nhiệt độ. Khi hạ thân nhiệt nhẹ, có hiện tượng run rẩy và rối loạn tâm thần. Khi hạ thân nhiệt vừa phải, tình trạng run rẩy ngừng lại và tình trạng lú lẫn tăng lên. Trong trường hợp hạ thân nhiệt nghiêm trọng, có thể xảy ra ảo giác và cởi quần áo một cách nghịch lý hoặc nạn nhân cởi bỏ quần áo cũng như tăng nguy cơ tim ngừng đập. Hạ thân nhiệt có hai loại nguyên nhân chính. Nó thường xảy ra do tiếp xúc với thời tiết lạnh và ngâm trong nước lạnh. Nó cũng có thể xảy ra do bất kỳ điều kiện nào làm giảm sản sinh nhiệt hoặc tăng mất nhiệt. Thông thường, điều này bao gồm ngộ độc rượu nhưng cũng có thể bao gồm lượng đường trong máu thấp, chán ăn và tuổi cao. Nhiệt độ cơ thể thường được duy trì gần mức không đổi 36,5–37,5 °C (97,7–99,5 °F) thông qua quá trình điều nhiệt. Những nỗ lực để tăng nhiệt độ cơ thể bao gồm run rẩy, tăng cường hoạt động tự nguyện và mặc quần áo ấm hơn. Hạ thân nhiệt có thể được chẩn đoán bằng các triệu chứng của một người khi có các yếu tố nguy cơ hoặc đo nhiệt độ cơ thể của một người. Việc điều trị hạ thân nhiệt nhẹ bao gồm đồ uống ấm, quần áo ấm và hoạt động thể chất tự nguyện. Ở những người bị hạ thân nhiệt vừa phải, nên dùng chăn sưởi và truyền dịch ấm. Những người bị hạ thân nhiệt ở mức độ vừa hoặc nặng nên được di chuyển nhẹ nhàng. Trong tình trạng hạ thân nhiệt nghiêm trọng, oxy hóa qua màng ngoài cơ thể (ECMO) hoặc bắc cầu tim phổi có thể hữu ích. Ở những người không có mạch, hồi sức tim phổi (CPR) được chỉ định cùng với các biện pháp trên. Việc làm ấm lại thường được tiếp tục cho đến khi nhiệt độ của nạn nhân lớn hơn 32 °C (90 °F). Nếu không có cải thiện vào thời điểm này hoặc nồng độ kali trong máu lớn hơn 12 milimol/lít vào bất kỳ lúc nào thì có thể ngừng hồi sức. Hạ thân nhiệt là nguyên nhân gây ra ít nhất 1.500 ca tử vong mỗi năm ở Hoa Kỳ. Nó phổ biến hơn ở người lớn tuổi và nam giới. Một trong những nhiệt độ cơ thể thấp nhất được ghi nhận mà một người vô tình bị hạ thân nhiệt có thể sống sót là 12,7 °C (54,9 °F) ở một cậu bé 2 tuổi đến từ Ba Lan tên là Adam. Sự sống sót sau hơn sáu giờ CPR đã được mô tả. Khi sử dụng ECMO hoặc bắc cầu, tỷ lệ sống sót là khoảng 50%. Những cái chết do hạ thân nhiệt đã đóng một vai trò quan trọng trong nhiều cuộc chiến tranh. Thuật ngữ này có nguồn gốc từ tiếng Hy Lạp ῠ̔πο (ypo), có nghĩa là ""dưới"" và θέρμη (thérmē), có nghĩa là ""nhiệt"". Ngược lại với hạ thân nhiệt là tăng thân nhiệt, nhiệt độ cơ thể tăng lên do cơ chế điều chỉnh nhiệt không thành công."	https://en.wikipedia.org/wiki/Hypothermia
D007040	Giảm thông khí	Hypoventilation	"Giảm thông khí (còn được gọi là suy hô hấp) xảy ra khi thông khí không đủ (hypo có nghĩa là ""dưới"") để thực hiện trao đổi khí hô hấp cần thiết. Theo định nghĩa, nó gây ra sự gia tăng nồng độ carbon dioxide (tăng CO2) và nhiễm toan hô hấp. Giảm thông khí không đồng nghĩa với ngừng hô hấp, trong đó ngừng thở hoàn toàn và tử vong xảy ra trong vòng vài phút do thiếu oxy và nhanh chóng dẫn đến thiếu oxy hoàn toàn, mặc dù cả hai đều là trường hợp cấp cứu y tế. Giảm thông khí có thể được coi là dấu hiệu báo trước của tình trạng thiếu oxy và mức độ gây tử vong của nó được cho là do tình trạng thiếu oxy có độc tính carbon dioxide."	https://en.wikipedia.org/wiki/Hypoventilation
D007088	Ảo tưởng	Illusion	"Ảo ảnh là sự biến dạng của các giác quan, có thể tiết lộ cách thức mà tâm trí thường tổ chức và diễn giải các kích thích giác quan. Mặc dù những ảo tưởng bóp méo nhận thức của con người về thực tế, nhưng nhìn chung hầu hết mọi người đều chia sẻ chúng. Ảo ảnh có thể xảy ra với bất kỳ giác quan nào của con người, nhưng ảo ảnh thị giác (ảo ảnh quang học) là loại được biết đến và hiểu rõ nhất. Sự nhấn mạnh vào ảo giác thị giác xảy ra do thị giác thường lấn át các giác quan khác. Ví dụ: những người xem người nói tiếng bụng sẽ cảm nhận được giọng nói như phát ra từ hình nộm vì họ có thể nhìn thấy lời nói từ miệng hình nộm. Một số ảo ảnh dựa trên những giả định chung mà não tạo ra trong quá trình nhận thức. Những giả định này được thực hiện bằng cách sử dụng các nguyên tắc tổ chức (ví dụ: lý thuyết Gestalt), khả năng nhận thức chiều sâu và nhận thức chuyển động của một cá nhân cũng như tính nhất quán về nhận thức. Những ảo tưởng khác xảy ra do cấu trúc cảm giác sinh học bên trong cơ thể con người hoặc các điều kiện bên ngoài cơ thể trong môi trường vật lý của một người. Thuật ngữ ảo ảnh đề cập đến một dạng biến dạng cảm giác cụ thể. Không giống như ảo giác, là sự biến dạng khi không có kích thích, ảo ảnh mô tả sự hiểu sai về một cảm giác thực sự. Ví dụ, nghe thấy giọng nói bất kể môi trường nào sẽ là ảo giác, trong khi nghe thấy giọng nói trong tiếng nước chảy (hoặc nguồn thính giác khác) sẽ là ảo ảnh. Vì vậy, sẽ không sai khi cho rằng ảo ảnh chỉ là ""sự hiểu sai"" về cách não chúng ta nhìn nhận một thứ gì đó tồn tại (không giống như ảo giác khi không có kích thích)."	https://en.wikipedia.org/wiki/Illusion
D007319	Rối loạn khởi đầu và duy trì giấc ngủ		Không tìm thấy mô tả.	
D007331	Hôn mê insulin		Không tìm thấy mô tả.	
D007383	Đau cách hồi không liên tục		Không tìm thấy mô tả.	
D007565	vàng da	Jaundice	Bệnh vàng da, còn được gọi là vàng da, là tình trạng sắc tố màu vàng hoặc ít gặp hơn là màu xanh lục ở da và củng mạc do nồng độ bilirubin cao. Vàng da ở người lớn thường cho thấy sự hiện diện của các bệnh tiềm ẩn liên quan đến chuyển hóa heme bất thường, rối loạn chức năng gan hoặc tắc nghẽn đường mật. Tỷ lệ mắc bệnh vàng da ở người lớn là rất hiếm, trong khi bệnh vàng da ở trẻ sơ sinh lại khá phổ biến, ước tính khoảng 80% bị ảnh hưởng trong tuần đầu tiên của cuộc đời. Các triệu chứng thường gặp nhất của bệnh vàng da là ngứa, phân nhạt và nước tiểu sẫm màu. Nồng độ bilirubin trong máu bình thường là dưới 1,0 mg/dl (17 μmol/L), trong khi nồng độ trên 2–3 mg/dl (34–51 μmol/L) thường dẫn đến vàng da. Bilirubin trong máu cao được chia thành hai loại: bilirubin không liên hợp và bilirubin liên hợp. Nguyên nhân gây vàng da rất đa dạng, từ tương đối lành tính đến có thể gây tử vong. Bilirubin không liên hợp cao có thể là do hồng cầu bị phá vỡ quá mức, vết bầm tím lớn, tình trạng di truyền như hội chứng Gilbert, bỏ ăn trong thời gian dài, vàng da ở trẻ sơ sinh hoặc các vấn đề về tuyến giáp. Bilirubin liên hợp cao có thể là do các bệnh về gan như xơ gan hoặc viêm gan, nhiễm trùng, dùng thuốc hoặc tắc nghẽn ống mật, do các yếu tố bao gồm sỏi mật, ung thư hoặc viêm tụy. Các tình trạng khác cũng có thể gây vàng da nhưng không phải là vàng da, bao gồm cả chứng tăng caroten trong máu, có thể phát triển do ăn một lượng lớn thực phẩm có chứa carotene—hoặc các loại thuốc như rifampin. Điều trị bệnh vàng da thường được xác định bởi nguyên nhân cơ bản. Nếu có tắc nghẽn ống mật, thường phải phẫu thuật; mặt khác, quản lý là y tế. Quản lý y tế có thể liên quan đến việc điều trị các nguyên nhân nhiễm trùng và ngừng dùng thuốc có thể góp phần gây ra bệnh vàng da. Vàng da ở trẻ sơ sinh có thể được điều trị bằng liệu pháp quang học hoặc thay máu tùy theo độ tuổi và trẻ sinh non khi bilirubin lớn hơn 4–21 mg/dl (68–365 μmol/L). Cơn ngứa có thể được giảm bớt bằng cách dẫn lưu túi mật, axit ursodeoxycholic hoặc thuốc đối kháng opioid như naltrexone. Từ vàng da có nguồn gốc từ tiếng Pháp jaunisse, có nghĩa là 'bệnh vàng da'.	https://en.wikipedia.org/wiki/Jaundice
D007625	Hội chứng Kearns-Sayre		Không tìm thấy mô tả.	
D007706	Hội chứng tóc xoăn Menkes		Không tìm thấy mô tả.	
D007805	Rối loạn phát triển ngôn ngữ		Không tìm thấy mô tả.	
D007806	Rối loạn ngôn ngữ		Không tìm thấy mô tả.	
D007859	Rối loạn học tập		Không tìm thấy mô tả.	
D007926	Hội chứng Lesch-Nyhan	Lesch–Nyhan syndrome	Hội chứng Lesch–Nyhan (LNS) là một rối loạn di truyền hiếm gặp do thiếu hụt enzyme hypoxanthine-guaninephosphoribosyltransferase (HGPRT). Sự thiếu hụt này xảy ra do đột biến gen HPRT1 nằm trên nhiễm sắc thể X. LNS ảnh hưởng đến khoảng 1 trên 380.000 ca sinh sống. Chứng rối loạn này lần đầu tiên được phát hiện và mô tả lâm sàng bởi sinh viên y khoa người Mỹ Michael Lesch và cố vấn của anh, bác sĩ nhi khoa William Nyhan, tại Johns Hopkins. Sự thiếu hụt HGPRT gây ra sự tích tụ axit uric trong tất cả các chất dịch cơ thể. Sự kết hợp giữa tăng tổng hợp và giảm sử dụng purin dẫn đến sản xuất axit uric ở mức độ cao. Điều này dẫn đến nồng độ axit uric trong máu và nước tiểu cao, liên quan đến bệnh gút và các vấn đề về thận nghiêm trọng. Các dấu hiệu thần kinh bao gồm khả năng kiểm soát cơ kém và thiểu năng trí tuệ ở mức độ trung bình. Những biến chứng này thường xuất hiện trong năm đầu đời. Bắt đầu từ năm thứ hai của cuộc đời, một đặc điểm đặc biệt nổi bật của LNS là hành vi tự cắt xén bản thân, đặc trưng là cắn môi và ngón tay. Các triệu chứng thần kinh bao gồm khuôn mặt nhăn nhó, quằn quại không chủ ý và cử động lặp đi lặp lại của cánh tay và chân tương tự như những biểu hiện trong bệnh Huntington. Nguyên nhân của những bất thường về thần kinh vẫn chưa được biết. Vì thiếu HGPRT khiến cơ thể sử dụng kém vitamin B12 nên một số nam giới có thể bị thiếu máu hồng cầu khổng lồ. LNS được di truyền theo kiểu lặn liên kết với X; đột biến gen thường được người mẹ mang theo và truyền lại cho con trai, mặc dù 1/3 số trường hợp phát sinh de novo (từ những đột biến mới) và không có tiền sử gia đình. LNS có mặt khi sinh ở bé trai. Hầu hết, nhưng không phải tất cả, những người mắc chứng thiếu hụt này đều gặp phải các vấn đề nghiêm trọng về thể chất và tinh thần trong suốt cuộc đời. Trường hợp ở nữ giới rất hiếm. Các triệu chứng do sự tích tụ axit uric (các triệu chứng bệnh gút và thận) đáp ứng tốt với việc điều trị bằng các loại thuốc như allopurinol làm giảm nồng độ axit uric trong máu. Những khiếm khuyết về tinh thần và hành vi tự làm tổn thương bản thân không đáp ứng tốt với việc điều trị. Không có cách chữa trị, nhưng nhiều người bị ảnh hưởng vẫn sống đến tuổi trưởng thành. Một số phương pháp điều trị thử nghiệm mới có thể làm giảm bớt các triệu chứng.	https://en.wikipedia.org/wiki/Lesch%E2%80%93Nyhan_syndrome
D008065	Bệnh protein lipid của Urbach và Wiethe		Không tìm thấy mô tả.	
D008569	Rối loạn trí nhớ		Không tìm thấy mô tả.	
D008580	bệnh màng não	Meningism	"Bệnh màng não là một tập hợp các triệu chứng tương tự như viêm màng não nhưng không phải do viêm màng não gây ra. Trong khi viêm màng não là tình trạng viêm màng não (màng bao phủ hệ thần kinh trung ương), bệnh màng não là do kích thích màng não không do màng não, thường liên quan đến bệnh sốt cấp tính, đặc biệt là ở trẻ em và thanh thiếu niên. Bệnh màng não bao gồm bộ ba (hội chứng 3 triệu chứng) cứng gáy (cứng cổ), sợ ánh sáng (không dung nạp ánh sáng) và đau đầu. Do đó, cần phân biệt với các vấn đề về thần kinh trung ương khác có triệu chứng tương tự, bao gồm viêm màng não và một số loại xuất huyết nội sọ. Các dấu hiệu lâm sàng liên quan bao gồm dấu hiệu Kernig và ba dấu hiệu đều có tên là dấu hiệu Brudzinski. Mặc dù các hệ thống mã hóa bệnh học, chẳng hạn như ICD-10 và MeSH, định nghĩa bệnh màng não/bệnh màng não là giống viêm màng não nhưng trên thực tế không phải là viêm màng não, nhiều bác sĩ sử dụng thuật ngữ bệnh màng não theo nghĩa lỏng lẻo trên lâm sàng để chỉ bất kỳ tập hợp triệu chứng giống viêm màng não nào trước khi biết rõ nguyên nhân. Theo nghĩa này, từ này có nghĩa là ""nghi ngờ viêm màng não"". Các từ triệu chứng màng não có thể được sử dụng thay thế để tránh sự mơ hồ, do đó bảo lưu thuật ngữ màng não theo nghĩa chặt chẽ của nó."	https://en.wikipedia.org/wiki/Meningism
D008607	Khuyết tật trí tuệ	Intellectual disability	Khuyết tật trí tuệ, còn gọi là rối loạn phát triển trí tuệ và được gọi là khó khăn trong học tập (ở Vương quốc Anh và khác với khuyết tật học tập), là một rối loạn phát triển thần kinh tổng quát được đặc trưng bởi sự suy giảm đáng kể về chức năng trí tuệ và khả năng thích ứng. Khuyết tật trí tuệ có thể biểu hiện đầu tiên ở tuổi đi học. Nguyên nhân của tình trạng khuyết tật có thể là do phát triển hoặc do di truyền. Trẻ khuyết tật trí tuệ thường có chỉ số thông minh (IQ) dưới 70 và thiếu hụt ít nhất hai hành vi thích ứng ảnh hưởng đến cuộc sống hàng ngày.  Theo DSM-5, các chức năng trí tuệ bao gồm lý luận, giải quyết vấn đề, lập kế hoạch, tư duy trừu tượng, phán đoán, học tập hàn lâm và học hỏi từ kinh nghiệm. Sự thiếu hụt các chức năng này phải được xác nhận bằng đánh giá lâm sàng và kiểm tra IQ tiêu chuẩn cá nhân. Mặt khác, hành vi thích ứng bao gồm các kỹ năng xã hội, phát triển và thực tế mà con người học được để thực hiện các nhiệm vụ trong cuộc sống hàng ngày. Những khiếm khuyết trong chức năng thích ứng thường làm tổn hại đến tính độc lập và khả năng đáp ứng trách nhiệm xã hội của một cá nhân. Sự suy giảm trí nhớ và nhận thức liên quan đến tuổi tác có thể gây ra tình trạng thiểu năng trí tuệ như đã thấy trong bệnh Alzheimer và các trường hợp teo não do lão hóa. Khuyết tật trí tuệ được chia thành khuyết tật trí tuệ hội chứng, trong đó có sự thiếu hụt về trí tuệ liên quan đến các dấu hiệu và triệu chứng y tế và hành vi khác, và khuyết tật trí tuệ không do hội chứng, trong đó sự thiếu hụt trí tuệ xuất hiện mà không có các bất thường khác. Hội chứng Down và hội chứng X dễ gãy là những ví dụ về hội chứng thiểu năng trí tuệ. Khuyết tật trí tuệ ảnh hưởng đến khoảng 2–3% dân số nói chung. 75-90% số người bị ảnh hưởng bị thiểu năng trí tuệ ở mức độ nhẹ. Các trường hợp không có hội chứng hoặc vô căn chiếm 30–50% các trường hợp này. Khoảng 1/4 trường hợp là do rối loạn di truyền và khoảng 5% trường hợp là do di truyền. Kể từ khi xuất bản DSM-5, các trường hợp không rõ nguyên nhân ảnh hưởng đến khoảng 95 triệu người vào năm 2013.	https://en.wikipedia.org/wiki/Intellectual_disability
D008998	Bệnh gamma đơn dòng có ý nghĩa không xác định		Không tìm thấy mô tả.	
D009041	Bệnh say tàu xe	Motion Sickness	"Bệnh say tàu xe có thể đề cập đến: Say tàu xe, buồn nôn do chuyển động hoặc cảm nhận được chuyển động Bệnh say tàu xe (album), album trực tiếp năm 2005 của Bright Eyes ""Motion Sickness"" (bài hát của Bright Eyes), 2000 ""Motion Sickness"" (bài hát của Phoebe Bridgers), 2017"	https://en.wikipedia.org/wiki/Motion_Sickness
D009058	Thở bằng miệng		Không tìm thấy mô tả.	
D009120	Chuột rút cơ bắp		Không tìm thấy mô tả.	
D009122	Tăng trương lực cơ		Không tìm thấy mô tả.	
D009123	Giảm trương lực cơ		Không tìm thấy mô tả.	
D009127	Độ cứng cơ		Không tìm thấy mô tả.	
D009128	Co cứng cơ		Không tìm thấy mô tả.	
D009133	Teo cơ		Không tìm thấy mô tả.	
D009155	Chủ nghĩa câm	Muteness	Trong quá trình phát triển của con người, chứng câm hay câm được định nghĩa là tình trạng không nói được, có hoặc không có khả năng nghe lời nói của người khác. Chứng câm thường được hiểu là tình trạng một người không có khả năng nói và thường được quan sát bởi các thành viên trong gia đình, người chăm sóc, giáo viên, bác sĩ hoặc nhà nghiên cứu bệnh học về ngôn ngữ và ngôn ngữ. Nó có thể không phải là tình trạng vĩnh viễn vì đột biến có thể được gây ra hoặc biểu hiện do một số hiện tượng khác nhau, chẳng hạn như chấn thương sinh lý, bệnh tật, tác dụng phụ của thuốc, chấn thương tâm lý, rối loạn phát triển hoặc rối loạn thần kinh. Một khuyết tật thể chất hoặc rối loạn giao tiếp cụ thể có thể được chẩn đoán dễ dàng hơn. Mất khả năng nói bình thường trước đây (mất ngôn ngữ) có thể do tai nạn, bệnh tật hoặc biến chứng phẫu thuật; hiếm khi vì lý do tâm lý. Việc điều trị hoặc quản lý cũng khác nhau tùy theo nguyên nhân và điều này thường có thể được xác định sau khi đánh giá khả năng nói. Điều trị đôi khi có thể khôi phục lại khả năng nói. Nếu không, sẽ có sẵn một loạt các thiết bị liên lạc hỗ trợ và tăng cường.	https://en.wikipedia.org/wiki/Muteness
D009207	giật cơ	Myoclonus	"Giật cơ là một cơn co giật ngắn, không tự nguyện, không đều (thiếu nhịp điệu) của một cơ, khớp hoặc một nhóm cơ, khác với giật giật là nhịp nhàng hoặc đều đặn. Myoclonus (myo- ""cơ"", clonus ""co thắt"") mô tả một dấu hiệu y tế và nói chung không phải là chẩn đoán bệnh. Nó thuộc về các rối loạn vận động tăng động, ví dụ như run và múa giật. Những cơn giật cơ, giật cơ hoặc co giật này thường do các cơn co cơ đột ngột (giật cơ dương tính) hoặc những cơn co thắt ngắn hạn (giật cơ âm tính).  Trường hợp phổ biến nhất mà chúng xảy ra là khi đang ngủ (hypnic giật).  Giật cơ xảy ra ở những người khỏe mạnh và đôi khi ai cũng gặp phải.  Tuy nhiên, khi chúng xuất hiện dai dẳng hơn và lan rộng hơn, chúng có thể là dấu hiệu của nhiều chứng rối loạn thần kinh khác nhau.  Nấc cụt là một loại giật cơ đặc biệt ảnh hưởng đến cơ hoành.  Khi một cơn co thắt được kích hoạt bởi một kích thích bên ngoài, nó được gọi là cơn co thắt bị kích thích.  Các cơn rùng mình ở trẻ sơ sinh thuộc loại này. Giật cơ có thể xảy ra đơn lẻ hoặc theo trình tự, theo kiểu hoặc không theo kiểu. Chúng có thể xảy ra không thường xuyên hoặc nhiều lần mỗi phút.  Thông thường, rung giật cơ là một trong nhiều dấu hiệu của nhiều rối loạn hệ thần kinh như bệnh đa xơ cứng, bệnh Parkinson, loạn trương lực cơ, bại não, bệnh Alzheimer, bệnh Gaucher, viêm não xơ cứng bán cấp, bệnh Creutzfeldt–Jakob (CJD), nhiễm độc serotonin, một số trường hợp bệnh Huntington, một số dạng động kinh và đôi khi hạ huyết áp nội sọ. Trong hầu hết các trường hợp rung giật cơ do bệnh lý hệ thần kinh trung ương gây ra, trước đó nó có các triệu chứng khác; ví dụ, trong CJD, nó thường là một đặc điểm lâm sàng ở giai đoạn cuối xuất hiện sau khi bệnh nhân đã bắt đầu có biểu hiện suy giảm thần kinh trầm trọng. Về mặt giải phẫu, rung giật cơ có thể bắt nguồn từ các tổn thương ở vỏ não, dưới vỏ não hoặc tủy sống.  Sự hiện diện của giật cơ phía trên lỗ lớn giúp loại trừ rung giật cơ cột sống một cách hiệu quả; việc định vị thêm dựa vào việc điều tra sâu hơn bằng điện cơ (EMG) và điện não đồ (EEG)."	https://en.wikipedia.org/wiki/Myoclonus
D009222	tăng trương lực cơ	Myotonia	"Tăng trương lực cơ là triệu chứng của một số ít rối loạn thần kinh cơ nhất định, đặc trưng bởi sự thư giãn chậm (co thắt kéo dài) của các cơ xương sau khi co tự nguyện hoặc kích thích điện, và cơ có biểu hiện EMG bất thường. Myotonia là triệu chứng xác định của nhiều bệnh kênh (bệnh vận chuyển kênh ion) như myotonia congenita, paramyotonia congenita và loạn dưỡng trương lực cơ. Bệnh Brody (một bệnh vận chuyển bơm ion) có các triệu chứng tương tự như bệnh tăng trương lực cơ bẩm sinh, tuy nhiên, việc giãn cơ chậm là giả tăng trương lực cơ vì EMG là bình thường. Các bệnh khác có biểu hiện giả tăng trương lực cơ là viêm cơ, bệnh dự trữ glycogen, liệt chu kỳ tăng kali máu, bệnh rễ, rối loạn tế bào sừng trước, tăng trương lực cơ thần kinh và hội chứng Hoffmann. Nói chung, sự co cơ lặp đi lặp lại có thể làm giảm chứng tăng trương lực cơ và thư giãn các cơ, do đó cải thiện tình trạng, tuy nhiên, điều này không xảy ra với bệnh paramyotonia congenita. Hiện tượng này được gọi là phản xạ ""khởi động"" và không nên nhầm lẫn với khởi động trước khi tập thể dục, mặc dù chúng có thể trông giống nhau. Những người mắc chứng rối loạn này có thể gặp khó khăn khi thả tay ra khỏi đồ vật hoặc có thể gặp khó khăn khi đứng lên từ tư thế ngồi và dáng đi cứng nhắc, vụng về. Myotonia có thể ảnh hưởng đến tất cả các nhóm cơ; tuy nhiên, kiểu cơ bị ảnh hưởng có thể khác nhau tùy thuộc vào chứng rối loạn cụ thể liên quan. Những người bị rối loạn liên quan đến chứng tăng trương lực cơ có thể có những phản ứng đe dọa tính mạng đối với một số loại thuốc gây mê được gọi là tiêu cơ vân do gây mê."	https://en.wikipedia.org/wiki/Myotonia
D009290	Chứng ngủ rũ	Narcolepsy	Chứng ngủ rũ là một chứng rối loạn thần kinh mãn tính làm suy yếu khả năng điều chỉnh chu kỳ ngủ-thức và đặc biệt ảnh hưởng đến giấc ngủ REM (chuyển động mắt nhanh). Các triệu chứng của chứng ngủ rũ bao gồm buồn ngủ ban ngày quá mức (EDS), ảo giác liên quan đến giấc ngủ, tê liệt khi ngủ, rối loạn giấc ngủ về đêm (DNS) và chứng mất trương lực. Những người mắc chứng ngủ rũ thường có chất lượng giấc ngủ kém. Có hai dạng chứng ngủ rũ được công nhận: loại 1 và loại 2. Chứng ngủ rũ loại 1 có EDS với nồng độ orexin trong dịch não tủy hoặc cataplexy (CSF) dưới 110 pg/ml, nhưng hầu hết các trường hợp đều có cả hai. Chứng mất trương lực xuất hiện dưới dạng các giai đoạn trương lực cơ bất thường thoáng qua (thường là mất trương lực cơ) do cảm xúc mạnh gây ra. Trong chứng ngủ rũ khởi phát ở trẻ em, chứng mất trương lực có thể biểu hiện với các đặc điểm tăng động thoáng qua. Cataplexy có thể bị nhầm lẫn với ngất, giật cơ hoặc co giật. Chứng ngủ rũ loại 2 (NT2) không có biểu hiện mất trương lực và mức orexin trong dịch não tủy ở mức bình thường. Ảo giác liên quan đến giấc ngủ, cả ảo giác thôi miên (đi ngủ) và ảo giác thôi miên (khi thức dậy), có thể là thính giác, thị giác hoặc xúc giác và có thể xảy ra độc lập hoặc kết hợp với tình trạng không thể cử động (tê liệt khi ngủ). Chứng ngủ rũ là một hội chứng lâm sàng của rối loạn vùng dưới đồi, nhưng nguyên nhân chính xác của chứng ngủ rũ vẫn chưa được biết rõ, có thể có một số nguyên nhân. Nguyên nhân hàng đầu của chứng ngủ rũ loại 1 là do rối loạn tự miễn dịch. Sinh lý bệnh được đề xuất là một bệnh tự miễn cho thấy sự trình diện kháng nguyên của DQ0602 tới các tế bào T CD4+ cụ thể dẫn đến kích hoạt tế bào T CD8+ và do đó gây tổn thương cho các tế bào thần kinh sản xuất orexin. Nguy cơ tương đối mắc chứng ngủ rũ ở người thân độ một được coi là cao hơn ít nhất 10 lần so với dân số nói chung. Có nhiều người thân mắc chứng rối loạn giấc ngủ nguyên phát làm tăng đáng kể nguy cơ tương đối nhưng nguy cơ tuyệt đối vẫn ở mức thấp do tình trạng này hiếm gặp. Quá trình tự miễn dịch được cho là được kích hoạt ở những người nhạy cảm về mặt di truyền do trải nghiệm kích thích miễn dịch, chẳng hạn như nhiễm cúm H1N1. Chứng ngủ rũ thứ phát có thể xảy ra do hậu quả của một chứng rối loạn thần kinh khác. Chứng ngủ rũ thứ phát có thể gặp ở một số người bị chấn thương sọ não, khối u, hội chứng Prader–Willi hoặc các bệnh khác ảnh hưởng đến các bộ phận của não điều chỉnh sự tỉnh táo hoặc giấc ngủ REM. Chẩn đoán thường dựa trên các triệu chứng và nghiên cứu về giấc ngủ, sau khi loại trừ các nguyên nhân khác của EDS. EDS cũng có thể được gây ra bởi các rối loạn giấc ngủ khác như hội chứng ngủ không đủ giấc, ngưng thở khi ngủ, rối loạn trầm cảm nặng, thiếu máu, suy tim và uống rượu. Mặc dù không có cách chữa trị nhưng các chiến lược hành vi, thay đổi lối sống, hỗ trợ xã hội và thuốc men có thể hữu ích. Các chiến lược về lối sống và hành vi có thể bao gồm việc xác định và tránh hoặc giảm bớt các yếu tố kích thích cảm xúc gây ra chứng mất trương lực, các chiến lược ăn kiêng có thể làm giảm lượng thức ăn và đồ uống gây buồn ngủ, các giấc ngủ ngắn theo lịch trình hoặc chiến lược và duy trì lịch trình ngủ-thức đều đặn. Hỗ trợ xã hội, mạng lưới xã hội và hòa nhập xã hội là những nguồn lực có thể nằm trong cộng đồng liên quan đến việc sống chung với chứng ngủ rũ. Các loại thuốc dùng để điều trị chứng ngủ rũ chủ yếu nhắm vào EDS và/hoặc chứng mất trương lực. Những loại thuốc này bao gồm các chất cảnh báo (ví dụ: modafinil, armodafinil, pitolisant, sorriamfetol), thuốc oxybate (ví dụ: natri oxybate hai lần mỗi đêm, muối oxybate hỗn hợp hai lần mỗi đêm và một lần natri oxybate giải phóng kéo dài hàng đêm) và các chất kích thích khác (ví dụ: methylphenidate, amphetamine). Ngoài ra còn có việc sử dụng các thuốc chống trầm cảm như thuốc chống trầm cảm ba vòng, thuốc ức chế tái hấp thu serotonin có chọn lọc (SSRI) và thuốc ức chế tái hấp thu serotonin–norepinephrine (SNRI) để điều trị chứng mất trương lực.  Ước tính tần số dao động từ 0,2 đến 600 trên 100.000 người ở nhiều quốc gia khác nhau. Tình trạng này thường bắt đầu từ thời thơ ấu, nam và nữ đều bị ảnh hưởng như nhau. Chứng ngủ rũ không được điều trị làm tăng nguy cơ va chạm và té ngã khi xe cơ giới. Chứng ngủ rũ thường xảy ra bất cứ lúc nào từ thời thơ ấu đến 50 tuổi và phổ biến nhất là từ 15 đến 36 tuổi. Tuy nhiên, nó cũng có thể hiếm khi xuất hiện ở bất kỳ thời điểm nào ngoài phạm vi này.	https://en.wikipedia.org/wiki/Narcolepsy
D009325	buồn nôn	Nausea	"Buồn nôn là một cảm giác khó chịu và khó chịu lan tỏa, đôi khi được coi là muốn nôn. Nó có thể là một triệu chứng suy nhược nếu kéo dài và được mô tả là gây khó chịu ở ngực, bụng hoặc sau cổ họng. Hơn 30 định nghĩa về buồn nôn đã được đề xuất trong một cuốn sách năm 2011 về chủ đề này. Buồn nôn là một triệu chứng không đặc hiệu, có nghĩa là nó có nhiều nguyên nhân có thể xảy ra. Một số nguyên nhân phổ biến gây buồn nôn là viêm dạ dày ruột và các rối loạn tiêu hóa khác, ngộ độc thực phẩm, say tàu xe, chóng mặt, đau nửa đầu, ngất xỉu, lượng đường trong máu thấp, lo lắng, tăng thân nhiệt, mất nước và thiếu ngủ. Buồn nôn là tác dụng phụ của nhiều loại thuốc bao gồm hóa trị hoặc ốm nghén trong thời kỳ đầu mang thai. Buồn nôn cũng có thể do chán ghét và trầm cảm. Thuốc dùng để ngăn ngừa và điều trị buồn nôn và nôn được gọi là thuốc chống nôn. Các loại thuốc chống nôn được kê đơn phổ biến nhất ở Hoa Kỳ là promethazine, metoclopramide và ondansetron mới hơn. Từ buồn nôn bắt nguồn từ tiếng Latin buồn nôn, từ tiếng Hy Lạp ναυσία – nausia, ""ναυτία"" – nautia, say sóng, ""cảm thấy buồn nôn hoặc buồn nôn"", từ tiếng Latin naus, tiếng Hy Lạp ναος, một con tàu."	https://en.wikipedia.org/wiki/Nausea
D009437	Đau dây thần kinh	Neuralgia	"Đau dây thần kinh (tế bào thần kinh Hy Lạp, ""dây thần kinh"" + algos, ""đau"") là cơn đau trong sự phân bố của một dây thần kinh hoặc các dây thần kinh, như đau dây thần kinh liên sườn, đau dây thần kinh sinh ba và đau dây thần kinh thiệt hầu."	https://en.wikipedia.org/wiki/Neuralgia
D009461	Biểu hiện thần kinh		Không tìm thấy mô tả.	
D009755	Bệnh quáng gà	Nyctalopia	"Nyctalopia (; từ tiếng Hy Lạp cổ νύκτ- (núkt-) 'đêm', ἀλαός (alaós) 'mù, vô hình' và ὄψ (óps) 'mắt'), còn được gọi là mù đêm, là một tình trạng khiến bạn khó hoặc không thể nhìn thấy trong điều kiện ánh sáng tương đối yếu. Đó là triệu chứng của một số bệnh về mắt. Quáng gà có thể tồn tại từ khi sinh ra hoặc do chấn thương hoặc suy dinh dưỡng (ví dụ, thiếu vitamin A). Nó có thể được mô tả là không đủ khả năng thích ứng với bóng tối. Nguyên nhân phổ biến nhất của bệnh viễn thị là viêm võng mạc sắc tố, một chứng rối loạn trong đó các tế bào hình que trong võng mạc dần mất khả năng phản ứng với ánh sáng. Bệnh nhân mắc tình trạng di truyền này có bệnh viễn thị tiến triển và cuối cùng, thị lực ban ngày của họ cũng có thể bị ảnh hưởng. Đối với bệnh mù đêm cố định bẩm sinh liên kết với X, các que từ khi sinh ra đã không hoạt động hoặc hoạt động rất ít nhưng tình trạng không trở nên nặng hơn. Một nguyên nhân khác gây quáng gà là do thiếu retinol, hay vitamin A1, có trong dầu cá, gan và các sản phẩm từ sữa. Vấn đề ngược lại, không thể nhìn thấy dưới ánh sáng mạnh, được gọi là cận thị và hiếm gặp hơn nhiều. Vì khu vực bên ngoài của võng mạc được tạo thành từ nhiều tế bào hình que hơn hình nón nên mất thị lực ngoại vi thường dẫn đến quáng gà. Những người bị quáng gà không chỉ nhìn kém vào ban đêm mà còn cần thêm thời gian để mắt điều chỉnh từ vùng sáng sang vùng tối. Tầm nhìn tương phản cũng có thể bị giảm đáng kể. Que chứa một loại protein thụ thể gọi là rhodopsin. Khi ánh sáng chiếu vào rhodopsin, nó trải qua một loạt thay đổi về hình dạng, cuối cùng tạo ra các tín hiệu điện được truyền đến não thông qua dây thần kinh thị giác. Khi không có ánh sáng, rhodopsin được tái sinh. Cơ thể tổng hợp rhodopsin từ vitamin A, đó là lý do tại sao thiếu vitamin A sẽ gây ra thị lực kém vào ban đêm. Phẫu thuật ""điều chỉnh thị lực"" khúc xạ (đặc biệt là PRK với biến chứng ""mù mù"") hiếm khi gây giảm thị lực tốt nhất vào ban đêm do suy giảm chức năng nhạy cảm tương phản (CSF) gây ra bởi tán xạ ánh sáng nội nhãn do can thiệp phẫu thuật vào tính toàn vẹn cấu trúc tự nhiên của giác mạc."	https://en.wikipedia.org/wiki/Nyctalopia
D009765	Béo phì	Obesity	Béo phì là một tình trạng y tế, được nhiều tổ chức coi là một căn bệnh, trong đó mỡ thừa trong cơ thể tích tụ đến mức có thể gây ảnh hưởng tiêu cực đến sức khỏe. Mọi người được phân loại là béo phì khi chỉ số khối cơ thể (BMI)—cân nặng của một người chia cho bình phương chiều cao của người đó—trên 30 kg/m2; phạm vi 25–30 kg/m2 được xác định là thừa cân. Một số quốc gia Đông Á sử dụng ngưỡng BMI thấp hơn để xác định béo phì. Béo phì là nguyên nhân chính gây ra tình trạng khuyết tật và có liên quan đến nhiều bệnh và tình trạng khác nhau, đặc biệt là bệnh tim mạch, tiểu đường loại 2, chứng ngưng thở khi ngủ do tắc nghẽn, một số loại ung thư và viêm xương khớp. Béo phì có nguyên nhân cá nhân, kinh tế xã hội và môi trường. Một số nguyên nhân được biết đến là chế độ ăn uống, hoạt động thể chất thấp, tự động hóa, đô thị hóa, tính nhạy cảm di truyền, thuốc men, rối loạn tâm thần, chính sách kinh tế và rối loạn nội tiết. Tiếp xúc với các hóa chất gây rối loạn nội tiết là một yếu tố nguy cơ. Trong khi nhiều người mắc bệnh béo phì cố gắng giảm cân và thường thành công thì việc duy trì giảm cân lâu dài là rất hiếm. Ngăn ngừa béo phì đòi hỏi một cách tiếp cận nhiều mặt, bao gồm các biện pháp can thiệp ở cấp độ y tế, xã hội, cộng đồng, gia đình và cá nhân. Thay đổi chế độ ăn uống cũng như tập thể dục là phương pháp điều trị chính được các chuyên gia y tế khuyên dùng. Chất lượng chế độ ăn uống có thể được cải thiện bằng cách giảm tiêu thụ thực phẩm giàu năng lượng, chẳng hạn như những thực phẩm giàu chất béo hoặc đường, và bằng cách tăng lượng chất xơ ăn vào. Tổ chức Y tế Thế giới nhấn mạnh rằng căn bệnh này là trách nhiệm xã hội và những lựa chọn chế độ ăn uống này phải là những lựa chọn sẵn có nhất, giá cả phải chăng và dễ tiếp cận nhất. Có thể sử dụng thuốc cùng với chế độ ăn uống phù hợp để giảm cảm giác thèm ăn hoặc giảm hấp thu chất béo. Nếu chế độ ăn kiêng, tập thể dục và dùng thuốc không hiệu quả, bóng dạ dày hoặc phẫu thuật có thể được thực hiện để giảm thể tích dạ dày hoặc chiều dài của ruột, dẫn đến cảm giác no sớm hơn hoặc giảm khả năng hấp thụ chất dinh dưỡng từ thức ăn. Phẫu thuật chuyển hóa thúc đẩy giảm cân không chỉ bằng cách giảm lượng calo mà còn bằng cách tạo ra những thay đổi bền vững trong việc tiết ra các hormone đường ruột liên quan đến sự thèm ăn và điều hòa trao đổi chất. Béo phì là nguyên nhân gây tử vong hàng đầu có thể phòng ngừa được trên toàn thế giới, với tỷ lệ ngày càng tăng ở người lớn và trẻ em. Vào năm 2022, hơn 1 tỷ người mắc bệnh béo phì trên toàn thế giới (879 triệu người lớn và 159 triệu trẻ em), cao hơn gấp đôi số trường hợp ở người lớn (và cao gấp bốn lần so với trường hợp ở trẻ em) được đăng ký vào năm 1990. Béo phì phổ biến ở phụ nữ hơn nam giới. Béo phì thường bị kỳ thị ở nhiều nơi trên thế giới. Ngược lại, một số nền văn hóa, trong quá khứ và hiện tại, lại có quan điểm tích cực về béo phì, coi đó là biểu tượng của sự giàu có và khả năng sinh sản. Tổ chức Y tế Thế giới, Mỹ, Canada, Nhật Bản, Bồ Đào Nha, Đức, Nghị viện Châu Âu và các hiệp hội y tế (như Hiệp hội Y khoa Hoa Kỳ) phân loại béo phì là một căn bệnh. Những nước khác, chẳng hạn như Vương quốc Anh, thì không.	https://en.wikipedia.org/wiki/Obesity
D009767	Béo phì, bệnh tật		Không tìm thấy mô tả.	
D009846	thiểu niệu	Oliguria	"Thiểu niệu hay giảm bài niệu là lượng nước tiểu thải ra thấp: cụ thể là trên 80 ml/ngày nhưng dưới 400ml/ngày. Lượng nước tiểu giảm có thể là dấu hiệu của mất nước, suy thận, sốc giảm thể tích, hội chứng tăng đường huyết không nhiễm ceton (HHNS), hội chứng rối loạn chức năng đa cơ quan, tắc nghẽn đường tiết niệu/bí tiểu, nhiễm toan đái tháo đường (DKA), tiền sản giật và nhiễm trùng đường tiết niệu, cùng các tình trạng khác. Ngoài thiểu niệu là vô niệu, biểu hiện tình trạng không có nước tiểu, được phân loại trên lâm sàng là dưới 80 hoặc 100 ml/ngày. Thuật ngữ thiểu niệu có nguồn gốc từ oligo có nghĩa là ""nhỏ, ít"" + -uria, từ tiếng Hy Lạp ouron, có nghĩa là ""nước tiểu""."	https://en.wikipedia.org/wiki/Oliguria
D009886	Liệt mắt	Ophthalmoparesis	Liệt mắt là tình trạng yếu (-paresis) hoặc liệt (-plegia) của một hoặc nhiều cơ ngoại bào chịu trách nhiệm cho chuyển động của mắt. Đó là một phát hiện thực thể trong một số bệnh về thần kinh, nhãn khoa và nội tiết. Liệt cơ vận nhãn bên trong có nghĩa là sự liên quan giới hạn ở cơ vòng đồng tử và cơ thể mi. Liệt vận nhãn ngoài chỉ liên quan đến các cơ ngoại nhãn. Liệt vận nhãn hoàn toàn cho thấy sự liên quan của cả hai.	https://en.wikipedia.org/wiki/Ophthalmoparesis
D009903	Ảo ảnh quang học	Optical illusion	Trong nhận thức thị giác, ảo ảnh quang học (còn gọi là ảo ảnh thị giác) là ảo ảnh do hệ thống thị giác gây ra và được đặc trưng bởi nhận thức thị giác được cho là có vẻ khác với thực tế. Ảo tưởng có rất nhiều loại; việc phân loại của chúng rất khó khăn vì nguyên nhân cơ bản thường không rõ ràng nhưng cách phân loại do Richard Gregory đề xuất rất hữu ích như một định hướng. Theo đó, có ba loại chính: ảo tưởng về thể chất, sinh lý và nhận thức, và trong mỗi loại có bốn loại: Sự mơ hồ, méo mó, nghịch lý và hư cấu. Một ví dụ cổ điển về sự biến dạng vật lý là sự uốn cong biểu kiến ​​của một cây gậy ngâm một nửa trong nước; một ví dụ cho nghịch lý sinh lý là hậu quả của chuyển động (trong đó, mặc dù có chuyển động nhưng vị trí vẫn không thay đổi). Một ví dụ cho hư cấu sinh lý là dư ảnh. Ba biến dạng nhận thức điển hình là ảo ảnh Ponzo, Poggendorff và Müller-Lyer. Ảo ảnh nhận thức về thị giác là kết quả của những suy luận vô thức và có lẽ được biết đến rộng rãi nhất. Ảo ảnh thị giác bệnh lý phát sinh từ những thay đổi bệnh lý trong cơ chế nhận thức thị giác sinh lý gây ra các loại ảo ảnh nói trên; chúng được thảo luận, ví dụ: dưới ảo giác thị giác. Ảo ảnh quang học, cũng như ảo ảnh đa giác quan liên quan đến nhận thức thị giác, cũng có thể được sử dụng để theo dõi và phục hồi một số rối loạn tâm lý, bao gồm hội chứng chi ma và bệnh tâm thần phân liệt.	https://en.wikipedia.org/wiki/Optical_illusion
D009912	Biểu hiện miệng		Không tìm thấy mô tả.	
D010146	Nỗi đau	Pain	"Đau là một cảm giác khó chịu của cơ thể thường được gây ra bởi các kích thích mạnh hoặc có hại. Hiệp hội Nghiên cứu về Cơn đau Quốc tế định nghĩa cơn đau là ""một trải nghiệm cảm giác và cảm giác khó chịu liên quan đến hoặc giống với cảm giác liên quan đến tổn thương mô thực tế hoặc tiềm ẩn."" Nỗi đau thúc đẩy động vật rút lui khỏi các tình huống gây tổn hại, để bảo vệ bộ phận cơ thể bị tổn thương trong khi nó lành lại và tránh những trải nghiệm tương tự trong tương lai. Hầu hết cơn đau sẽ thuyên giảm sau khi loại bỏ kích thích độc hại và cơ thể đã lành lại, nhưng nó có thể vẫn tồn tại mặc dù đã loại bỏ kích thích và cơ thể có vẻ đang lành lại. Đôi khi cơn đau xuất hiện mà không có bất kỳ kích thích, tổn thương hoặc bệnh tật nào có thể phát hiện được. Đau là lý do phổ biến nhất để được bác sĩ tư vấn ở hầu hết các nước phát triển. Đây là một triệu chứng chính trong nhiều tình trạng bệnh lý và có thể ảnh hưởng đến chất lượng cuộc sống cũng như hoạt động chung của một người. Những người bị đau bị suy giảm khả năng tập trung, trí nhớ làm việc, tinh thần linh hoạt, tốc độ giải quyết vấn đề và xử lý thông tin, đồng thời có nhiều khả năng bị cáu kỉnh, trầm cảm và lo lắng. Các loại thuốc giảm đau đơn giản không kê đơn có ích trong 20% ​​đến 70% các trường hợp đau cấp tính thông thường, chẳng hạn như đau sau nhổ răng. Các yếu tố tâm lý như hỗ trợ xã hội, liệu pháp hành vi nhận thức, sự phấn khích hoặc mất tập trung có thể ảnh hưởng đến cường độ hoặc sự khó chịu của cơn đau."	https://en.wikipedia.org/wiki/Pain
D010148	Đau đớn, khó chữa		Không tìm thấy mô tả.	
D010149	Đau, hậu phẫu		Không tìm thấy mô tả.	
D010167	Xanh xao	Pallor	Xanh xao là màu da nhợt nhạt có thể do bệnh tật, sốc cảm xúc hoặc căng thẳng, sử dụng chất kích thích hoặc thiếu máu và là kết quả của việc giảm lượng oxyhaemoglobin và cũng có thể được biểu hiện dưới dạng xanh xao của kết mạc mắt khi khám thực thể. Màu xanh xao hiện rõ hơn ở mặt và lòng bàn tay. Nó có thể phát triển đột ngột hoặc dần dần, tùy thuộc vào nguyên nhân. Nó thường không có ý nghĩa lâm sàng trừ khi nó đi kèm với tình trạng xanh xao nói chung (môi, lưỡi, lòng bàn tay, miệng và các vùng khác có màng nhầy nhợt nhạt). Nó được phân biệt với các biểu hiện tương tự như giảm sắc tố (thiếu hoặc mất sắc tố da) hoặc đơn giản là da có sắc tố nhẹ.  Ở những bệnh nhân có làn da sẫm màu, màu xanh xao khó phát hiện hơn và khó phát hiện hơn, thường biểu hiện dưới dạng tông màu da xám hoặc tro hơn ở những người có làn da nâu sẫm, hoặc nói cách khác là tông màu vàng hơn ở những người có làn da nâu nhạt hơn. Đánh giá lòng bàn tay, lòng bàn chân và màng nhầy với ánh sáng thích hợp trong những trường hợp như vậy có thể giúp việc phát hiện dễ dàng hơn.	https://en.wikipedia.org/wiki/Pallor
D010243	Tê liệt	Paralysis	"Liệt (pl.: tê liệt; còn được gọi là liệt) là tình trạng mất chức năng vận động ở một hoặc nhiều cơ. Tê liệt cũng có thể đi kèm với mất cảm giác (mất cảm giác) ở vùng bị ảnh hưởng nếu có tổn thương cảm giác. Tại Hoa Kỳ, khoảng 1 trong 50 người được chẩn đoán mắc một dạng liệt vĩnh viễn hoặc thoáng qua nào đó. Từ ""tê liệt"" bắt nguồn từ tiếng Hy Lạp παράλυσις, có nghĩa là ""làm tê liệt dây thần kinh"" từ παρά (para) có nghĩa là ""bên cạnh, bởi"" và λύσις (ly giải) có nghĩa là ""làm lỏng lẻo"". Tình trạng tê liệt kèm theo run rẩy không chủ ý thường được gọi là ""liệt""."	https://en.wikipedia.org/wiki/Paralysis
D010264	liệt hai chân	Paraplegia	"Paraplegia, hoặc paraparesis, là sự suy giảm chức năng vận động hoặc cảm giác của các chi dưới. Từ này xuất phát từ tiếng Hy Lạp Ionic (παραπληγίη) ""nửa bị ảnh hưởng"". Nó thường xảy ra do chấn thương tủy sống hoặc tình trạng bẩm sinh ảnh hưởng đến các thành phần thần kinh (não) của ống sống. Khu vực ống sống bị ảnh hưởng ở bệnh nhân liệt hai chân là vùng ngực, vùng thắt lưng hoặc vùng xương cùng. Nếu tứ chi bị liệt thì liệt tứ chi hoặc liệt tứ chi là thuật ngữ chính xác. Nếu chỉ có một chi bị ảnh hưởng thì thuật ngữ chính xác là liệt một chi. Liệt cứng hai chi dưới là một dạng liệt hai chân được xác định bởi tình trạng co cứng của các cơ bị ảnh hưởng, chứ không phải do liệt mềm. Hiệp hội Chấn thương Cột sống Hoa Kỳ phân loại mức độ nghiêm trọng của chấn thương tủy sống theo cách sau. ASIA A là tình trạng mất hoàn toàn chức năng cảm giác và kỹ năng vận động bên dưới vết thương. ASIA B có một số chức năng cảm giác bên dưới vết thương, nhưng không có chức năng vận động. Ở ASIA C, có một số chức năng vận động ở dưới mức chấn thương, nhưng một nửa số cơ không thể di chuyển chống lại trọng lực. Ở ASIA D, hơn một nửa số cơ dưới mức chấn thương có thể di chuyển chống lại trọng lực. ASIA E là sự phục hồi tất cả các chức năng thần kinh."	https://en.wikipedia.org/wiki/Paraplegia
D010291	liệt	Paresis	Trong y học, liệt () là một tình trạng đặc trưng bởi sự yếu kém trong vận động chủ ý, hoặc do mất một phần khả năng vận động tự nguyện hoặc do suy giảm khả năng vận động. Khi được sử dụng mà không có từ hạn định, nó thường đề cập đến các chi, nhưng nó cũng có thể được sử dụng để mô tả các cơ của mắt (liệt mắt), dạ dày (liệt dạ dày) và cả dây thanh âm (liệt dây thanh âm).   Các nhà thần kinh học sử dụng thuật ngữ liệt để mô tả sự yếu đuối và liệt để mô tả tình trạng tê liệt trong đó mọi cử động tự nguyện bị mất. Thuật ngữ paresis xuất phát từ tiếng Hy Lạp cổ: πάρεσις 'buông bỏ' từ παρίημι 'buông ra, buông xuống'.	https://en.wikipedia.org/wiki/Paresis
D010292	Dị cảm	Paresthesia	"Dị cảm (hoặc dị cảm) là cảm giác trên da có thể có cảm giác như tê (giảm cảm giác), ngứa ran, châm chích, ớn lạnh hoặc nóng rát. Nó có thể là tạm thời hoặc mãn tính và có nhiều nguyên nhân tiềm ẩn. Dị cảm thường không đau và có thể xảy ra ở bất cứ đâu trên cơ thể, nhưng phổ biến nhất là ở cánh tay và chân. Loại dị cảm quen thuộc nhất là cảm giác như kim châm sau khi một chi ""ngủ quên"" (ngưng tắc). Điều này thường đạt được bằng cách không cử động chi trong một thời gian dài. Đánh vào dây thần kinh trụ (""xương vui"", thực chất là dây thần kinh) cũng gây dị cảm. Một loại ít phổ biến hơn là hình thành, cảm giác côn trùng bò trên hoặc dưới da."	https://en.wikipedia.org/wiki/Paresthesia
D010468	Rối loạn nhận thức		Không tìm thấy mô tả.	
D010591	Chi ảo	Phantom limb	Chi ảo đề cập đến nhận thức của não về cơn đau ở một chi đã được phẫu thuật cắt cụt và là một trong những di chứng phổ biến nhất của việc mất chi, với tỷ lệ ước tính dao động từ 50% đến 80% đối với tất cả những người bị cắt cụt chi. Chi ảo cũng có thể biểu hiện theo hai cách: đau chi ảo (PLP) hoặc cảm giác chi ảo. Đau chi ảo là cảm giác đau đớn hoặc khó chịu ở vị trí chi bị cắt cụt. Cảm giác ảo giác là bất kỳ cảm giác không đau đớn nào khác được cảm nhận ở vùng chi bị cắt cụt hoặc bị mất.	https://en.wikipedia.org/wiki/Phantom_limb
D010845	Hội chứng giảm thông khí béo phì		Không tìm thấy mô tả.	
D011141	đa niệu	Polyuria	Đa niệu () là tình trạng sản xuất hoặc đi tiểu nhiều bất thường (lớn hơn 2,5 L hoặc 3 L trong 24 giờ ở người lớn). Tăng sản xuất và đi qua nước tiểu cũng có thể được gọi là lợi tiểu. Đa niệu thường xuất hiện cùng với chứng khát nước (khát nhiều), mặc dù có thể có cái này mà không có cái kia, và cái sau có thể là nguyên nhân hoặc kết quả. Chứng khát nước nguyên phát có thể dẫn đến chứng đa niệu. Đa niệu thường được coi là triệu chứng hoặc dấu hiệu của một chứng rối loạn khác (bản thân nó không phải là một căn bệnh), nhưng nó có thể được phân loại là một chứng rối loạn, ít nhất là khi nguyên nhân cơ bản của nó không rõ ràng.	https://en.wikipedia.org/wiki/Polyuria
D011218	Hội chứng Prader-Willi	Prader–Willi syndrome	Hội chứng Prader–Willi (PWS) là một rối loạn di truyền hiếm gặp do mất chức năng của các gen cụ thể trên nhiễm sắc thể 15. Ở trẻ sơ sinh, các triệu chứng bao gồm yếu cơ, bú kém và phát triển chậm. Bắt đầu từ thời thơ ấu, những người bị ảnh hưởng thường xuyên đói, điều này thường dẫn đến béo phì và tiểu đường loại 2. Suy giảm trí tuệ từ nhẹ đến trung bình và các vấn đề về hành vi cũng là điển hình của chứng rối loạn này. Thông thường, những người bị ảnh hưởng có trán hẹp, tay và chân nhỏ, chiều cao thấp, da và tóc sáng màu. Hầu hết đều không thể có con. Khoảng 74% trường hợp xảy ra khi một phần nhiễm sắc thể số 15 của người cha bị mất. Trong 25% trường hợp khác, người bị ảnh hưởng có hai bản sao nhiễm sắc thể 15 của mẹ và thiếu bản sao của người cha. Khi các phần của nhiễm sắc thể của người mẹ bị tắt đi thông qua quá trình in dấu, chúng sẽ không có bản sao hoạt động của một số gen nhất định. PWS thường không được di truyền mà thay đổi về mặt di truyền xảy ra trong quá trình hình thành trứng, tinh trùng hoặc trong giai đoạn phát triển ban đầu. Không có yếu tố nguy cơ nào được biết đến đối với chứng rối loạn này. Những người có một đứa con mắc bệnh PWS có ít hơn 1% khả năng đứa trẻ tiếp theo bị ảnh hưởng. Cơ chế tương tự cũng xảy ra trong hội chứng Angelman, ngoại trừ nhiễm sắc thể 15 khiếm khuyết là từ mẹ, hoặc hai bản sao là từ cha. Hội chứng Prader-Willi không có cách chữa trị. Điều trị có thể cải thiện kết quả, đặc biệt nếu được thực hiện sớm. Ở trẻ sơ sinh, khó khăn khi bú có thể được hỗ trợ bằng ống truyền thức ăn. Thông thường, trẻ cần được giám sát chặt chẽ về thực phẩm, bắt đầu từ khoảng ba tuổi, kết hợp với chương trình tập thể dục. Liệu pháp hormone tăng trưởng cũng cải thiện kết quả. Tư vấn và dùng thuốc có thể giúp giải quyết một số vấn đề về hành vi. Nhà tập thể thường cần thiết ở tuổi trưởng thành. PWS ảnh hưởng đến khoảng 1 trên 10.000 đến 30.000 người trên toàn thế giới. Hơn 400.000 người sống chung với PWS.	https://en.wikipedia.org/wiki/Prader%E2%80%93Willi_syndrome
D011304	Lão thị	Presbycusis	"Presbycusis (cũng được đánh vần là presbyacusis, từ tiếng Hy Lạp πρέσβυς presbys ""cũ"" + ἄκουσις akousis ""thính giác""), hay mất thính lực liên quan đến tuổi tác, là tác động tích lũy của lão hóa đối với thính giác. Đây là tình trạng mất thính lực thần kinh cảm giác đối xứng hai bên tiến triển và không thể phục hồi liên quan đến tuổi tác do thoái hóa ốc tai hoặc các cấu trúc liên quan của tai trong hoặc dây thần kinh thính giác. Sự mất thính giác được thể hiện rõ nhất ở tần số cao hơn. Mất thính giác tích lũy theo tuổi tác nhưng do các yếu tố khác ngoài lão hóa bình thường (nosocusis và socialcusis) gây ra không phải là bệnh lão thị, mặc dù việc phân biệt các tác động riêng lẻ của các nguyên nhân gây mất thính lực riêng biệt có thể khó khăn. Nguyên nhân của bệnh lão thị là sự kết hợp giữa di truyền, phơi nhiễm môi trường tích lũy và những thay đổi sinh lý bệnh liên quan đến lão hóa. Hiện tại chưa có biện pháp phòng ngừa nào được biết đến; điều trị bằng máy trợ thính hoặc phẫu thuật cấy ghép. Lão thị là nguyên nhân phổ biến nhất gây mất thính giác, ảnh hưởng đến 1/3 số người ở độ tuổi 65 và 1/2 ở độ tuổi 75. Lão thị là bệnh phổ biến thứ hai sau viêm khớp ở người già. Nhiều động vật có xương sống như cá, chim và động vật lưỡng cư không bị lão thị khi về già vì chúng có thể tái tạo các tế bào cảm giác ốc tai, trong khi động vật có vú bao gồm cả con người đã mất khả năng tái tạo này về mặt di truyền."	https://en.wikipedia.org/wiki/Presbycusis
D011507	Protein niệu	Proteinuria	Protein niệu là sự hiện diện của lượng protein dư thừa trong nước tiểu. Ở người khỏe mạnh, nước tiểu chứa rất ít protein, dưới 150 mg/ngày; sự dư thừa là dấu hiệu của bệnh tật. Protein dư thừa trong nước tiểu thường khiến nước tiểu có bọt (mặc dù triệu chứng này cũng có thể do các tình trạng khác gây ra). Protein niệu nghiêm trọng có thể gây ra hội chứng thận hư, trong đó cơ thể bị sưng tấy nặng hơn.	https://en.wikipedia.org/wiki/Proteinuria
D011537	Ngứa	Itch	Ngứa (còn được gọi là ngứa) là cảm giác gây ra ham muốn mạnh mẽ hoặc phản xạ gãi. Ngứa có nhiều điểm tương đồng với cơn đau và mặc dù cả hai đều là những trải nghiệm cảm giác khó chịu nhưng kiểu phản ứng hành vi của chúng lại khác nhau. Cơn đau tạo ra phản xạ rút lui, trong khi ngứa dẫn đến phản xạ gãi. Các sợi thần kinh không có myelin gây ngứa và đau đều bắt nguồn từ da. Thông tin dành cho họ được truyền tải tập trung trong hai hệ thống riêng biệt, cả hai đều sử dụng cùng một bó dây thần kinh và đường spinothalamic.	https://en.wikipedia.org/wiki/Itch
D011538	ngứa hậu môn		Không tìm thấy mô tả.	
D011539	Ngứa âm hộ		Không tìm thấy mô tả.	
D011595	Kích động tâm thần		Không tìm thấy mô tả.	
D011596	Rối loạn tâm thần vận động		Không tìm thấy mô tả.	
D011602	Rối loạn tâm sinh lý	Psychosomatic medicine	Y học tâm lý là một lĩnh vực y tế liên ngành khám phá mối quan hệ giữa các yếu tố xã hội, tâm lý, hành vi đối với các quá trình của cơ thể và chất lượng cuộc sống ở con người và động vật. Tiền thân học thuật của lĩnh vực y học hành vi hiện đại và là một phần của thực hành tâm thần học liên lạc tư vấn, y học tâm lý tích hợp đánh giá và quản lý liên ngành liên quan đến các chuyên khoa khác nhau bao gồm tâm thần học, tâm lý học, thần kinh, phân tâm học, nội khoa, nhi khoa, phẫu thuật, dị ứng, da liễu và miễn dịch tâm thần kinh. Các tình huống lâm sàng trong đó các quá trình tâm thần đóng vai trò là yếu tố chính ảnh hưởng đến kết quả y tế là những lĩnh vực mà y học tâm lý có năng lực.	https://en.wikipedia.org/wiki/Psychosomatic_medicine
D011681	Rối loạn học sinh		Không tìm thấy mô tả.	
D011693	ban xuất huyết	Purpura	Ban xuất huyết () là tình trạng các đốm đổi màu đỏ hoặc tím trên da không mờ đi khi ấn mạnh. Các đốm này là do chảy máu dưới da thứ phát do rối loạn tiểu cầu, rối loạn mạch máu, rối loạn đông máu hoặc các nguyên nhân khác. Chúng có kích thước 3–10 mm, trong khi đốm xuất huyết có kích thước nhỏ hơn 3 mm và vết bầm tím lớn hơn 1 cm. Ban xuất huyết thường gặp ở bệnh sốt phát ban và có thể xuất hiện cùng với bệnh viêm màng não do não mô cầu hoặc nhiễm trùng huyết.  Đặc biệt, não mô cầu (Neisseria meningitidis), một sinh vật ngoại cầu gram âm, giải phóng nội độc tố khi nó bị ly giải.  Nội độc tố kích hoạt yếu tố Hageman (yếu tố đông máu XII), gây đông máu nội mạch lan tỏa (DIC).  DIC là thứ xuất hiện dưới dạng phát ban trên người bị ảnh hưởng.	https://en.wikipedia.org/wiki/Purpura
D011694	Ban xuất huyết, tăng globulin máu		Không tìm thấy mô tả.	
D011695	Purpura, Schoenlein-Henoch	Henoch–Schönlein purpura	Viêm mạch IgA, trước đây gọi là ban xuất huyết Henoch–Schönlein (HSP), là một bệnh tự miễn thường ảnh hưởng nhất đến trẻ em. Ở da, bệnh gây ra ban xuất huyết sờ thấy được (các vùng chảy máu nhỏ, nổi lên bên dưới da), thường kèm theo đau khớp (đau khớp) và đau bụng. Khi bị tổn thương thận, có thể mất một lượng nhỏ máu và protein qua nước tiểu (tiểu máu và protein niệu), nhưng điều này thường không được chú ý; trong một tỷ lệ nhỏ trường hợp, tổn thương thận tiến triển thành bệnh thận mãn tính (CKD). HSP thường xảy ra sau nhiễm trùng, chẳng hạn như nhiễm trùng cổ họng. HSP là một bệnh viêm mạch hệ thống (viêm mạch máu) và được đặc trưng bởi sự lắng đọng các phức hợp miễn dịch có chứa kháng thể globulin miễn dịch A (IgA); nguyên nhân chính xác cho hiện tượng này vẫn chưa được biết. Ở trẻ em, bệnh thường khỏi trong vòng vài tuần và không cần điều trị ngoài việc kiểm soát triệu chứng nhưng có thể tái phát ở 1 trong 3 trường hợp và gây tổn thương thận không thể phục hồi ở khoảng 1 trong 100 trường hợp. Ở người lớn, tiên lượng khác với ở trẻ em. Thời gian trung bình của tổn thương da là 27,9 tháng. Đối với nhiều người, bệnh có xu hướng tái phát – thuyên giảm trong một thời gian dài thay vì tự giới hạn và có xu hướng gây ra nhiều biến chứng hơn.	https://en.wikipedia.org/wiki/Henoch%E2%80%93Sch%C3%B6nlein_purpura
D011696	Ban xuất huyết, giảm tiểu cầu		Không tìm thấy mô tả.	
D011697	Ban xuất huyết, giảm tiểu cầu huyết khối	Thrombotic thrombocytopenic purpura	Ban xuất huyết giảm tiểu cầu huyết khối (TTP) là một chứng rối loạn máu dẫn đến hình thành cục máu đông trong các mạch máu nhỏ khắp cơ thể. Điều này dẫn đến số lượng tiểu cầu thấp, hồng cầu thấp do bị phá vỡ và thường là rối loạn chức năng thận, tim và não. Các triệu chứng có thể bao gồm vết bầm tím lớn, sốt, suy nhược, khó thở, lú lẫn và đau đầu. Các đợt lặp đi lặp lại có thể xảy ra. Trong khoảng một nửa số trường hợp, nguyên nhân được xác định là nguyên nhân, trong khi phần còn lại vẫn chưa xác định được nguyên nhân. Các tác nhân được biết đến bao gồm nhiễm trùng do vi khuẩn, một số loại thuốc, bệnh tự miễn như lupus và mang thai. Cơ chế cơ bản thường liên quan đến các kháng thể ức chế enzyme ADAMTS13. Điều này dẫn đến việc giảm sự phân hủy các hệ số von Willebrand (vWF) đa lượng lớn thành các đơn vị nhỏ hơn. TTP ít phổ biến hơn là do di truyền, được gọi là hội chứng Upshaw–Schulman, do đó rối loạn chức năng ADAMTS13 xuất hiện từ khi sinh ra. Chẩn đoán thường dựa trên các triệu chứng và xét nghiệm máu. Nó có thể được hỗ trợ bằng cách đo hoạt động của hoặc kháng thể chống lại ADAMTS13. Với việc trao đổi huyết tương, nguy cơ tử vong đã giảm từ hơn 90% xuống dưới 20%. Thuốc ức chế miễn dịch, chẳng hạn như glucocorticoid và rituximab cũng có thể được sử dụng. Truyền tiểu cầu thường không được khuyến khích. Khoảng 1 trên 1.000.000 người mới bị ảnh hưởng hàng năm. Khởi phát thường ở tuổi trưởng thành và phụ nữ thường bị ảnh hưởng nhiều hơn. Khoảng 10% trường hợp bắt đầu ở thời thơ ấu. Tình trạng này được Eli Moschcowitz mô tả lần đầu tiên vào năm 1924. Cơ chế cơ bản được xác định vào những năm 1980 và 1990.	https://en.wikipedia.org/wiki/Thrombotic_thrombocytopenic_purpura
D011782	liệt tứ chi	Tetraplegia	Liệt tứ chi, còn được gọi là liệt tứ chi, được định nghĩa là rối loạn chức năng hoặc mất chức năng vận động và/hoặc cảm giác ở vùng cổ của tủy sống. Mất chức năng vận động có thể biểu hiện dưới dạng yếu hoặc liệt dẫn đến mất một phần hoặc toàn bộ chức năng ở cánh tay, chân, thân và xương chậu (liệt hai chân cũng tương tự nhưng ảnh hưởng đến các đoạn ngực, thắt lưng và xương cùng của tủy sống và chức năng cánh tay vẫn được giữ lại). Tình trạng liệt có thể mềm hoặc co cứng. Mất chức năng cảm giác có thể biểu hiện dưới dạng suy yếu hoặc hoàn toàn không có khả năng cảm nhận được sự va chạm nhẹ, áp lực, nhiệt, châm chích/đau và cảm giác bản thể. Trong những loại chấn thương tủy sống này, người ta thường mất cả cảm giác và khả năng kiểm soát vận động.	https://en.wikipedia.org/wiki/Tetraplegia
D012001	siêu âm	Hyperacusis	Hyperacusis là tình trạng tăng độ nhạy cảm với âm thanh (bao gồm cả cảm giác đau) và khả năng chịu đựng tiếng ồn môi trường thấp.  Các định nghĩa về hyperacusis có thể khác nhau đáng kể; nó thường xoay quanh tổn thương hoặc rối loạn chức năng của xương bàn đạp, cơ bàn đạp hoặc cơ căng màng nhĩ.  Nó thường được phân thành bốn loại phụ: ồn ào, đau đớn (còn gọi là noxacusis), khó chịu và sợ hãi. Nó có thể là một chứng rối loạn thính giác làm suy nhược nghiêm trọng. Có nhiều nguyên nhân và yếu tố nguy cơ, trong đó nguyên nhân phổ biến nhất là tiếp xúc với tiếng ồn lớn. Nó thường trùng hợp với chứng ù tai. Các cơ chế được đề xuất trong tài liệu liên quan đến rối loạn chức năng ở não, tai trong hoặc tai giữa. Người ta biết rất ít về mức độ phổ biến của chứng hyperacusis, một phần là do mức độ khác nhau trong định nghĩa của thuật ngữ này. Các ước tính về tỷ lệ lưu hành được báo cáo rất khác nhau và cần nghiên cứu thêm để có được dữ liệu dịch tễ học chắc chắn.	https://en.wikipedia.org/wiki/Hyperacusis
D012021	Phản xạ, bất thường		Không tìm thấy mô tả.	
D012133	Liệt hô hấp		Không tìm thấy mô tả.	
D012135	Âm thanh hô hấp		Không tìm thấy mô tả.	
D012148	Hội chứng chân không yên	Restless legs syndrome	Hội chứng chân không yên (RLS), còn được gọi là bệnh Willis–Ekbom (WED), là một chứng rối loạn thần kinh, thường là mãn tính, gây ra cảm giác thôi thúc muốn cử động chân quá mức. Thường có một cảm giác khó chịu ở chân được cải thiện tạm thời bằng cách di chuyển chúng. Cảm giác này thường được mô tả là đau nhức, ngứa ran hoặc bò lổm ngổm. Thỉnh thoảng, cánh tay cũng có thể bị ảnh hưởng. Cảm giác thường xảy ra khi nghỉ ngơi và do đó có thể khiến bạn khó ngủ. Giấc ngủ bị gián đoạn có thể khiến những người mắc RLS buồn ngủ vào ban ngày, năng lượng thấp và cáu kỉnh hoặc trầm cảm. Ngoài ra, nhiều người còn bị co giật chân tay khi ngủ, một tình trạng được gọi là rối loạn vận động chân tay định kỳ (PLMD). RLS không giống như thói quen dậm chân hoặc lắc chân.	https://en.wikipedia.org/wiki/Restless_legs_syndrome
D012166	Xuất huyết võng mạc		Không tìm thấy mô tả.	
D012415	Hội chứng Rubinstein-Taybi	Rubinstein–Taybi syndrome	Hội chứng Rubinstein–Taybi (RTS) là một tình trạng di truyền hiếm gặp có đặc điểm là tầm vóc thấp, khó khăn trong học tập từ trung bình đến nặng, đặc điểm khuôn mặt, ngón tay cái và ngón chân cái rộng. Các đặc điểm khác của rối loạn này khác nhau giữa các cá nhân bị ảnh hưởng. Những đặc điểm này là do đột biến hoặc xóa gen CREBBP, nằm trên nhiễm sắc thể 16 và/hoặc gen EP300, nằm trên nhiễm sắc thể 22. Tình trạng này đôi khi được di truyền dưới dạng gen trội trên nhiễm sắc thể thường, nhưng thường là de novo. Nó ảnh hưởng đến khoảng 1 trong 125.000-300.000 ca sinh.	https://en.wikipedia.org/wiki/Rubinstein%E2%80%93Taybi_syndrome
D012585	đau thần kinh tọa	Sciatica	Đau thần kinh tọa là cơn đau lan xuống chân từ vùng lưng dưới. Cơn đau này có thể kéo dài xuống phía sau, bên ngoài hoặc phía trước chân. Sự khởi phát thường xảy ra đột ngột sau các hoạt động như nâng vật nặng, mặc dù nó cũng có thể xảy ra dần dần.  Cơn đau thường được mô tả như bị bắn. Thông thường, các triệu chứng chỉ xảy ra ở một bên cơ thể; Tuy nhiên, một số nguyên nhân nhất định có thể dẫn đến đau cả hai bên. Đau lưng dưới đôi khi xuất hiện. Điểm yếu hoặc tê có thể xảy ra ở các phần khác nhau của chân và bàn chân bị ảnh hưởng. Khoảng 90% đau thần kinh tọa là do thoát vị đĩa đệm cột sống chèn ép vào một trong các rễ thần kinh thắt lưng hoặc xương cùng. Trượt cột sống, hẹp cột sống, hội chứng piriformis, khối u vùng chậu và mang thai là những nguyên nhân có thể gây ra đau thần kinh tọa. Thử nghiệm giơ chân thẳng thường hữu ích trong chẩn đoán. Thử nghiệm là dương tính nếu khi nâng chân lên trong khi một người đang nằm ngửa, cơn đau sẽ xuất hiện ở phía dưới đầu gối. Trong hầu hết các trường hợp, hình ảnh y tế là không cần thiết. Tuy nhiên, hình ảnh có thể được thực hiện nếu chức năng ruột hoặc bàng quang bị ảnh hưởng, mất cảm giác hoặc suy nhược đáng kể, các triệu chứng tồn tại lâu dài hoặc có lo ngại về khối u hoặc nhiễm trùng. Các tình trạng có thể biểu hiện tương tự là các bệnh về hông và nhiễm trùng như bệnh zona sớm (trước khi hình thành phát ban). Điều trị ban đầu thường bao gồm thuốc giảm đau. Tuy nhiên, vẫn còn thiếu bằng chứng về hiệu quả của thuốc giảm đau và thuốc giãn cơ. Thông thường, mọi người nên tiếp tục hoạt động bình thường với khả năng tốt nhất của mình. Thông thường tất cả những gì cần thiết để giải quyết chứng đau thần kinh tọa là thời gian; trong khoảng 90% trường hợp, các triệu chứng sẽ hết trong vòng chưa đầy sáu tuần. Nếu cơn đau nghiêm trọng và kéo dài hơn sáu tuần, phẫu thuật có thể là một lựa chọn. Mặc dù phẫu thuật thường giúp cải thiện cơn đau nhanh hơn nhưng lợi ích lâu dài của nó vẫn chưa rõ ràng. Phẫu thuật có thể được yêu cầu nếu xảy ra biến chứng, chẳng hạn như mất chức năng ruột hoặc bàng quang bình thường. Nhiều phương pháp điều trị, bao gồm corticosteroid, gabapentin, pregabalin, châm cứu, chườm nóng hoặc chườm đá và thao tác cột sống, chỉ có ít bằng chứng ủng hộ việc sử dụng chúng. Tùy thuộc vào cách xác định, có ít hơn 1% đến 40% số người bị đau thần kinh tọa vào một thời điểm nào đó. Đau thần kinh tọa thường gặp nhất ở độ tuổi từ 40 đến 59 và nam giới thường xuyên bị ảnh hưởng hơn nữ giới. Tình trạng này đã được biết đến từ thời cổ đại. Việc sử dụng hiện đại đầu tiên của từ đau thần kinh tọa có từ năm 1451, mặc dù Dioscorides (thế kỷ 1 CN) đã đề cập đến nó trong Materia Medica của ông.	https://en.wikipedia.org/wiki/Sciatica
D012607	Scotoma	Scotoma	"Ám điểm là một vùng thay đổi một phần trong trường thị giác, bao gồm thị lực bị suy giảm một phần hoặc bị thoái hóa hoàn toàn, được bao quanh bởi trường thị lực bình thường - hoặc được bảo tồn tương đối tốt. Mọi mắt của động vật có vú bình thường đều có một điểm mù trong tầm nhìn, thường được gọi là điểm mù.  Đây là vị trí không có tế bào cảm quang, nơi các sợi trục của tế bào hạch võng mạc tạo nên dây thần kinh thị giác thoát ra khỏi võng mạc. Vị trí này được gọi là đĩa quang. Không có nhận thức có ý thức trực tiếp về chứng ám điểm thị giác. Chúng chỉ đơn giản là những vùng thông tin bị giảm bớt trong trường thị giác. Thay vì nhận ra một hình ảnh không hoàn chỉnh, bệnh nhân mắc chứng ám điểm cho biết rằng mọi thứ ""biến mất"" trên họ. Sự hiện diện của chứng ám điểm mù có thể được chứng minh một cách chủ quan bằng cách che một mắt, cẩn thận giữ điểm cố định bằng mắt mở và đặt một vật thể (chẳng hạn như ngón tay cái) vào trường thị giác ngang và ngang, cách điểm cố định khoảng 15 độ. Kích thước của ám điểm một mắt là 5 × 7 độ góc nhìn. Chứng ám điểm có thể là triệu chứng của tổn thương ở bất kỳ bộ phận nào của hệ thống thị giác, chẳng hạn như tổn thương võng mạc do tiếp xúc với tia laser công suất cao, thoái hóa điểm vàng và tổn thương não. Thuật ngữ ám điểm cũng được sử dụng một cách ẩn dụ trong một số lĩnh vực. Chủ đề chung của tất cả các giác quan tượng hình là về một khoảng trống không phải ở chức năng thị giác mà là ở nhận thức, nhận thức hoặc thế giới quan của tâm trí. Thuật ngữ này bắt nguồn từ tiếng Hy Lạp σκότος (skótos) 'bóng tối'."	https://en.wikipedia.org/wiki/Scotoma
D012640	Động kinh	Seizure	Động kinh là sự gián đoạn đột ngột trong hoạt động của não do hoạt động thần kinh đồng bộ, quá mức dẫn đến thay đổi hành vi. Tình trạng thần kinh này là phổ biến, ảnh hưởng đến khoảng 50 triệu người trên khắp thế giới. Tùy thuộc vào vùng não liên quan, cơn động kinh có thể dẫn đến những thay đổi về chuyển động, cảm giác, hành vi, nhận thức hoặc ý thức. Các triệu chứng rất khác nhau. Một số cơn động kinh liên quan đến những thay đổi tinh tế, chẳng hạn như mất chú ý hoặc nhận thức trong thời gian ngắn (như gặp trong cơn vắng ý thức), trong khi những cơn khác gây co giật toàn thân kèm mất ý thức (cơn co giật co cứng). Hầu hết các cơn động kinh kéo dài dưới hai phút và theo sau là giai đoạn lú lẫn, mệt mỏi hoặc các triệu chứng khác sau cơn động kinh. Động kinh trạng thái là một trường hợp cấp cứu y tế bao gồm một cơn động kinh kéo dài hơn năm phút hoặc nhiều cơn động kinh không hồi phục hoàn toàn giữa các cơn. Động kinh được phân loại là bị kích động khi chúng được kích hoạt bởi một nguyên nhân đã biết như sốt, chấn thương đầu cấp tính hoặc mất cân bằng trao đổi chất. Các cơn động kinh vô cớ xảy ra khi không xác định được nguyên nhân ngay lập tức. Các cơn động kinh tái diễn không rõ nguyên nhân xác định bệnh động kinh do tình trạng thần kinh.	https://en.wikipedia.org/wiki/Seizure
D012678	Rối loạn cảm giác		Không tìm thấy mô tả.	
D012817	Dấu hiệu và triệu chứng, Tiêu hóa		Không tìm thấy mô tả.	
D012818	Dấu hiệu và triệu chứng, hô hấp		Không tìm thấy mô tả.	
D012877	Biểu hiện da		Không tìm thấy mô tả.	
D012891	Hội chứng ngưng thở khi ngủ		Không tìm thấy mô tả.	
D012892	Thiếu ngủ	Sleep deprivation	Thiếu ngủ, còn được gọi là thiếu ngủ hoặc mất ngủ, là tình trạng sức khỏe không có đủ thời lượng hoặc chất lượng giấc ngủ để hỗ trợ sự tỉnh táo, hiệu suất và sức khỏe phù hợp. Nó có thể là mãn tính hoặc cấp tính và có thể có mức độ nghiêm trọng khác nhau. Điều này có nghĩa là nó có thể xảy ra trong cả thời gian ngắn và dài. Giấc ngủ rất quan trọng vì ngủ đủ giấc hoặc ngủ ngon là điều cần thiết để duy trì sức khỏe tổng thể, hoạt động của não, điều hòa cảm xúc và cân bằng trao đổi chất. Thiếu ngủ dai dẳng có thể góp phần làm suy giảm nhận thức, mất ổn định cảm xúc và hao mòn sinh học có tác động tương tự như lão hóa nhanh. Nghiên cứu khoa học chứng minh rằng ngủ không đủ giấc gây ra những hậu quả mãn tính đối với sức khỏe tổng thể, từ mất tập trung đến thay đổi thoái hóa thần kinh lâu dài. Cơ thể con người và hầu hết các sinh vật sống phụ thuộc vào giấc ngủ để phục hồi thần kinh. Tất cả các loài động vật đã biết đều ngủ hoặc thể hiện một số dạng hành vi ngủ và tầm quan trọng của giấc ngủ là điều hiển nhiên đối với con người, vì gần một phần ba cuộc đời con người là dành cho việc ngủ. Thiếu ngủ là tình trạng phổ biến, ảnh hưởng đến khoảng 1/3 dân số. Tổ chức Giấc ngủ Quốc gia Hoa Kỳ khuyến nghị người lớn nên ngủ 7 giờ mỗi đêm. Trẻ em và thanh thiếu niên thậm chí còn cần ngủ nhiều hơn, từ 8–16 giờ mỗi đêm. Đối với những người trẻ khỏe mạnh, có giấc ngủ bình thường, thời gian ngủ thích hợp cho trẻ trong độ tuổi đi học là từ 9 đến 11 giờ. Mất ngủ cấp tính xảy ra khi một người ngủ ít hơn bình thường hoặc không ngủ chút nào trong một thời gian ngắn, thường kéo dài từ một đến hai ngày. Tuy nhiên, nếu tình trạng mất ngủ kéo dài mà không có yếu tố bên ngoài có thể dẫn đến các vấn đề về giấc ngủ mãn tính. Thiếu ngủ mãn tính xảy ra khi một người thường xuyên ngủ ít hơn thời lượng cần thiết để hoạt động bình thường. Thời lượng giấc ngủ cần thiết phụ thuộc vào các yếu tố như chất lượng giấc ngủ, tuổi tác, tình trạng mang thai và mức độ thiếu ngủ. Thiếu ngủ có liên quan đến nhiều hậu quả bất lợi cho sức khỏe, bao gồm suy giảm nhận thức, rối loạn tâm trạng và tăng nguy cơ mắc các bệnh mãn tính. Một phân tích tổng hợp được công bố trên tạp chí Sleep Medicine Reviews chỉ ra rằng những người bị thiếu ngủ mãn tính có nguy cơ mắc các bệnh như béo phì, tiểu đường và bệnh tim mạch cao hơn. Ngủ không đủ giấc có liên quan đến tăng cân, huyết áp cao, tiểu đường, trầm cảm, bệnh tim và đột quỵ. Thiếu ngủ cũng có thể dẫn đến lo lắng cao độ, khó chịu, hành vi thất thường, hoạt động và nhận thức kém cũng như các giai đoạn loạn thần. Tình trạng thiếu ngủ mãn tính ảnh hưởng xấu đến não và chức năng nhận thức. Tuy nhiên, trong một số trường hợp, tình trạng thiếu ngủ có thể dẫn đến tăng năng lượng và sự tỉnh táo một cách nghịch lý; mặc dù hậu quả lâu dài của nó chưa bao giờ được đánh giá, nhưng tình trạng thiếu ngủ thậm chí còn được sử dụng như một phương pháp điều trị trầm cảm. Cho đến nay, hầu hết các nghiên cứu về tình trạng thiếu ngủ đều tập trung vào tình trạng thiếu ngủ cấp tính, cho thấy thiếu ngủ cấp tính có thể gây ra tổn hại đáng kể đến các chức năng nhận thức, cảm xúc, thể chất và cơ chế não. Một số nghiên cứu đã so sánh tác động của việc thiếu ngủ toàn bộ cấp tính và hạn chế ngủ một phần mãn tính. Việc thiếu ngủ hoàn toàn trong một thời gian dài không thường xuyên xảy ra ở con người (trừ khi họ mắc chứng mất ngủ nghiêm trọng hoặc các vấn đề cụ thể do phẫu thuật); có vẻ như không thể tránh khỏi những giấc ngủ ngắn ngủi. Tình trạng thiếu ngủ hoàn toàn trong thời gian dài đã gây tử vong ở động vật thí nghiệm.	https://en.wikipedia.org/wiki/Sleep_deprivation
D012893	Rối loạn giấc ngủ	List of Hindawi academic journals	Đây là danh sách các tạp chí học thuật được xuất bản bởi Hindawi.	https://en.wikipedia.org/wiki/List_of_Hindawi_academic_journals
D012912	Hắt hơi	Sneeze	Hắt hơi (còn được gọi là nghiêm khắc) là hiện tượng không khí bán tự động, co giật thoát ra khỏi phổi qua mũi và miệng, thường do các hạt lạ kích thích niêm mạc mũi gây ra. Một cái hắt hơi đẩy không khí ra khỏi miệng và mũi một cách cưỡng bức trong một hành động không chủ ý, co thắt bùng nổ. Hành động này cho phép chất nhầy thoát ra khỏi khoang mũi và nước bọt thoát ra khỏi khoang miệng. Hắt hơi có thể liên quan đến việc tiếp xúc đột ngột với ánh sáng mạnh (được gọi là phản xạ hắt hơi ánh sáng), thay đổi (giảm) nhiệt độ đột ngột, gió lạnh, đặc biệt là no bụng, tiếp xúc với chất gây dị ứng hoặc nhiễm vi-rút. Vì hắt hơi có thể lây bệnh qua các giọt khí dung truyền nhiễm nên nên che miệng và mũi bằng cẳng tay, mặt trong khuỷu tay, khăn giấy hoặc khăn tay khi hắt hơi. Ngoài việc che miệng, nhìn xuống cũng được khuyến khích để thay đổi hướng phát tán của các giọt nước và tránh tập trung cao độ ở độ cao hơi thở của con người. Chức năng của hắt hơi là loại bỏ chất nhầy có chứa các hạt lạ hoặc chất kích thích và làm sạch khoang mũi. Khi hắt hơi, vòm miệng mềm và lưỡi gà vòm miệng ấn xuống trong khi phần sau của lưỡi nâng lên để đóng một phần đường vào miệng, tạo ra lỗ thông hơi (tương tự như bộ chế hòa khí) do nguyên lý Bernoulli để không khí thoát ra khỏi phổi được tăng tốc qua miệng và do đó tạo ra một điểm áp suất thấp ở phía sau mũi. Bằng cách này, không khí được đẩy vào qua phía trước mũi và chất nhầy và chất gây ô nhiễm bị đẩy ra ngoài miệng. Hắt hơi khi ngậm miệng có tác dụng đẩy chất nhầy qua mũi nhưng không được khuyến khích vì nó tạo ra áp lực rất cao trong đầu và có khả năng gây hại.	https://en.wikipedia.org/wiki/Sneeze
D012913	Ngáy	Snoring	Ngáy (hoặc stertor, từ tiếng Latin stertere 'ngáy') là một âm thanh hơi thở bất thường gây ra bởi luồng không khí hỗn loạn, bị cản trở một phần và sự rung động của các mô ở đường hô hấp trên (ví dụ: lưỡi gà, vòm miệng mềm, đáy lưỡi) xảy ra trong khi ngủ. Nó thường xảy ra trong quá trình hít vào (hít vào). Ngáy nguyên phát là ngáy mà không có bất kỳ rối loạn giấc ngủ liên quan nào và thường không có bất kỳ ảnh hưởng nghiêm trọng nào đến sức khỏe. Nó thường được định nghĩa là điểm chỉ số ngưng thở-giảm thở hoặc điểm chỉ số rối loạn hô hấp dưới 5 lần mỗi giờ (như được chẩn đoán bằng chụp đa ký giấc ngủ hoặc xét nghiệm ngưng thở khi ngủ tại nhà) và thiếu buồn ngủ ban ngày. Ngáy cũng có thể là triệu chứng của hội chứng cản trở đường hô hấp trên hoặc chứng ngưng thở khi ngủ do tắc nghẽn (ngáy ngưng thở). Trong chứng ngưng thở khi ngủ do tắc nghẽn, ngáy xảy ra kết hợp với việc nín thở, thở hổn hển hoặc nghẹt thở.	https://en.wikipedia.org/wiki/Snoring
D013009	mộng du	Sleepwalking	Mộng du hay còn gọi là mộng du hay mộng du là hiện tượng kết hợp giữa ngủ và thức. Nó được phân loại là rối loạn giấc ngủ thuộc họ ký sinh trùng. Nó cũng có thể được hiểu là một chứng rối loạn phân ly trạng thái, trong đó đặc điểm của trạng thái tỉnh táo và giấc ngủ sâu không xảy ra đồng thời ở các vùng não khác nhau. Nó xảy ra trong giai đoạn sóng chậm của giấc ngủ, ở trạng thái ý thức kém, với việc thực hiện các hoạt động thường được thực hiện trong trạng thái ý thức hoàn toàn. Những hoạt động này có thể lành tính như nói chuyện, ngồi dậy trên giường, đi bộ vào phòng tắm, ăn uống và dọn dẹp hoặc nguy hiểm như nấu ăn, lái xe cơ giới, cử chỉ bạo lực và chộp lấy đồ vật gây ảo giác. Mặc dù các trường hợp mộng du thường bao gồm các hành vi đơn giản, lặp đi lặp lại nhưng đôi khi vẫn có báo cáo về việc người ta thực hiện các hành vi phức tạp khi đang ngủ, mặc dù tính hợp pháp của chúng thường bị tranh cãi. Người mộng du thường có ít hoặc không có ký ức về sự việc, mặc dù đã có báo cáo về một phần nào đó. Dù mắt họ vẫn mở nhưng vẻ mặt họ lại mờ mịt và đờ đẫn. Điều này có thể kéo dài từ 30 giây đến 30 phút. Mộng du xảy ra trong chu kỳ giấc ngủ sóng chậm (N3) của giấc ngủ không chuyển động mắt nhanh (giấc ngủ NREM). Nó thường xảy ra trong vòng một phần ba đầu tiên của đêm khi giấc ngủ sóng chậm nổi bật nhất. Thông thường, nó sẽ xảy ra một lần trong một đêm, nếu có.	https://en.wikipedia.org/wiki/Sleepwalking
D013035	Co thắt	Spasm	Co thắt là sự co thắt đột ngột không tự nguyện của một cơ, một nhóm cơ hoặc một cơ quan rỗng, chẳng hạn như bàng quang. Co thắt cơ có thể do nhiều tình trạng bệnh lý gây ra, bao gồm cả chứng loạn trương lực cơ. Thông thường nhất, đó là tình trạng chuột rút cơ kèm theo cơn đau đột ngột. Chuột rút cơ thường vô hại và hết sau vài phút. Nó thường được gây ra bởi sự mất cân bằng ion hoặc mệt mỏi cơ bắp. Có những nguyên nhân khác gây ra tình trạng co cơ không tự nguyện và một số nguyên nhân trong số này có thể gây ra vấn đề về sức khỏe.	https://en.wikipedia.org/wiki/Spasm
D013064	Rối loạn ngôn ngữ		Không tìm thấy mô tả.	
D013342	Nói lắp	Stuttering	Nói lắp, còn được gọi là nói lắp, là một chứng rối loạn ngôn ngữ được đặc trưng bên ngoài bởi sự lặp lại và kéo dài không tự chủ của âm thanh, âm tiết, từ hoặc cụm từ cũng như những khoảng dừng im lặng không tự nguyện được gọi là khối trong đó người nói lắp không thể tạo ra âm thanh. Gần 80 triệu người trên toàn thế giới nói lắp, chiếm khoảng 1% dân số thế giới, với tỷ lệ mắc bệnh ở nam giới ít nhất gấp đôi so với nữ giới. Việc nói lắp dai dẳng ở tuổi trưởng thành thường dẫn đến những hậu quả bất lợi cho sức khỏe tâm thần nói chung, chẳng hạn như sự cô lập với xã hội và ý nghĩ tự tử. Nói lắp không liên quan đến khả năng vật lý tạo ra âm vị (tức là nó không liên quan đến cấu trúc hoặc chức năng của dây thanh âm). Nó cũng không liên quan đến việc cấu trúc suy nghĩ thành những câu mạch lạc bên trong não người bệnh, nghĩa là những người mắc chứng nói lắp biết chính xác những gì họ đang cố gắng nói (ngược lại với các chứng rối loạn thay thế như chứng mất ngôn ngữ). Nói lắp hoàn toàn là sự mất kết nối về mặt thần kinh giữa ý định và kết quả trong quá trình diễn đạt từng âm thanh riêng lẻ. Mặc dù có các biến thể hiếm hơn do nguyên nhân thần kinh (ví dụ mắc phải khi bị xúc phạm thể chất) và do tâm lý (ví dụ mắc phải sau khi mắc bệnh tâm thần hoặc chấn thương ở người trưởng thành), nguyên nhân, sự phát triển và biểu hiện điển hình là chứng nói lắp vô căn ở thời thơ ấu và sau đó trở nên dai dẳng ở tuổi trưởng thành. Căng thẳng và lo lắng cấp tính không gây ra tình trạng nói lắp nhưng có thể làm tăng tình trạng nói lắp ở những người mắc chứng rối loạn này. Có mối tương quan đáng kể giữa lo âu, đặc biệt là lo âu xã hội và chứng nói lắp, nhưng nói lắp là một hiện tượng sinh học thần kinh rõ rệt, ăn sâu và do đó chỉ trầm trọng hơn chứ không phải do lo lắng gây ra. Sự lo lắng luôn làm trầm trọng thêm các triệu chứng nói lắp ở những người mắc chứng rối loạn lo âu đi kèm. Sống chung với chứng nói lắp có thể tạo ra căng thẳng mãn tính gây hại cho cơ thể theo thời gian. Tuy nhiên, bản thân căng thẳng không khiến con người mắc chứng nói lắp.	https://en.wikipedia.org/wiki/Stuttering
D013494	Bệnh bại liệt siêu nhân, tiến triển		Không tìm thấy mô tả.	
D013575	Ngất	Syncope	Ngất hoặc Syncopy có thể đề cập đến: Ngất (y học), còn được gọi là ngất xỉu hoặc bất tỉnh, mất ý thức Ngất (âm vị học), mất một hoặc nhiều âm thanh, đặc biệt là một nguyên âm không bị nhấn, từ bên trong của một từ. Syncop, một hiệu ứng âm nhạc gây ra bởi nhịp điệu lệch nhịp hoặc bất ngờ. Inc., một công ty sản xuất phim của Anh	https://en.wikipedia.org/wiki/Syncope
D013651	Rối loạn vị giác		Không tìm thấy mô tả.	
D013746	cơn uốn ván	Tetany	Cơn uốn ván hay cơn co giật là một dấu hiệu y khoa bao gồm sự co cơ không tự nguyện, có thể do các rối loạn làm tăng tần số điện thế hoạt động của các tế bào cơ hoặc của các dây thần kinh chi phối chúng. Chuột rút cơ do bệnh uốn ván không được phân loại là uốn ván; đúng hơn, chúng là do thiếu sự ức chế đối với các tế bào thần kinh cung cấp cho cơ bắp. Các cơn co thắt uốn ván (uốn ván sinh lý) có nhiều loại co cơ, trong đó tetany chỉ là một.	https://en.wikipedia.org/wiki/Tetany
D013851	độ mỏng	Underweight	Thiếu cân là thuật ngữ mô tả một người có trọng lượng cơ thể được coi là quá thấp để có thể khỏe mạnh. Định nghĩa này thường đề cập đến những người có chỉ số khối cơ thể (BMI) dưới 18,5 hoặc cân nặng thấp hơn 15% đến 20% so với mức bình thường đối với nhóm tuổi và chiều cao của họ. Mặc dù béo phì là mối lo ngại lớn về sức khỏe cộng đồng ở nhiều quốc gia phát triển, nhưng thiếu cân cũng có thể gây ra những rủi ro đáng kể về sức khỏe và là nguyên nhân chính gây tử vong ở các nước đang phát triển.	https://en.wikipedia.org/wiki/Underweight
D014008	Tinea Bàn chân		Không tìm thấy mô tả.	
D014012	Ù tai	Tinnitus	"Ù tai là tình trạng một người nghe thấy tiếng chuông hoặc nhiều loại âm thanh khác nhau mà không có âm thanh bên ngoài tương ứng và người khác không thể nghe thấy. Từ ù tai xuất phát từ tiếng Latin tinnire, ""chuông"". Chứng ù tai có thể liên quan đến tình trạng mất thính lực hoặc giảm khả năng hiểu lời nói trong môi trường ồn ào. Nó phổ biến, ảnh hưởng đến khoảng 10–15% số người. Hầu hết đều dung nạp tốt và đây chỉ là một vấn đề nghiêm trọng (nghiêm trọng) ở 1–2% số người.  Thay vì một căn bệnh, ù tai là một triệu chứng có thể xuất phát từ nhiều nguyên nhân cơ bản khác nhau và có thể được tạo ra ở bất kỳ cấp độ nào của hệ thống thính giác cũng như bên ngoài hệ thống đó. Các nguyên nhân phổ biến nhất là tổn thương thính giác, mất thính lực do tiếng ồn hoặc mất thính lực liên quan đến tuổi tác, được gọi là bệnh lão thị. Các nguyên nhân khác bao gồm nhiễm trùng tai, bệnh về tim hoặc mạch máu, bệnh Ménière, khối u não, u dây thần kinh thính giác (khối u trên dây thần kinh thính giác của tai), chứng đau nửa đầu, rối loạn khớp thái dương hàm, tiếp xúc với một số loại thuốc, chấn thương đầu trước đó và ráy tai. Ở một số người, nó cản trở sự tập trung và có thể liên quan đến lo lắng và trầm cảm. Nó có thể xuất hiện hoặc tăng lên đột ngột trong thời kỳ căng thẳng về cảm xúc. Nó có thể có tỷ lệ mắc cao hơn ở những người bị trầm cảm. Việc chẩn đoán ù tai thường dựa trên mô tả của một người về các triệu chứng họ đang gặp phải. Chẩn đoán như vậy thường được hỗ trợ bởi thính lực đồ, khám tai mũi họng và thần kinh. Mức độ ù tai ảnh hưởng đến cuộc sống của một người có thể được định lượng bằng bảng câu hỏi. Nếu tìm thấy một số vấn đề nhất định, hình ảnh y tế, chẳng hạn như chụp cộng hưởng từ (MRI), có thể được thực hiện. Các xét nghiệm khác phù hợp khi chứng ù tai xảy ra cùng nhịp với nhịp tim. Hiếm khi, người khác không phải người bị ảnh hưởng khi sử dụng ống nghe có thể nghe thấy âm thanh, trong trường hợp đó nó được gọi là ""ù tai khách quan"". Đôi khi, sự phát ra âm thanh tự phát, âm thanh do tai trong tạo ra bình thường, có thể dẫn đến ù tai. Các biện pháp ngăn ngừa ù tai bao gồm tránh tiếp xúc lâu dài hoặc mãn tính với tiếng ồn lớn, hạn chế tiếp xúc với các loại thuốc và chất có hại cho tai (độc tai). Nếu có nguyên nhân cơ bản, việc điều trị nguyên nhân đó có thể dẫn đến cải thiện. Mặt khác, thông thường, việc kiểm soát chứng ù tai liên quan đến giáo dục tâm lý hoặc tư vấn, chẳng hạn như liệu pháp trò chuyện. Máy tạo âm thanh hoặc máy trợ thính có thể hữu ích nhưng không có thuốc để điều trị tình trạng này."	https://en.wikipedia.org/wiki/Tinnitus
D014098	Đau răng	Toothache	"Đau răng hay còn gọi là đau răng là tình trạng đau ở răng hoặc các cấu trúc hỗ trợ của chúng, do các bệnh về răng miệng gây ra hoặc cơn đau lan đến răng do các bệnh không phải do nha khoa. Khi nghiêm trọng, nó có thể ảnh hưởng đến giấc ngủ, ăn uống và các hoạt động hàng ngày khác. Các nguyên nhân thường gặp bao gồm viêm tủy (thường là do sâu răng, chấn thương răng hoặc các yếu tố khác), mẫn cảm ngà răng, viêm nha chu vùng chóp (viêm dây chằng nha chu và xương ổ răng quanh chóp chân răng), áp xe răng (tụ mủ cục bộ), viêm xương ổ răng (""ổ răng khô"", một biến chứng có thể xảy ra khi nhổ răng), viêm nướu hoại tử cấp tính (nhiễm trùng nướu) và rối loạn khớp thái dương hàm. Viêm tủy có thể hồi phục khi cơn đau ở mức độ nhẹ đến trung bình và kéo dài trong thời gian ngắn sau khi bị kích thích (ví dụ như cảm lạnh); hoặc không thể đảo ngược khi cơn đau dữ dội, tự phát và kéo dài rất lâu sau khi bị kích thích. Nếu không điều trị, viêm tủy có thể trở nên không hồi phục, sau đó tiến triển thành hoại tử tủy (tủy chết) và viêm nha chu vùng chóp. Áp xe thường gây đau nhói. Áp xe quanh chóp thường xảy ra sau hoại tử tủy, áp xe quanh thân răng thường liên quan đến viêm quanh thân răng cấp tính của răng khôn hàm dưới và áp xe nha chu thường là biến chứng của viêm nha chu mãn tính (bệnh nướu răng). Ít phổ biến hơn, các tình trạng không liên quan đến răng miệng có thể gây đau răng, chẳng hạn như viêm xoang hàm trên, có thể gây đau ở răng sau trên hoặc đau thắt ngực, có thể gây đau ở răng dưới. Chẩn đoán chính xác đôi khi có thể là một thách thức. Vệ sinh răng miệng đúng cách giúp ngăn ngừa đau răng bằng cách ngăn ngừa bệnh răng miệng. Việc điều trị đau răng phụ thuộc vào nguyên nhân chính xác và có thể bao gồm trám răng, điều trị tủy răng, nhổ răng, dẫn lưu mủ hoặc các biện pháp khắc phục khác. Giảm đau răng được coi là một trong những trách nhiệm chính của nha sĩ. Đau răng là loại đau phổ biến nhất ở miệng hoặc mặt. Đó là một trong những lý do phổ biến nhất cho các cuộc hẹn nha khoa khẩn cấp. Năm 2013, có 223 triệu trường hợp đau răng xảy ra do sâu răng ở răng vĩnh viễn và 53 triệu trường hợp xảy ra ở răng sữa. Trong lịch sử, nhu cầu điều trị đau răng được cho là đã dẫn đến sự xuất hiện của phẫu thuật nha khoa như là chuyên khoa đầu tiên của y học."	https://en.wikipedia.org/wiki/Toothache
D014103	Vẹo cổ	Torticollis	Vẹo cổ, còn được gọi là vẹo cổ, là một tình trạng cực kỳ đau đớn, loạn trương lực được xác định bởi vị trí đầu hoặc cổ bất thường, không đối xứng, có thể do nhiều nguyên nhân. Thuật ngữ torticollis có nguồn gốc từ tiếng Latin tortus 'xoắn' và collum 'cổ'. Trường hợp phổ biến nhất không có nguyên nhân rõ ràng, cơn đau và khó quay đầu thường biến mất sau vài ngày, ngay cả khi không điều trị ở người lớn.	https://en.wikipedia.org/wiki/Torticollis
D014202	Sự rung chuyển	Tremor	Run là hiện tượng co và giãn cơ không tự nguyện, có phần nhịp nhàng, bao gồm các dao động hoặc chuyển động co giật của một hoặc nhiều bộ phận cơ thể. Đây là chuyển động phổ biến nhất trong tất cả các chuyển động không chủ ý và có thể ảnh hưởng đến bàn tay, cánh tay, mắt, mặt, đầu, nếp gấp thanh quản, thân và chân. Hầu hết các cơn run xảy ra ở tay. Ở một số người, run là triệu chứng của một chứng rối loạn thần kinh khác.	https://en.wikipedia.org/wiki/Tremor
D014313	khít hàm	Trismus	Trismus là tình trạng hạn chế mở miệng. Thuật ngữ này ban đầu được sử dụng trong bệnh uốn ván. Khít hàm có thể do co thắt cơ nhai hoặc do nhiều nguyên nhân khác. Trismus tạm thời xảy ra thường xuyên hơn nhiều so với trismus vĩnh viễn. Nó được biết là gây trở ngại cho việc ăn uống, nói chuyện và duy trì vệ sinh răng miệng đúng cách. Sự can thiệp này, đặc biệt là không thể nuốt đúng cách, dẫn đến tăng nguy cơ sặc. Trong một số trường hợp, trismus có biểu hiện thay đổi trên khuôn mặt.  Tình trạng có thể gây khó chịu và đau đớn. Việc kiểm tra và điều trị yêu cầu tiếp cận khoang miệng có thể bị hạn chế hoặc trong một số trường hợp là không thể thực hiện được do bản chất của tình trạng bệnh.	https://en.wikipedia.org/wiki/Trismus
D014474	Bất tỉnh	Unconsciousness	Bất tỉnh là trạng thái trong đó một cá thể sống thể hiện sự mất khả năng hoàn toàn hoặc gần hoàn chỉnh trong việc duy trì nhận thức về bản thân và môi trường hoặc phản ứng với bất kỳ kích thích nào của con người hoặc môi trường. Bất tỉnh có thể xảy ra do chấn thương sọ não, thiếu oxy não (không đủ oxy, có thể do nhồi máu não hoặc ngừng tim), nhiễm độc nặng với các thuốc làm suy giảm hoạt động của hệ thần kinh trung ương (ví dụ: rượu và các loại thuốc thôi miên hoặc thuốc an thần khác), mệt mỏi nghiêm trọng, đau đớn, gây mê và các nguyên nhân khác. Không nên nhầm lẫn mất ý thức với khái niệm về vô thức phân tâm học, các quá trình nhận thức diễn ra bên ngoài nhận thức (ví dụ, nhận thức tiềm ẩn) và với các trạng thái ý thức bị thay đổi như ngủ, mê sảng, thôi miên và các trạng thái thay đổi khác trong đó con người phản ứng với các kích thích, bao gồm cả trạng thái xuất thần và ảo giác.	https://en.wikipedia.org/wiki/Unconsciousness
D014549	Tiểu không tự chủ	Urinary incontinence	"Tiểu không tự chủ (UI), còn được gọi là đi tiểu không tự nguyện, là bất kỳ sự rò rỉ nước tiểu không kiểm soát được. Đây là một vấn đề phổ biến và đáng lo ngại, có thể ảnh hưởng đáng kể đến chất lượng cuộc sống. Tiểu không tự chủ là tình trạng phổ biến ở phụ nữ lớn tuổi và được xác định là một vấn đề quan trọng trong chăm sóc sức khỏe người cao tuổi. Thuật ngữ đái dầm thường được dùng để chỉ tình trạng tiểu không tự chủ chủ yếu ở trẻ em, chẳng hạn như đái dầm về đêm (tè dầm). UI là một ví dụ về tình trạng bệnh lý bị kỳ thị, tạo ra rào cản cho việc quản lý thành công và khiến vấn đề trở nên tồi tệ hơn. Mọi người có thể quá xấu hổ khi tìm kiếm sự trợ giúp y tế và cố gắng tự kiểm soát triệu chứng một cách bí mật với người khác. Phẫu thuật vùng chậu, mang thai, sinh con, rối loạn tăng động giảm chú ý (ADHD) và mãn kinh là những yếu tố nguy cơ chính. Tiểu không tự chủ thường là kết quả của một tình trạng bệnh lý tiềm ẩn nhưng ít được báo cáo cho các bác sĩ. Có bốn loại tiểu không tự chủ chính: Tiểu không tự chủ cấp bách do bàng quang hoạt động quá mức Tiểu không tự chủ do căng thẳng do ""cơ vòng niệu đạo hoạt động kém (thiếu cơ vòng nội tại) hoặc do cổ bàng quang hoặc niệu đạo quá linh hoạt"" Tiểu không tự chủ do bàng quang co bóp kém hoặc tắc nghẽn niệu đạo Tiểu không tự chủ hỗn hợp liên quan đến các đặc điểm của các loại khác nhau Các phương pháp điều trị bao gồm liệu pháp hành vi, rèn luyện cơ sàn chậu, tập bàng quang, dùng thuốc, phẫu thuật và kích thích điện. Các phương pháp điều trị kết hợp liệu pháp hành vi có nhiều khả năng cải thiện hoặc chữa khỏi căng thẳng, thôi thúc và tiểu không tự chủ hỗn hợp, trong khi đó, có rất ít bằng chứng ủng hộ lợi ích của hormone và các chất làm tăng khối lượng xung quanh niệu đạo. Các biến chứng và sự an toàn lâu dài của các phương pháp điều trị là khác nhau."	https://en.wikipedia.org/wiki/Urinary_incontinence
D014550	Tiểu không tự chủ, căng thẳng		Không tìm thấy mô tả.	
D014717	chóng mặt	Vertigo	Chóng mặt là tình trạng một người có cảm giác rằng họ đang chuyển động hoặc các vật xung quanh họ đang chuyển động, trong khi thực tế không phải như vậy. Thường thì nó có cảm giác giống như một chuyển động quay tròn hoặc lắc lư. Nó có thể liên quan đến buồn nôn, nôn, đổ mồ hôi hoặc đi lại khó khăn. Nó thường tệ hơn khi đầu được di chuyển. Chóng mặt là loại chóng mặt phổ biến nhất. Các rối loạn phổ biến nhất dẫn đến chóng mặt là chóng mặt tư thế kịch phát lành tính (BPPV), bệnh Ménière và viêm dây thần kinh tiền đình. Các nguyên nhân ít phổ biến hơn bao gồm đột quỵ, u não, chấn thương não, bệnh đa xơ cứng, đau nửa đầu, chấn thương và áp lực không đồng đều giữa tai giữa. Chóng mặt sinh lý có thể xảy ra sau khi tiếp xúc với chuyển động trong thời gian dài chẳng hạn như khi ở trên tàu hoặc đơn giản là sau khi nhắm mắt quay tròn. Các nguyên nhân khác có thể bao gồm phơi nhiễm độc tố như carbon monoxide, rượu hoặc aspirin. Chóng mặt thường chỉ ra vấn đề ở một phần của hệ thống tiền đình. Các nguyên nhân gây chóng mặt khác bao gồm tiền ngất, mất cân bằng và chóng mặt không đặc hiệu. Chứng chóng mặt tư thế kịch phát lành tính có nhiều khả năng xảy ra ở những người bị các cơn chóng mặt lặp đi lặp lại khi cử động và mặt khác là bình thường giữa các cơn. Các cơn chóng mặt lành tính thường kéo dài dưới một phút. Thử nghiệm Dix-Hallpike thường tạo ra một khoảng thời gian chuyển động mắt nhanh được gọi là rung giật nhãn cầu trong tình trạng này. Bệnh Ménière thường có hiện tượng ù tai, giảm thính lực và các cơn chóng mặt kéo dài hơn 20 phút. Trong bệnh viêm dây thần kinh tiền đình, tình trạng chóng mặt khởi phát đột ngột và rung giật nhãn cầu xảy ra ngay cả khi người bệnh không cử động. Trong tình trạng này, chóng mặt có thể kéo dài nhiều ngày. Các nguyên nhân nghiêm trọng hơn cũng cần được xem xét, đặc biệt nếu xảy ra các vấn đề khác như suy nhược, nhức đầu, nhìn đôi hoặc tê liệt. Chóng mặt ảnh hưởng đến khoảng 20–40% số người tại một thời điểm nào đó, trong khi khoảng 7,5–10% bị chóng mặt. Khoảng 5% bị chóng mặt trong một năm nhất định. Nó trở nên phổ biến hơn theo tuổi tác và ảnh hưởng đến phụ nữ nhiều hơn nam giới từ hai đến ba lần. Chóng mặt chiếm khoảng 2–3% số ca cấp cứu ở các nước phát triển.	https://en.wikipedia.org/wiki/Vertigo
D014770	chủ nghĩa nam tính	Virilization	Virilization hoặc nam tính hóa là sự phát triển sinh học của các đặc điểm nam giới trưởng thành ở nam hoặc nữ trẻ. Hầu hết những thay đổi của quá trình nam hóa đều do nội tiết tố androgen tạo ra. Nam hóa là một thuật ngữ y học thường được sử dụng trong ba bối cảnh y học và sinh học về giới tính: sự phân biệt giới tính sinh học trước khi sinh, những thay đổi sau sinh của tuổi dậy thì nhiễm sắc thể nam điển hình (46, XY), và tác dụng androgen quá mức ở nữ nhiễm sắc thể điển hình (46, XX). Đây cũng là kết quả dự kiến ​​của liệu pháp thay thế androgen ở nam giới dậy thì muộn và testosterone thấp.	https://en.wikipedia.org/wiki/Virilization
D014786	Rối loạn thị lực		Không tìm thấy mô tả.	
D014823	Xuất huyết thủy tinh	Vitreous hemorrhage	Xuất huyết thủy tinh thể là tình trạng thoát mạch hoặc rò rỉ máu vào các khu vực trong và xung quanh thể thủy tinh của mắt. Thủy tinh thể là chất gel trong suốt lấp đầy khoảng trống giữa thủy tinh thể và võng mạc của mắt. Một loạt các tình trạng có thể dẫn đến máu rò rỉ vào thủy tinh thể, có thể gây suy giảm thị lực, ruồi bay và chứng nhìn sáng.	https://en.wikipedia.org/wiki/Vitreous_hemorrhage
D014826	Liệt dây thanh		Không tìm thấy mô tả.	
D014832	Rối loạn giọng nói		Không tìm thấy mô tả.	
D014839	Nôn mửa	Vomiting	Nôn mửa (được gọi một cách khoa học là nôn mửa, hay còn gọi là nôn mửa và nôn mửa) là sự tống xuất mạnh mẽ những chất chứa trong dạ dày của một người qua miệng và đôi khi qua mũi. Nội dung nôn ra được gọi là chất nôn hoặc chất nôn. Nôn mửa có thể là kết quả của các bệnh như ngộ độc thực phẩm, viêm dạ dày ruột, mang thai, say tàu xe hoặc nôn nao; hoặc nó có thể là hậu quả của các bệnh như u não, tăng áp lực nội sọ hoặc tiếp xúc quá nhiều với bức xạ ion hóa. Cảm giác sắp nôn được gọi là buồn nôn; nó thường xảy ra trước nhưng không phải lúc nào cũng dẫn đến nôn mửa. Suy nhược do rượu, thuốc mê hoặc thuốc an thần khác có thể gây ra tình trạng hít phải chất nôn. Trong những trường hợp nghiêm trọng, khi tình trạng mất nước phát triển, có thể cần phải truyền dịch tĩnh mạch. Thuốc chống nôn đôi khi cần thiết để ngăn chặn buồn nôn và nôn. Tự gây nôn có thể là một phần của chứng rối loạn ăn uống chẳng hạn như chứng cuồng ăn, và bản thân nó hiện được phân loại là rối loạn ăn uống, rối loạn thanh lọc.	https://en.wikipedia.org/wiki/Vomiting
D014840	Nôn mửa, dự đoán trước		Không tìm thấy mô tả.	
D014884	Hội chứng Waterhouse-Friderichsen		Không tìm thấy mô tả.	
D014929	Hội chứng Wolfram		Không tìm thấy mô tả.	
D015160	Thai nhi bị phù thai	Hydrops fetalis	Chứng phù thai hoặc chứng phù thai là một tình trạng ở thai nhi được đặc trưng bởi sự tích tụ chất lỏng hoặc phù nề ở ít nhất hai khoang của thai nhi. Để so sánh, hydrops allantois hoặc hydrops amnion tương ứng là sự tích tụ chất lỏng quá mức trong khoang ối hoặc khoang ối.	https://en.wikipedia.org/wiki/Hydrops_fetalis
D015325	Bệnh thiếu hụt phức hợp Pyruvate Dehydrogenase		Không tìm thấy mô tả.	
D015354	Tầm nhìn, Thấp		Không tìm thấy mô tả.	
D015430	Tăng cân	Weight gain	Tăng cân là sự gia tăng trọng lượng cơ thể. Điều này có thể liên quan đến việc tăng khối lượng cơ, tích tụ mỡ, chất lỏng dư thừa như nước hoặc các yếu tố khác. Tăng cân có thể là triệu chứng của một tình trạng bệnh lý nghiêm trọng.	https://en.wikipedia.org/wiki/Weight_gain
D015431	Giảm cân	Weight loss	"Trong y học, sức khỏe hoặc thể chất, giảm cân là giảm tổng khối lượng cơ thể, bằng cách mất đi chất lỏng, mỡ trong cơ thể (mô mỡ) hoặc khối lượng nạc (cụ thể là khoáng chất trong xương, cơ, gân và các mô liên kết khác). Giảm cân có thể xảy ra một cách không chủ ý do suy dinh dưỡng hoặc bệnh lý tiềm ẩn, hoặc do nỗ lực có ý thức nhằm cải thiện tình trạng thừa cân hoặc béo phì thực tế hoặc được nhận thấy.  Sụt cân ""không giải thích được"" không phải do giảm lượng calo nạp vào hoặc tăng cường tập thể dục được gọi là suy nhược và có thể là triệu chứng của một tình trạng bệnh lý nghiêm trọng."	https://en.wikipedia.org/wiki/Weight_loss
D015518	Hội chứng Rett	Rett syndrome	Hội chứng Rett (RTT) là một rối loạn di truyền thường biểu hiện rõ ràng sau 6–18 tháng tuổi và hầu như chỉ xảy ra ở các bé gái. Các triệu chứng bao gồm suy giảm ngôn ngữ và khả năng phối hợp cũng như các cử động lặp đi lặp lại. Những người bị ảnh hưởng thường có tốc độ tăng trưởng chậm hơn, đi lại khó khăn và kích thước đầu nhỏ hơn. Các biến chứng của hội chứng Rett có thể bao gồm co giật, vẹo cột sống và khó ngủ. Mức độ nghiêm trọng của tình trạng này là khác nhau. Hội chứng Rett là do đột biến gen, thường là ở gen MECP2, trên nhiễm sắc thể X.  Nó hầu như luôn xảy ra dưới dạng đột biến mới, với ít hơn 1% trường hợp được di truyền. Nó hầu như chỉ xảy ra ở trẻ em gái; những bé trai có đột biến tương tự thường chết ngay sau khi sinh. Chẩn đoán dựa trên các triệu chứng và có thể được xác nhận bằng xét nghiệm di truyền. Không có cách chữa trị hội chứng Rett. Điều trị nhằm mục đích cải thiện các triệu chứng. Thuốc chống co giật có thể được sử dụng để giúp giảm cơn động kinh. Giáo dục đặc biệt, vật lý trị liệu và nẹp chân cũng có thể hữu ích tùy theo nhu cầu của trẻ. Nhiều người mắc bệnh này sống ở tuổi trung niên. Tình trạng này ảnh hưởng đến khoảng 1 trên 8.500 phụ nữ.  Năm 1999, bác sĩ người Mỹ gốc Lebanon Huda Zoghbi đã phát hiện ra đột biến gây ra tình trạng này.	https://en.wikipedia.org/wiki/Rett_syndrome
D015746	Đau bụng	Abdominal pain	Đau bụng, còn được gọi là đau dạ dày, là một triệu chứng liên quan đến cả các vấn đề y tế không nghiêm trọng và nghiêm trọng. Vì bụng chứa hầu hết các cơ quan quan trọng của cơ thể nên nó có thể là dấu hiệu của nhiều loại bệnh. Do đó, việc tiếp cận việc kiểm tra một người và lập kế hoạch chẩn đoán phân biệt là vô cùng quan trọng.  Nguyên nhân phổ biến gây đau bụng bao gồm viêm dạ dày ruột và hội chứng ruột kích thích. Khoảng 15% số người có bệnh lý tiềm ẩn nghiêm trọng hơn như viêm ruột thừa, phình động mạch chủ bụng bị rò rỉ hoặc vỡ, viêm túi thừa hoặc mang thai ngoài tử cung. Trong một phần ba trường hợp, nguyên nhân chính xác là không rõ ràng.	https://en.wikipedia.org/wiki/Abdominal_pain
D015845	thuốc bổ học sinh		Không tìm thấy mô tả.	
D015875	Anisocoria	Anisocoria	Anisocoria là một tình trạng đặc trưng bởi kích thước đồng tử của mắt không đồng đều. Ảnh hưởng đến 20% dân số, dị tật thường hoàn toàn vô hại nhưng có thể là dấu hiệu của các vấn đề y tế nghiêm trọng hơn.	https://en.wikipedia.org/wiki/Anisocoria
D015877	chứng co đồng tử	Miosis	Miosis, hay myosis (từ tiếng Hy Lạp cổ μύειν (múein) 'nhắm mắt'), là tình trạng đồng tử co thắt quá mức. Tình trạng ngược lại, bệnh giãn đồng tử, là sự giãn nở của đồng tử. Anisocoria là tình trạng một đồng tử giãn ra nhiều hơn đồng tử kia.	https://en.wikipedia.org/wiki/Miosis
D015878	Bệnh giãn đồng tử	Mydriasis	Giãn đồng tử là tình trạng đồng tử giãn ra, thường không có nguyên nhân sinh lý hoặc đôi khi là phản ứng sinh lý của đồng tử. Các nguyên nhân phi sinh lý của bệnh giãn đồng tử bao gồm bệnh tật, chấn thương hoặc sử dụng một số loại thuốc. Nó cũng có thể không rõ nguyên nhân. Thông thường, như một phần của phản xạ ánh sáng của đồng tử, đồng tử giãn ra trong bóng tối và co lại trong ánh sáng để cải thiện độ sống động vào ban đêm và bảo vệ võng mạc khỏi tác hại của ánh sáng mặt trời vào ban ngày. Đồng tử bị giãn đồng tử sẽ vẫn lớn quá mức ngay cả trong môi trường sáng sủa. Sự kích thích của các sợi xuyên tâm của mống mắt làm tăng độ mở của đồng tử được gọi là bệnh giãn đồng tử. Tổng quát hơn, giãn đồng tử cũng đề cập đến sự giãn nở tự nhiên của đồng tử, ví dụ như trong điều kiện ánh sáng yếu hoặc dưới sự kích thích giao cảm. Giãn đồng tử thường do thuốc gây ra trong một số cuộc kiểm tra và thủ thuật nhãn khoa, đặc biệt là những trường hợp cần tiếp cận thị giác với võng mạc. Giãn đồng tử một bên cố định có thể là triệu chứng của tăng áp lực nội sọ. Ngược lại, sự co thắt của đồng tử, được gọi là chứng co đồng tử. Cả giãn đồng tử và co đồng tử đều có thể là sinh lý. Anisocoria là tình trạng một đồng tử giãn ra nhiều hơn đồng tử kia.	https://en.wikipedia.org/wiki/Mydriasis
D016532	Bệnh Mucopolysaccharidosis II	Hunter syndrome	Hội chứng Hunter, hay bệnh mucopolysaccharidosis loại II (MPS II), là một bệnh lưu trữ lysosomal di truyền hiếm gặp, trong đó các phân tử đường lớn gọi là glycosaminoglycans (hoặc GAGs hoặc mucopolysaccharides) tích tụ trong các mô cơ thể. Hội chứng Hunter là do thiếu hụt enzyme lysosomal iduronate-2-sulfatase (I2S). Việc thiếu enzyme này khiến heparan sulfate và dermatan sulfate tích tụ trong tất cả các mô của cơ thể. Hội chứng Hunter là hội chứng MPS duy nhất có biểu hiện di truyền lặn liên kết với X. Các triệu chứng của hội chứng Hunter có thể so sánh với triệu chứng của MPS I. Nó gây ra những bất thường ở nhiều cơ quan, bao gồm bộ xương, tim và hệ hô hấp. Trong trường hợp nghiêm trọng, điều này dẫn đến tử vong ở tuổi thiếu niên. Không giống như MPS I, tình trạng đục giác mạc không liên quan đến bệnh này.	https://en.wikipedia.org/wiki/Hunter_syndrome
D016534	Cung lượng tim, cao		Không tìm thấy mô tả.	
D016553	Ban xuất huyết, giảm tiểu cầu, vô căn		Không tìm thấy mô tả.	
D016857	Giảm CO2 máu	Hypocapnia	Hypocapnia (từ tiếng Hy Lạp ὑπό có nghĩa là dưới mức bình thường và καπνός kapnós có nghĩa là khói), còn được gọi là hypocarbia, đôi khi được gọi không chính xác là acapnia, là tình trạng giảm lượng carbon dioxide trong máu. Hypocapnia thường là kết quả của việc thở sâu hoặc nhanh, được gọi là tăng thông khí. Hypocapnia trái ngược với hypercapnia. Giảm CO2 ngắn hạn thường không có bất kỳ tác dụng phụ nào. Nó đôi khi được sử dụng như một phương pháp điều trị cứu sống các tình trạng như tăng huyết áp động mạch phổi ở trẻ sơ sinh và cho những người bị tăng huyết áp nội sọ nặng. Nếu tình trạng giảm CO2 máu kéo dài hoặc kéo dài, có thể xảy ra những kết quả bất lợi.	https://en.wikipedia.org/wiki/Hypocapnia
D017109	Akathisia, do thuốc gây ra		Không tìm thấy mô tả.	
D017116	Đau lưng dưới		Không tìm thấy mô tả.	
D017246	Liệt mắt, bên ngoài tiến triển mãn tính		Không tìm thấy mô tả.	
D017288	Ngưỡng đau		Không tìm thấy mô tả.	
D017566	Đau thắt ngực vi mạch		Không tìm thấy mô tả.	
D017593	Hội chứng Kleine-Levin	Kleine–Levin syndrome	Hội chứng Kleine–Levin (KLS) là một rối loạn thần kinh hiếm gặp được đặc trưng bởi tình trạng mất ngủ từng đợt kéo dài kèm theo những thay đổi về nhận thức và hành vi. Những thay đổi này có thể bao gồm sự mất kiềm chế (không thể kiềm chế hành động hoặc lời nói), đôi khi được biểu hiện thông qua chứng cuồng dâm, chứng cuồng ăn hoặc mất khả năng cảm xúc và các triệu chứng khác, chẳng hạn như mất khả năng thực tế. Bệnh nhân thường trải qua các đợt tái phát của tình trạng này trong hơn một thập kỷ và có thể tái phát ở độ tuổi muộn hơn. Các đợt riêng lẻ thường kéo dài hơn một tuần, đôi khi kéo dài hàng tháng. Tình trạng này ảnh hưởng lớn đến đời sống cá nhân, nghề nghiệp và xã hội của những người mắc KLS. Mức độ nghiêm trọng của các triệu chứng và diễn biến của hội chứng khác nhau giữa những người mắc KLS. Bệnh nhân thường có khoảng 20 đợt trong khoảng một thập kỷ. Vài tháng có thể trôi qua giữa các đợt. Sự khởi phát của tình trạng này thường xảy ra sau khi nhiễm virus (72% bệnh nhân); một số loại virus khác nhau đã được quan sát thấy có thể kích hoạt KLS.  Nó thường chỉ được chẩn đoán sau khi đã loại trừ các tình trạng tương tự; Chụp MRI, CT, chọc dò tủy sống và xét nghiệm độc tính được sử dụng để loại trừ các khả năng khác. Cơ chế của hội chứng chưa được biết rõ, nhưng người ta cho rằng đồi thị có thể đóng một vai trò nào đó. SPECT đã cho thấy tình trạng giảm tưới máu vùng đồi thị ở bệnh nhân trong các đợt bệnh. KLS rất hiếm, xảy ra với tỷ lệ 1 trên 500.000, điều này hạn chế việc nghiên cứu về yếu tố di truyền. Tình trạng này chủ yếu ảnh hưởng đến thanh thiếu niên (81% bệnh nhân được báo cáo), thiên về nam giới (68-72% trường hợp), mặc dù nữ giới cũng có thể bị ảnh hưởng và độ tuổi khởi phát khác nhau.  Không có cách chữa trị nào được biết đến và có rất ít bằng chứng hỗ trợ điều trị bằng thuốc. Lithium đã được báo cáo là có tác dụng hạn chế trong các báo cáo trường hợp, làm giảm độ dài của các đợt và tăng khoảng thời gian giữa các đợt ở một số bệnh nhân. Các chất kích thích đã được chứng minh là có tác dụng thúc đẩy sự tỉnh táo trong các giai đoạn, nhưng chúng không chống lại các triệu chứng nhận thức hoặc làm giảm thời gian của các giai đoạn. Căn bệnh này được đặt theo tên của Willi Kleine và Max Levin, những người đã mô tả các trường hợp mắc bệnh vào đầu thế kỷ 20. Nó đã được thêm vào Phân loại quốc tế về rối loạn giấc ngủ vào năm 1990.	https://en.wikipedia.org/wiki/Kleine%E2%80%93Levin_syndrome
D017624	Hội chứng WAGR		Không tìm thấy mô tả.	
D017699	Đau vùng chậu		Không tìm thấy mô tả.	
D017827	Bệnh Machado-Joseph	Machado–Joseph disease	"Bệnh Machado–Joseph (MJD), còn được gọi là bệnh Machado–Joseph Azorean, bệnh Machado, bệnh Joseph hoặc chứng mất điều hòa tủy sống tiểu não loại 3 (SCA3), là một bệnh thoái hóa thần kinh di truyền trội trên nhiễm sắc thể thường hiếm gặp, gây mất điều hòa tiểu não tiến triển, dẫn đến thiếu kiểm soát cơ và phối hợp giữa chi trên và chi dưới. Các triệu chứng này là do đột biến gen dẫn đến sự mở rộng lặp lại trinucleotide ""CAG"" bất thường trong gen ATXN3 dẫn đến dạng protein ataxin bất thường gây thoái hóa tế bào ở não sau. Một số triệu chứng như vụng về và cứng nhắc khiến MJD thường bị nhầm lẫn với tình trạng say rượu hoặc bệnh Parkinson. Bệnh Machado–Joseph là một loại chứng mất điều hòa tủy sống tiểu não và là nguyên nhân phổ biến nhất gây ra chứng mất điều hòa nhiễm sắc thể thường trội. MJD gây liệt vận nhãn và mất điều hòa cảm giác và tiểu não."	https://en.wikipedia.org/wiki/Machado%E2%80%93Joseph_disease
D018437	Hội chứng Brown-Sequard	Brown-Séquard syndrome	Hội chứng Brown-Séquard (còn được gọi là liệt nửa người Brown-Séquard, liệt nửa người Brown-Séquard, hội chứng liệt nửa người, liệt nửa người và liệt nửa người cột sống, hoặc liệt nửa người cột sống) là một tình trạng thần kinh do tổn thương một nửa tủy sống. Tình trạng này biểu hiện lâm sàng với tình trạng liệt cứng và mất cảm giác sờ chạm, cảm giác rung và cảm giác bản thể ngay bên dưới tổn thương ở cùng phía cơ thể với tổn thương, nhưng mất cảm giác chạm thô sơ, đau và nhiệt độ ở phía đối diện và bắt đầu hơi thấp hơn tổn thương. Ở mức độ tổn thương, cùng phía tổn thương có một vùng liệt mềm và mất hoàn toàn cảm giác. Bởi vì tổn thương toàn bộ một nửa nhưng chỉ một nửa tủy sống hiếm khi xảy ra trong hoàn cảnh thực tế nên tình trạng này thường gặp nhất ở dạng một phần. Nó được đặt theo tên của nhà sinh lý học Charles-Édouard Brown-Séquard, người đầu tiên mô tả tình trạng này vào năm 1850.	https://en.wikipedia.org/wiki/Brown-S%C3%A9quard_syndrome
D018458	Trạng thái thực vật dai dẳng	Vegetative state	"Trạng thái thực vật (VS) hoặc không phản ứng sau hôn mê (PCU) là một rối loạn ý thức trong đó bệnh nhân bị tổn thương não nghiêm trọng ở trạng thái kích thích một phần thay vì nhận thức thực sự. Sau bốn tuần ở trạng thái thực vật, bệnh nhân được phân loại là ở trạng thái thực vật dai dẳng (PVS). Chẩn đoán này được phân loại là trạng thái thực vật vĩnh viễn vài tháng (ba ở Hoa Kỳ và sáu ở Anh) sau chấn thương sọ não không do chấn thương hoặc một năm sau chấn thương. Thuật ngữ hội chứng tỉnh táo không phản ứng có thể được sử dụng thay thế, vì ""trạng thái thực vật"" có một số hàm ý tiêu cực đối với công chúng. Đôi khi nó còn được gọi là hội chứng Apallic hoặc hội chứng Apallisches, vay mượn từ tiếng Đức, chủ yếu ở các nguồn châu Âu hoặc cũ hơn."	https://en.wikipedia.org/wiki/Vegetative_state
D018476	Giảm vận động	Hypokinesia	Hypokinesia là một trong những phân loại của rối loạn vận động và đề cập đến việc giảm chuyển động của cơ thể. Giảm vận động được đặc trưng bởi sự mất một phần hoặc toàn bộ khả năng vận động của cơ do sự gián đoạn của hạch nền. Hypokinesia là một triệu chứng của bệnh Parkinson được biểu hiện bằng sự cứng cơ và không có khả năng cử động. Nó cũng liên quan đến rối loạn sức khỏe tâm thần và không hoạt động kéo dài do bệnh tật, cùng các bệnh khác. Một loại rối loạn vận động khác là tăng động, biểu hiện sự chuyển động quá mức không mong muốn, chẳng hạn như co giật hoặc quằn quại trong bệnh Huntington hoặc hội chứng Tourette.	https://en.wikipedia.org/wiki/Hypokinesia
D018489	Bệnh say tàu xe		Không tìm thấy mô tả.	
D018496	Tăng oxy máu	Hyperoxia	Hyperoxia là trạng thái tiếp xúc với lượng oxy cao; nó có thể đề cập đến các sinh vật, tế bào và mô đang bị oxy hóa quá mức hoặc nồng độ oxy cao bất thường trong một môi trường (ví dụ: một vùng nước). Trong y học, nó đề cập đến lượng oxy dư thừa trong phổi hoặc các mô cơ thể khác và là kết quả của việc tăng áp suất riêng phần oxy trong phế nang - nghĩa là áp suất riêng phần oxy trong phế nang lớn hơn áp suất do hít thở không khí ở áp suất khí quyển bình thường (mực nước biển).  Điều này có thể xảy ra do hít thở không khí ở áp suất cao hơn bình thường hoặc do hít thở các hỗn hợp khí khác có tỷ lệ oxy cao, áp suất xung quanh cao hoặc cả hai. Cơ thể có khả năng chịu đựng một số sai lệch so với áp suất riêng phần oxy hít vào bình thường, nhưng mức độ tăng oxy máu đủ cao có thể dẫn đến nhiễm độc oxy theo thời gian, với cơ chế liên quan đến áp suất riêng phần và mức độ nghiêm trọng liên quan đến liều lượng. Hyperoxia trái ngược với tình trạng thiếu oxy; tăng oxy máu đề cập đến trạng thái cung cấp oxy cho các mô quá mức, trong khi thiếu oxy đề cập đến trạng thái cung cấp oxy không đủ. Cung cấp oxy bổ sung được sử dụng rộng rãi trong cấp cứu và chăm sóc đặc biệt và có thể cứu sống trong những tình trạng nguy kịch, nhưng quá nhiều có thể gây hại và ảnh hưởng đến nhiều quá trình sinh lý bệnh. Các loại oxy phản ứng được biết đến là sản phẩm phụ có vấn đề của tình trạng tăng oxy máu, có vai trò quan trọng trong quá trình truyền tín hiệu tế bào. Có nhiều tác động khác nhau, nhưng khi cân bằng cân bằng nội môi bị xáo trộn, các loại oxy phản ứng có xu hướng gây ra một chu kỳ tổn thương mô, dẫn đến viêm, tổn thương tế bào và chết tế bào.	https://en.wikipedia.org/wiki/Hyperoxia
D018589	Liệt dạ dày	Gastroparesis	"Gastroparesis (dạ dày- từ tiếng Hy Lạp cổ γαστήρ – gaster, ""dạ dày""; và -paresis, πάρεσις - ""tê liệt một phần"") là một rối loạn y tế do các cơn co thắt thần kinh cơ (nhu động) không hiệu quả của dạ dày, dẫn đến thức ăn và chất lỏng đọng lại trong dạ dày trong một thời gian kéo dài. Do đó, chất chứa trong dạ dày thoát ra khỏi tá tràng của đường tiêu hóa chậm hơn, một dấu hiệu y tế gọi là làm rỗng dạ dày chậm. Ngược lại với hiện tượng này, khi các chất trong dạ dày nhanh chóng thoát ra tá tràng, được gọi là hội chứng Dumping. Các triệu chứng bao gồm buồn nôn, nôn, đau bụng, cảm thấy no ngay sau khi bắt đầu ăn (no sớm), chướng bụng và ợ nóng. Nhiều hoặc hầu hết các trường hợp là vô căn. Nguyên nhân phổ biến nhất được biết đến là bệnh thần kinh tự chủ của dây thần kinh phế vị, chi phối dạ dày. Bệnh đái tháo đường không được kiểm soát là nguyên nhân thường gặp gây tổn thương dây thần kinh này, nhưng chấn thương dây thần kinh phế vị cũng có thể xảy ra. Một số trường hợp có thể được coi là hậu nhiễm trùng. Chẩn đoán được thực hiện thông qua một hoặc nhiều phương pháp sau: chụp X-quang nuốt bari, bữa ăn bít tết bari, quét dạ dày bằng đồng vị phóng xạ, đo áp lực dạ dày, nội soi thực quản dạ dày tá tràng (EGD) và xét nghiệm hơi thở bằng đồng vị ổn định. Các biến chứng bao gồm suy dinh dưỡng, mệt mỏi, sụt cân, thiếu vitamin, tắc ruột do dị vật và vi khuẩn đường ruột phát triển quá mức. Cũng có thể có tình trạng kiểm soát đường huyết kém và hấp thu chất dinh dưỡng không đều, đặc biệt là trong bệnh tiểu đường. Điều trị bao gồm điều chỉnh chế độ ăn uống, thuốc kích thích làm rỗng dạ dày (bao gồm một số thuốc tăng nhu động), thuốc giảm nôn (bao gồm một số thuốc chống nôn) và phương pháp phẫu thuật. Ngoài ra, kích thích điện dạ dày (GES; được phê duyệt miễn trừ thiết bị nhân đạo) có thể được sử dụng để điều trị. Dinh dưỡng có thể được quản lý theo nhiều cách khác nhau, từ điều chỉnh chế độ ăn uống bằng đường miệng đến ống nuôi ăn bằng ống thông hỗng tràng (nếu ăn uống không đủ). Chẩn đoán liệt dạ dày có liên quan đến kết quả kém và tỷ lệ sống sót ở bệnh nhân thường thấp hơn so với dân số nói chung."	https://en.wikipedia.org/wiki/Gastroparesis
D018614	Bệnh đổ mồ hôi	Sweating sickness	Bệnh đổ mồ hôi, còn được gọi là bệnh đổ mồ hôi, bệnh đổ mồ hôi tiếng Anh, bệnh đổ mồ hôi tiếng Anh hoặc sudor anglicus trong tiếng Latin, là một căn bệnh bí ẩn và truyền nhiễm tấn công nước Anh và sau đó là lục địa châu Âu trong một loạt dịch bệnh bắt đầu từ năm 1485. Các đợt bùng phát lớn khác của bệnh đổ mồ hôi ở Anh xảy ra vào năm 1508, 1517 và 1528, với đợt bùng phát cuối cùng vào năm 1551, sau đó căn bệnh này dường như đã biến mất. Các triệu chứng khởi phát đột ngột và tử vong hoặc hồi phục thường xảy ra trong vòng 8–10 giờ. Dịch bệnh đổ mồ hôi là duy nhất so với các đợt bùng phát dịch bệnh khác vào thời điểm đó: trong khi các dịch bệnh khác thường xảy ra ở thành thị và kéo dài, các trường hợp mắc bệnh đổ mồ hôi tăng vọt và giảm đi rất nhanh, ảnh hưởng đáng kể đến người dân nông thôn. Nguyên nhân của nó vẫn chưa được biết, mặc dù có ý kiến ​​​​cho rằng nguyên nhân là do một loài hantavirus chưa được biết đến.	https://en.wikipedia.org/wiki/Sweating_sickness
D018771	Đau khớp	Arthralgia	Đau khớp (từ tiếng Hy Lạp arthro- 'khớp' và -algos 'đau') có nghĩa đen là 'đau khớp'. Cụ thể, đau khớp là triệu chứng của chấn thương, nhiễm trùng, bệnh tật (đặc biệt là viêm khớp) hoặc phản ứng dị ứng với thuốc. Theo MeSH, thuật ngữ đau khớp chỉ nên được sử dụng khi tình trạng không viêm và thuật ngữ viêm khớp nên được sử dụng khi tình trạng viêm.	https://en.wikipedia.org/wiki/Arthralgia
D018886	Mất ngôn ngữ, dẫn truyền		Không tìm thấy mô tả.	
D018888	Chứng mất ngôn ngữ, tiến triển sơ cấp		Không tìm thấy mô tả.	
D018908	Yếu cơ		Không tìm thấy mô tả.	
D018980	Hội chứng Williams	Williams syndrome	Hội chứng Williams (WS), còn gọi là hội chứng Williams–Beuren (WBS), là một rối loạn di truyền ảnh hưởng đến nhiều bộ phận của cơ thể. Các đặc điểm trên khuôn mặt thường bao gồm trán rộng, cằm kém phát triển, mũi ngắn và má đầy đặn. Có thể quan sát thấy tình trạng thiểu năng trí tuệ ở mức độ nhẹ đến trung bình, đặc biệt là những thách thức với các nhiệm vụ không gian trực quan như vẽ. Kỹ năng nói tương đối không bị ảnh hưởng. Nhiều người có tính cách hướng ngoại, tính tình vui vẻ, cởi mở trong việc giao tiếp với người khác, tăng sự đồng cảm và giảm bớt sự hung hăng. Các vấn đề y tế về răng, các vấn đề về tim (đặc biệt là hẹp động mạch chủ trên van) và tình trạng canxi trong máu cao là phổ biến. Hội chứng Williams là do bất thường về di truyền, cụ thể là mất khoảng 27 gen ở nhánh dài của một trong hai nhiễm sắc thể số 7. Thông thường, điều này xảy ra như một sự kiện ngẫu nhiên trong quá trình hình thành trứng hoặc tinh trùng mà từ đó một người phát triển. Trong một số ít trường hợp, nó được di truyền từ cha mẹ bị ảnh hưởng theo kiểu gen trội. Các đặc điểm đặc trưng khác nhau có liên quan đến việc mất đi các gen cụ thể. Chẩn đoán thường bị nghi ngờ dựa trên các triệu chứng và được xác nhận bằng xét nghiệm di truyền. Các biện pháp can thiệp bao gồm các chương trình giáo dục đặc biệt và nhiều loại trị liệu khác nhau. Phẫu thuật có thể được thực hiện để khắc phục các vấn đề về tim. Có thể cần phải thay đổi chế độ ăn uống hoặc dùng thuốc khi lượng canxi trong máu cao. Hội chứng này được mô tả lần đầu tiên vào năm 1961 bởi John C. P. Williams người New Zealand. Hội chứng Williams ảnh hưởng đến khoảng 1 trong 7.500 đến 20.000 người khi mới sinh. Tuổi thọ thấp hơn so với dân số nói chung, chủ yếu là do tỷ lệ mắc bệnh tim tăng lên.	https://en.wikipedia.org/wiki/Williams_syndrome
D019080	Điểm Cafe-au-Lait		Không tìm thấy mô tả.	
D019462	Ngất, Vasovagal		Không tìm thấy mô tả.	
D019547	Đau cổ		Không tìm thấy mô tả.	
D019569	Co thắt nửa mặt	Hemifacial spasm	Co thắt nửa mặt (HFS) là một bệnh thần kinh cơ hiếm gặp, đặc trưng bởi các cơn co thắt cơ không tự chủ (co thắt) ở một bên (hemi-) của khuôn mặt (-facial). Các cơ mặt được điều khiển bởi dây thần kinh mặt (dây thần kinh sọ thứ bảy), bắt nguồn từ thân não và thoát ra khỏi hộp sọ bên dưới tai, nơi nó tách thành năm nhánh chính. Bệnh này có hai dạng: điển hình và không điển hình. Ở dạng điển hình, hiện tượng co giật thường bắt đầu ở mí mắt dưới ở cơ vòng mắt. Theo thời gian, nó lan ra toàn bộ mí mắt, sau đó đến cơ vòng quanh môi và cơ buccinator ở vùng xương gò má. Quá trình co giật ngược lại xảy ra trong co giật nửa mặt không điển hình; Co giật bắt đầu ở cơ orbicularis oris quanh môi và cơ buccinator ở vùng xương gò má ở phần dưới của mặt, sau đó tiến lên cơ orbicularis oculi ở mí mắt theo thời gian. Dạng phổ biến nhất là dạng điển hình và dạng không điển hình chỉ gặp ở khoảng 2–3% bệnh nhân bị co thắt nửa mặt. Tỷ lệ co giật nửa mặt là khoảng 0,8 trên 100.000 người. Rối loạn này xảy ra ở cả nam và nữ, mặc dù nó ảnh hưởng đến phụ nữ trung niên hoặc người già thường xuyên hơn. Co thắt nửa mặt phổ biến hơn nhiều ở một số dân tộc châu Á. Nó có thể do chấn thương dây thần kinh mặt, do mạch máu chèn ép, khối u hoặc có thể không có nguyên nhân rõ ràng. Những người bị co thắt ở cả hai bên mặt là rất hiếm.	https://en.wikipedia.org/wiki/Hemifacial_spasm
D019575	Mù, vỏ não		Không tìm thấy mô tả.	
D019584	Nóng bừng		Không tìm thấy mô tả.	
D019588	Lão hóa, trưởng thành		Không tìm thấy mô tả.	
D019591	giả hành	Intraocular lens	Thấu kính nội nhãn (IOL) là một thấu kính được cấy vào mắt thường là một phần của phương pháp điều trị đục thủy tinh thể hoặc để điều chỉnh các vấn đề về thị lực khác như cận thị (cận thị) và viễn thị (hyperopia); một hình thức phẫu thuật khúc xạ. Nếu thấu kính tự nhiên được để lại trong mắt, IOL được gọi là thấu kính phakic, nếu không thì đó là thấu kính giả (hoặc thấu kính giả). Cả hai loại IOL đều được thiết kế để cung cấp chức năng lấy nét ánh sáng giống như thấu kính tinh thể tự nhiên. Đây có thể là phương pháp thay thế cho LASIK, nhưng LASIK không phải là phương pháp thay thế cho IOL để điều trị đục thủy tinh thể. IOL thường bao gồm một thấu kính nhỏ bằng nhựa có thanh chống bên bằng nhựa, được gọi là xúc giác, để giữ thấu kính ở đúng vị trí trong túi dạng nang bên trong mắt. IOL ban đầu được làm bằng vật liệu cứng (PMMA), mặc dù điều này phần lớn đã được thay thế bằng việc sử dụng vật liệu linh hoạt, chẳng hạn như silicone. Hầu hết các IOL được trang bị ngày nay đều là thấu kính một tiêu cự cố định phù hợp với tầm nhìn xa. Tuy nhiên, hiện có các loại khác, chẳng hạn như thấu kính nội nhãn đa tiêu cung cấp tầm nhìn đa tiêu điểm ở khoảng cách xa và đọc, cũng như IOL thích ứng cung cấp khả năng điều tiết thị giác hạn chế.  IOL đa tiêu cự cũng có thể là IOL ba tiêu cự hoặc thấu kính có độ sâu tiêu cự mở rộng (EDOF). Tính đến năm 2021, gần 28 triệu ca phẫu thuật đục thủy tinh thể được thực hiện hàng năm trên toàn thế giới. Đó là khoảng 75.000 thủ tục mỗi ngày trên toàn cầu. Thủ tục có thể được thực hiện dưới hình thức gây tê cục bộ hoặc tại chỗ và bệnh nhân sẽ tỉnh táo trong suốt quá trình phẫu thuật. Việc sử dụng IOL linh hoạt cho phép cuộn thấu kính để nhét vào túi dạng nang thông qua một vết rạch rất nhỏ, do đó tránh phải khâu. Thủ tục này thường mất ít hơn 30 phút dưới sự thực hiện của bác sĩ nhãn khoa có kinh nghiệm và thời gian hồi phục là khoảng hai đến ba tuần. Sau phẫu thuật, bệnh nhân nên tránh tập thể dục gắng sức hoặc bất cứ điều gì khác làm tăng huyết áp đáng kể. Họ nên đến gặp bác sĩ nhãn khoa thường xuyên trong ba tuần để theo dõi việc cấy ghép. Cấy IOL tiềm ẩn một số rủi ro liên quan đến phẫu thuật mắt, chẳng hạn như nhiễm trùng, giãn thủy tinh thể, xoay thấu kính, viêm, quầng sáng ban đêm và bong võng mạc. Mặc dù IOL giúp nhiều bệnh nhân giảm sự phụ thuộc vào kính nhưng hầu hết bệnh nhân vẫn phải sử dụng kính cho một số hoạt động nhất định, chẳng hạn như đọc sách. Có thể tránh sử dụng kính đọc sách này trong một số trường hợp nếu sử dụng thấu kính IOL đa tiêu, IOL ba tiêu hoặc thấu kính EDOF.	https://en.wikipedia.org/wiki/Intraocular_lens
D019873	Hội chứng Schnitzler		Không tìm thấy mô tả.	
D019954	Biểu hiện hành vi thần kinh		Không tìm thấy mô tả.	
D020069	Đau vai		Không tìm thấy mô tả.	
D020078	Viêm thần kinh		Không tìm thấy mô tả.	
D020150	Chorea Gravidarum		Không tìm thấy mô tả.	
D020177	Quá mẫn, vô căn		Không tìm thấy mô tả.	
D020178	Rối loạn giấc ngủ, Nhịp sinh học		Không tìm thấy mô tả.	
D020179	Hội chứng Jet Lag		Không tìm thấy mô tả.	
D020181	Ngưng thở khi ngủ, tắc nghẽn		Không tìm thấy mô tả.	
D020182	Ngưng thở khi ngủ, miền Trung		Không tìm thấy mô tả.	
D020183	Chứng loạn trương lực cơ về đêm		Không tìm thấy mô tả.	
D020184	Nỗi kinh hoàng về đêm	Night Terror	Khủng bố ban đêm hoặc Khủng bố ban đêm có thể đề cập đến:	https://en.wikipedia.org/wiki/Night_Terror
D020186	Chứng nghiến răng khi ngủ		Không tìm thấy mô tả.	
D020187	Rối loạn hành vi giấc ngủ REM	Rapid eye movement sleep behavior disorder	Rối loạn hành vi khi ngủ chuyển động mắt nhanh, hay rối loạn hành vi giấc ngủ REM (RBD), là một chứng rối loạn giấc ngủ trong đó mọi người thực hiện giấc mơ của mình. Nó liên quan đến hành vi bất thường trong giai đoạn ngủ với giấc ngủ chuyển động mắt nhanh (REM). Đặc điểm chính của RBD là mất trương lực cơ (tức là mất trạng thái tê liệt) trong giấc ngủ REM còn nguyên vẹn (trong thời gian đó tình trạng tê liệt không chỉ là bình thường mà còn cần thiết). Việc mất khả năng ức chế vận động dẫn đến các hành vi khi ngủ, từ co giật chân tay đơn giản đến các chuyển động tổng hợp phức tạp hơn, có thể mang tính bạo lực hoặc gây thương tích cho cá nhân hoặc bạn cùng giường của họ.   RBD là một yếu tố dự báo rất mạnh về sự tiến triển thành bệnh synucleinopathy (thường là bệnh Parkinson hoặc chứng mất trí nhớ thể Lewy). Melatonin rất hữu ích trong điều trị RBD. RBD được mô tả lần đầu tiên vào năm 1986.	https://en.wikipedia.org/wiki/Rapid_eye_movement_sleep_behavior_disorder
D020188	Chứng tê liệt khi ngủ	Sleep paralysis	Chứng tê liệt khi ngủ là trạng thái khi thức dậy hoặc khi ngủ, trong đó một người có ý thức nhưng ở trạng thái tê liệt hoàn toàn. Trong một cơn bệnh, người bệnh có thể bị ảo giác (nghe, cảm nhận hoặc nhìn thấy những thứ không có thật), điều này thường dẫn đến sợ hãi. Các tập phim thường kéo dài không quá vài phút. Nó có thể tái diễn nhiều lần hoặc xảy ra thành một đợt. Tình trạng này có thể xảy ra ở những người khỏe mạnh hoặc những người mắc chứng ngủ rũ hoặc có thể di truyền trong gia đình do những thay đổi di truyền cụ thể. Tình trạng này có thể được kích hoạt do thiếu ngủ, căng thẳng tâm lý hoặc chu kỳ giấc ngủ bất thường. Cơ chế cơ bản được cho là liên quan đến rối loạn chức năng trong giấc ngủ REM. Chẩn đoán dựa trên mô tả của một người. Các tình trạng khác có thể biểu hiện tương tự bao gồm chứng ngủ rũ, co giật mất trương lực và liệt chu kỳ do hạ kali máu. Các lựa chọn điều trị chứng tê liệt khi ngủ chưa được nghiên cứu kỹ lưỡng. Mọi người nên yên tâm rằng tình trạng này là phổ biến và nhìn chung không nghiêm trọng. Những nỗ lực khác có thể được thử bao gồm vệ sinh giấc ngủ, liệu pháp hành vi nhận thức và thuốc chống trầm cảm. Từ 8% đến 50% số người bị tê liệt khi ngủ vào một thời điểm nào đó trong đời. Khoảng 5% số người có các đợt bệnh thường xuyên. Nam và nữ đều bị ảnh hưởng như nhau. Chứng tê liệt khi ngủ đã được mô tả trong suốt lịch sử. Nó được cho là đã đóng một vai trò trong việc tạo ra những câu chuyện về vụ bắt cóc của người ngoài hành tinh và các sự kiện huyền bí khác.	https://en.wikipedia.org/wiki/Sleep_paralysis
D020189	Hội chứng giật cơ về đêm		Không tìm thấy mô tả.	
D020207	Hôn mê, chấn thương sau đầu		Không tìm thấy mô tả.	
D020233	Rối loạn dáng đi, Thần kinh		Không tìm thấy mô tả.	
D020234	dáng đi mất điều hòa		Không tìm thấy mô tả.	
D020235	dáng đi thất thường		Không tìm thấy mô tả.	
D020236	Mất trí nhớ, toàn cầu thoáng qua		Không tìm thấy mô tả.	
D020237	Alexia, tinh khiết		Không tìm thấy mô tả.	
D020238	Prosopagnosia	Prosopagnosia	Prosopagnosia, còn được gọi là mù mặt, là một rối loạn nhận thức về nhận diện khuôn mặt, trong đó khả năng nhận diện khuôn mặt quen thuộc, bao gồm cả khuôn mặt của chính mình (tự nhận dạng), bị suy giảm, trong khi các khía cạnh khác của xử lý thị giác (ví dụ: phân biệt đối tượng) và chức năng trí tuệ (ví dụ: ra quyết định) vẫn còn nguyên. Thuật ngữ này ban đầu đề cập đến một tình trạng xảy ra sau tổn thương não cấp tính (mắc phải prosopagnosia), nhưng cũng tồn tại một dạng rối loạn bẩm sinh hoặc phát triển, với tỷ lệ phổ biến là 2–2,5%. Không nên nhầm lẫn Prosopagnosia với prosopametamorphopsia, một chứng rối loạn đặc trưng bởi sự thay đổi nhận thức về khuôn mặt.	https://en.wikipedia.org/wiki/Prosopagnosia
D020240	Apraxia, Ideomotor	Ideomotor apraxia	"Ideomotor Apraxia, thường là IMA, là một chứng rối loạn thần kinh được đặc trưng bởi việc không thể bắt chước chính xác các cử chỉ tay và tự nguyện sử dụng công cụ bắt chước, ví dụ: giả vờ chải tóc. Khả năng sử dụng các dụng cụ một cách tự nhiên, chẳng hạn như chải tóc vào buổi sáng mà không được hướng dẫn, có thể vẫn còn nguyên nhưng thường bị mất.  Khái niệm chung về apraxia và phân loại apraxia ideomotor đã được phát triển ở Đức vào cuối thế kỷ 19 và đầu thế kỷ 20 bởi tác phẩm của Hugo Liepmann, Adolph Kussmaul, Arnold Pick, Paul Flechsig, Hermann Munk, Carl Nothnagel, Theodor Meynert, và nhà ngôn ngữ học Heymann Steinthal, cùng những người khác. Apraxia tư tưởng được Liepmann phân loại là ""apraxia động lực tư tưởng"" do sự phân ly rõ ràng giữa ý tưởng về hành động và việc thực hiện nó. Tuy nhiên, việc phân loại các phân nhóm khác nhau hiện chưa được xác định rõ ràng do các vấn đề về chẩn đoán và sinh lý bệnh. Chứng mất điều khiển động cơ được đưa ra giả thuyết là do sự gián đoạn của hệ thống liên quan đến việc sử dụng công cụ được lưu trữ và thông tin cử chỉ với trạng thái của cơ thể để tạo ra công suất động cơ thích hợp. Hệ thống này được cho là có liên quan đến các vùng não thường bị tổn thương nhất khi xuất hiện tình trạng mất điều hòa vận động ý thức: thùy đỉnh trái và vỏ não trước vận động. Hiện tại có rất ít việc có thể làm để đảo ngược tình trạng suy giảm vận động được thấy trong chứng apraxia vận động ý thức, mặc dù mức độ rối loạn chức năng mà nó gây ra không hoàn toàn rõ ràng."	https://en.wikipedia.org/wiki/Ideomotor_apraxia
D020250	Buồn nôn và nôn sau phẫu thuật		Không tìm thấy mô tả.	
D020270	Co giật khi cai rượu		Không tìm thấy mô tả.	
D020323	Tật máy giật	Tic	Tic là một chuyển động vận động hoặc phát âm đột ngột và lặp đi lặp lại, không nhịp nhàng và liên quan đến các nhóm cơ riêng biệt. Tics thường ngắn gọn và có thể giống với một đặc điểm hoặc cử chỉ hành vi bình thường. Người quan sát có thể không nhìn thấy được các cơn giật cơ, chẳng hạn như căng cơ bụng hoặc gập ngón chân. Máy giật vận động và máy phát âm thường gặp lần lượt là chớp mắt và hắng giọng. Tics phải được phân biệt với các rối loạn vận động như múa giật, loạn trương lực cơ và rung giật cơ; sự ép buộc của chứng rối loạn ám ảnh cưỡng chế (OCD) và hoạt động co giật; và các chuyển động biểu hiện trong rối loạn vận động khuôn mẫu (cắt xén).	https://en.wikipedia.org/wiki/Tic
D020324	Chứng mất trí nhớ, Anterograde		Không tìm thấy mô tả.	
D020335	bệnh liệt nửa người	Paraplegia	"Paraplegia, hoặc paraparesis, là sự suy giảm chức năng vận động hoặc cảm giác của các chi dưới. Từ này xuất phát từ tiếng Hy Lạp Ionic (παραπληγίη) ""nửa bị ảnh hưởng"". Nó thường xảy ra do chấn thương tủy sống hoặc tình trạng bẩm sinh ảnh hưởng đến các thành phần thần kinh (não) của ống sống. Khu vực ống sống bị ảnh hưởng ở bệnh nhân liệt hai chân là vùng ngực, vùng thắt lưng hoặc vùng xương cùng. Nếu tứ chi bị liệt thì liệt tứ chi hoặc liệt tứ chi là thuật ngữ chính xác. Nếu chỉ có một chi bị ảnh hưởng thì thuật ngữ chính xác là liệt một chi. Liệt cứng hai chi dưới là một dạng liệt hai chân được xác định bởi tình trạng co cứng của các cơ bị ảnh hưởng, chứ không phải do liệt mềm. Hiệp hội Chấn thương Cột sống Hoa Kỳ phân loại mức độ nghiêm trọng của chấn thương tủy sống theo cách sau. ASIA A là tình trạng mất hoàn toàn chức năng cảm giác và kỹ năng vận động bên dưới vết thương. ASIA B có một số chức năng cảm giác bên dưới vết thương, nhưng không có chức năng vận động. Ở ASIA C, có một số chức năng vận động ở dưới mức chấn thương, nhưng một nửa số cơ không thể di chuyển chống lại trọng lực. Ở ASIA D, hơn một nửa số cơ dưới mức chấn thương có thể di chuyển chống lại trọng lực. ASIA E là sự phục hồi tất cả các chức năng thần kinh."	https://en.wikipedia.org/wiki/Paraplegia
D020336	Liệt nhẹ, co cứng		Không tìm thấy mô tả.	
D020385	Myokymia	Myokymia	Myokymia là tình trạng run rẩy cục bộ, tự phát, không chủ ý của một số cơ hoặc bó cơ trong một cơ nhưng không đủ để cử động khớp. Một loại là myokymia cơ xiên trên. Myokymia thường được sử dụng để mô tả tình trạng co cơ mí mắt không tự chủ, thường liên quan đến mí mắt dưới hoặc ít gặp hơn ở mí mắt trên. Nó xảy ra ở những người bình thường và thường bắt đầu và biến mất một cách tự nhiên. Tuy nhiên, đôi khi nó có thể kéo dài đến ba tuần. Vì tình trạng này thường tự khỏi nên các chuyên gia y tế không coi nó là nghiêm trọng hoặc là nguyên nhân gây lo ngại. Ngược lại, nhược cơ mặt là hiện tượng các cơ gợn sóng ở một bên mặt và có thể phản ánh một khối u tiềm ẩn trong thân não (điển hình là u thần kinh đệm thân não), mất myelin trong thân não (liên quan đến bệnh đa xơ cứng) hoặc trong giai đoạn hồi phục của hội chứng Miller-Fisher, một biến thể của hội chứng Guillain–Barré, một bệnh viêm đa dây thần kinh có thể ảnh hưởng đến dây thần kinh mặt. Myokymia ở các bộ phận cơ thể không liên quan có thể xảy ra trong chứng tăng trương lực cơ thần kinh.	https://en.wikipedia.org/wiki/Myokymia
D020447	chứng mất ngủ	Parasomnia	Parasomnias là một loại rối loạn giấc ngủ liên quan đến các chuyển động, hành vi, cảm xúc, nhận thức và giấc mơ bất thường xảy ra khi chìm vào giấc ngủ, khi ngủ, giữa các giai đoạn ngủ hoặc khi thức giấc. Parasomnias là các trạng thái ngủ tách rời, là những trạng thái kích thích một phần trong quá trình chuyển đổi giữa trạng thái tỉnh táo, giấc ngủ NREM và giấc ngủ REM cũng như sự kết hợp của chúng.	https://en.wikipedia.org/wiki/Parasomnia
D020567	Cân nặng của thai nhi		Không tìm thấy mô tả.	
D020754	Mất điều hòa tủy sống tiểu não		Không tìm thấy mô tả.	
D020757	Bệnh mù Fugax		Không tìm thấy mô tả.	
D020795	chứng sợ ánh sáng	Photophobia	Chứng sợ ánh sáng là một triệu chứng y khoa của tình trạng không dung nạp bất thường đối với nhận thức thị giác về ánh sáng. Là một triệu chứng y khoa, chứng sợ ánh sáng không phải là nỗi sợ hãi hay ám ảnh bệnh lý mà là cảm giác khó chịu hoặc đau mắt do tiếp xúc với ánh sáng hoặc do sự nhạy cảm thực sự của mắt, mặc dù thuật ngữ này đôi khi được áp dụng bổ sung cho nỗi sợ ánh sáng bất thường hoặc phi lý, chẳng hạn như chứng sợ ánh sáng. Thuật ngữ chứng sợ ánh sáng xuất phát từ tiếng Hy Lạp φῶς (phōs) 'ánh sáng' và φόβος (phóbos) 'sợ hãi'.	https://en.wikipedia.org/wiki/Photophobia
D020820	rối loạn vận động	Dyskinesia	Chứng khó vận động là một loại rối loạn vận động được đặc trưng bởi các cử động cơ không tự chủ, bao gồm các cử động tương tự như tật giật cơ hoặc múa giật và giảm các cử động tự nguyện. Chứng khó vận động có thể là bất cứ điều gì, từ run nhẹ ở tay đến cử động không kiểm soát được của phần trên cơ thể hoặc chi dưới. Sự mất phối hợp cũng có thể xảy ra bên trong, đặc biệt là với các cơ hô hấp và thường không được nhận biết. Chứng khó vận động là triệu chứng của một số rối loạn y tế được phân biệt bằng nguyên nhân cơ bản của chúng.	https://en.wikipedia.org/wiki/Dyskinesia
D020828	Bệnh bại liệt giả hành		Không tìm thấy mô tả.	
D020879	Biểu hiện thần kinh cơ		Không tìm thấy mô tả.	
D020886	Rối loạn cảm giác cơ thể		Không tìm thấy mô tả.	
D020915	Hội chứng Korsakoff	Korsakoff syndrome	Hội chứng Korsakoff (KS) là một rối loạn của hệ thần kinh trung ương được đặc trưng bởi chứng mất trí nhớ, suy giảm trí nhớ rõ ràng và nói lắp. Chứng rối loạn thần kinh này là do sự thiếu hụt thiamine (vitamin B1) trong não, và nó thường liên quan đến và trầm trọng hơn do uống quá nhiều rượu và kéo dài. Hội chứng Korsakoff thường đi kèm với bệnh não Wernicke; sự kết hợp này được gọi là hội chứng Wernicke–Korsakoff. Hội chứng Korsakoff được đặt theo tên của Sergei Korsakoff, bác sĩ tâm thần kinh người Nga, người đã mô tả nó vào cuối thế kỷ 19.	https://en.wikipedia.org/wiki/Korsakoff_syndrome
D020919	Rối loạn giấc ngủ, nội tại		Không tìm thấy mô tả.	
D020920	chứng khó ngủ	Dyssomnia	Chứng khó ngủ là một phân loại rộng rãi các rối loạn giấc ngủ liên quan đến khó ngủ, khó duy trì giấc ngủ hoặc buồn ngủ quá mức. Chứng mất ngủ là những rối loạn nguyên phát trong việc bắt đầu hoặc duy trì giấc ngủ hoặc buồn ngủ quá mức và được đặc trưng bởi sự xáo trộn về số lượng, chất lượng hoặc thời gian ngủ. Bệnh nhân có thể phàn nàn về khó ngủ hoặc khó duy trì giấc ngủ, thức giấc không liên tục vào ban đêm, thức dậy vào sáng sớm hoặc kết hợp bất kỳ triệu chứng nào trong số này. Các giai đoạn thoáng qua thường ít có ý nghĩa. Căng thẳng, caffeine, khó chịu về thể chất, ngủ trưa vào ban ngày và đi ngủ sớm là những yếu tố phổ biến.	https://en.wikipedia.org/wiki/Dyssomnia
D020921	Rối loạn kích thích giấc ngủ		Không tìm thấy mô tả.	
D020922	Rối loạn chuyển tiếp giấc ngủ		Không tìm thấy mô tả.	
D020923	Chứng mất ngủ khi ngủ REM		Không tìm thấy mô tả.	
D020924	Biểu hiện tiết niệu		Không tìm thấy mô tả.	
D021501	Đau sườn		Không tìm thấy mô tả.	
D023341	ớn lạnh	Chills	Ớn lạnh là cảm giác lạnh thường xảy ra khi bị sốt cao nhưng đôi khi chỉ xảy ra ở một số người cụ thể. Nó xảy ra khi bị sốt do sự giải phóng các cytokine và prostaglandin như một phần của phản ứng viêm, làm tăng nhiệt độ cơ thể ở vùng dưới đồi. Điểm đặt tăng làm cho nhiệt độ cơ thể tăng (sốt), nhưng cũng khiến bệnh nhân cảm thấy ớn lạnh cho đến khi đạt đến điểm đặt mới. Bệnh nhân cũng sẽ rùng mình vì cơ thể họ tạo ra nhiệt trong quá trình co cơ nhằm cố gắng sinh lý để tăng nhiệt độ cơ thể lên điểm đặt mới. Ớn lạnh không kèm theo sốt cao thường nhẹ.  Một nỗi sợ hãi, đặc biệt là nỗi sợ hãi, có thể gây ra cảm giác ớn lạnh ở cường độ trung bình và thời gian ngắn; điều này thường được hiểu là hoặc bị nhầm lẫn với sự run rẩy. Những cơn ớn lạnh dữ dội kèm theo run rẩy dữ dội được gọi là rét run.	https://en.wikipedia.org/wiki/Chills
D034062	Mất ngủ, gia đình nguy hiểm		Không tìm thấy mô tả.	
D034381	Mất thính giác	Hearing loss	Mất thính lực là mất khả năng nghe một phần hoặc mất khả năng nghe hoàn toàn gọi là điếc. Mất thính giác có thể xảy ra ngay từ khi sinh ra hoặc mắc phải bất cứ lúc nào sau đó.  Mất thính giác có thể xảy ra ở một hoặc cả hai tai. Ở trẻ em, các vấn đề về thính giác có thể ảnh hưởng đến khả năng tiếp thu ngôn ngữ nói. Ở người lớn, nó có thể gây khó khăn trong giao tiếp xã hội và trong công việc. Mất thính giác có thể là tạm thời hoặc vĩnh viễn. Suy giảm thính lực do tuổi tác thường ảnh hưởng đến cả hai tai và do mất tế bào lông ốc tai. Ở một số người, đặc biệt là người lớn tuổi, mất thính lực có thể dẫn đến sự cô lập và cô đơn. Mất thính giác có thể do một số yếu tố gây ra, bao gồm: di truyền, lão hóa, tiếp xúc với tiếng ồn, một số bệnh nhiễm trùng, biến chứng khi sinh, chấn thương tai hoặc não và một số loại thuốc hoặc chất độc. Một tình trạng phổ biến dẫn đến mất thính giác là nhiễm trùng tai mãn tính. Một số bệnh nhiễm trùng khi mang thai, chẳng hạn như cytomegalovirus, giang mai và rubella, cũng có thể gây mất thính giác ở trẻ. Mất thính giác được chẩn đoán khi kiểm tra thính giác cho thấy một người không thể nghe được 25 decibel ở ít nhất một tai. Kiểm tra khả năng nghe kém được khuyến khích cho tất cả trẻ sơ sinh. Mất thính lực có thể được phân loại thành mức tối thiểu/nhẹ (15 đến 25 dB), nhẹ (25 đến 40 dB), trung bình (41 đến 55 dB), vừa-nặng (56 đến 70 dB), nặng (71 đến 90 dB), hoặc sâu (lớn hơn 90 dB). Có ba loại mất thính lực chính: mất thính lực dẫn truyền, mất thính lực thần kinh giác quan và mất thính lực hỗn hợp. Khoảng một nửa số ca mất thính giác trên toàn cầu có thể phòng ngừa được thông qua các biện pháp y tế công cộng. Những thực hành như vậy bao gồm tiêm chủng, chăm sóc đúng cách khi mang thai, tránh tiếng ồn lớn và tránh một số loại thuốc. Tổ chức Y tế Thế giới khuyến cáo giới trẻ nên hạn chế tiếp xúc với âm thanh lớn và sử dụng máy nghe nhạc cá nhân trong vòng một giờ mỗi ngày để hạn chế tiếp xúc với tiếng ồn. Việc xác định và hỗ trợ sớm đặc biệt quan trọng ở trẻ em. Đối với nhiều người, máy trợ thính, ngôn ngữ ký hiệu, ốc tai điện tử và phụ đề đều hữu ích. Đọc môi là một kỹ năng hữu ích khác mà một số người có thể phát triển. Tuy nhiên, việc tiếp cận máy trợ thính còn hạn chế ở nhiều khu vực trên thế giới.	https://en.wikipedia.org/wiki/Hearing_loss
D037061	Đau xương bàn chân	Metatarsalgia	"Đau xương bàn chân, nghĩa đen là 'đau cổ chân' và thường được gọi là vết bầm do đá, là bất kỳ tình trạng đau chân nào ảnh hưởng đến vùng xương bàn chân. Đây là một vấn đề phổ biến có thể ảnh hưởng đến khớp và xương của xương bàn chân. Đau xương bàn chân thường khu trú ở đầu xương bàn chân thứ nhất – phần bóng của bàn chân ngay sau ngón chân cái.  Có hai xương vừng nhỏ dưới đầu xương bàn chân thứ nhất.  Vị trí đau đầu xương bàn chân thường xuyên tiếp theo là dưới xương bàn chân thứ hai.  Điều này có thể là do xương bàn chân thứ nhất quá ngắn hoặc do ""sự di động quá mức của tia đầu tiên"" - xương bàn chân và xương nêm trong phía sau nó - cả hai đều dẫn đến áp lực quá mức được truyền vào đầu xương bàn chân thứ hai."	https://en.wikipedia.org/wiki/Metatarsalgia
D038901	Chậm phát triển tâm thần, liên kết X		Không tìm thấy mô tả.	
D038921	Hội chứng quan tài-Lowry		Không tìm thấy mô tả.	
D041781	Vàng da, tắc nghẽn		Không tìm thấy mô tả.	
D045262	tăng hồng cầu lưới	Reticulocytosis	Tăng hồng cầu lưới là một phát hiện trong phòng thí nghiệm trong đó số lượng hồng cầu lưới (tế bào hồng cầu chưa trưởng thành) trong máu tăng cao. Hồng cầu lưới chiếm khoảng 0,5% đến 2,5% tổng số hồng cầu ở người lớn khỏe mạnh và 2% đến 6% ở trẻ sơ sinh, nhưng trong bệnh tăng hồng cầu lưới, tỷ lệ này tăng lên. Hồng cầu lưới được sản xuất trong tủy xương và sau đó được giải phóng vào máu, nơi chúng trưởng thành thành tế bào hồng cầu phát triển đầy đủ trong vòng 1–2 ngày. Tăng hồng cầu lưới thường phản ánh phản ứng của cơ thể với các tình trạng hơn là một quá trình bệnh độc lập và có thể phát sinh từ nhiều nguyên nhân khác nhau như mất máu hoặc thiếu máu.	https://en.wikipedia.org/wiki/Reticulocytosis
D046088	Giảm thính lực, một bên		Không tìm thấy mô tả.	
D046089	Mất thính lực, dẫn truyền-thần kinh hỗn hợp		Không tìm thấy mô tả.	
D046608	sự đồng bộ	Synkinesis	Synkinesis là một triệu chứng thần kinh trong đó một chuyển động cơ tự nguyện gây ra sự co thắt không tự chủ đồng thời của các cơ khác. Một ví dụ có thể là việc mỉm cười gây ra sự co cơ không tự chủ của cơ mắt, khiến một người nheo mắt khi cười. Cơ mặt và cơ ngoại nhãn bị ảnh hưởng thường xuyên nhất; trong một số trường hợp hiếm hoi, bàn tay của một người có thể thực hiện các chuyển động phản chiếu. Synkinesis thường được gây ra bởi rối loạn chức năng của một dây thần kinh cụ thể. Các nguyên nhân tiềm ẩn bao gồm việc chữa lành không đúng cách sau chấn thương dây thần kinh hoặc thoái hóa thần kinh, như xảy ra trong bệnh Parkinson. Trong các trường hợp bẩm sinh, người ta đã tìm thấy đột biến gen liên quan đến sự phát triển của dây thần kinh, đặc biệt là sự phát triển của sợi trục. Hiếm khi, nó xảy ra như một phần của hội chứng có vấn đề về thần kinh nội tiết, chẳng hạn như hội chứng Kallman. Tiên lượng thường tốt, trí tuệ và tuổi thọ bình thường. Việc điều trị tùy thuộc vào nguyên nhân, nhưng phần lớn là thận trọng bằng cách huấn luyện lại khuôn mặt hoặc liệu pháp kịch câm, nếu cần, trong khi Botox và phẫu thuật được sử dụng như là phương sách cuối cùng.	https://en.wikipedia.org/wiki/Synkinesis
D048949	Đau đẻ		Không tìm thấy mô tả.	
D048968	Ốm nghén		Không tìm thấy mô tả.	
D050177	Thừa cân	Overweight	Thừa cân là có nhiều mỡ trong cơ thể hơn mức được coi là khỏe mạnh. Tổ chức Y tế Thế giới (WHO) phân loại mọi người vào nhóm thừa cân khi chỉ số khối cơ thể (BMI)—cân nặng của một người chia cho bình phương chiều cao của người đó— nằm trong khoảng 25–30 kg/m2; Chỉ số BMI trên 30 kg/m2 được xác định là béo phì. Thừa cân đặc biệt phổ biến ở những nơi nguồn cung cấp thực phẩm dồi dào và lối sống ít vận động. Tính đến năm 2003, chỉ số BMI cao đạt tỷ lệ cao trên toàn cầu, với hơn 1 tỷ người trưởng thành bị coi là thừa cân hoặc béo phì. Năm 2013, con số này tăng lên hơn 2 tỷ. Sự gia tăng đã được quan sát thấy ở tất cả các nhóm tuổi. Một cơ thể khỏe mạnh cần chất béo để hoạt động bình thường của hệ thống nội tiết tố, sinh sản và miễn dịch, làm vật liệu cách nhiệt, hấp thụ sốc cho các vùng nhạy cảm và làm năng lượng để sử dụng trong tương lai; tuy nhiên, việc tích tụ quá nhiều mỡ dự trữ có thể làm giảm khả năng vận động và tính linh hoạt. Một số người nặng hơn một cách tự nhiên và phong trào tích cực về cơ thể đã có tác dụng làm giảm sự xấu hổ về cơ thể và cải thiện sự tự tin ở những người nặng cân hơn. Ở cấp độ cơ bản và cơ bản, các phương pháp điều trị cần có là chế độ ăn kiêng và tập thể dục. Việc điều trị rộng rãi hơn có thể liên quan đến các nhóm hỗ trợ như Người ăn quá nhiều Ẩn danh và điều trị sức khỏe tâm thần. Mức độ cần thiết của việc điều trị sẽ khác nhau tùy theo nền văn hóa và với đánh giá y tế về cân nặng không tốt cho sức khỏe, việc điều trị đã trở nên dễ dàng hơn nhờ các loại thuốc giảm cân như thuốc chủ vận thụ thể GLP-1.	https://en.wikipedia.org/wiki/Overweight
D051346	Hạn chế di chuyển		Không tìm thấy mô tả.	
D051474	Đau dây thần kinh, hậu herpes		Không tìm thấy mô tả.	
D052120	Bệnh dự trữ glycogen loại IIb		Không tìm thấy mô tả.	
D052245	Hội chứng Usher		Không tìm thấy mô tả.	
D053158	Tiểu đêm	Nocturia	"Tiểu đêm được Hiệp hội Tiết niệu Quốc tế (ICS) định nghĩa là ""khiếu nại rằng cá nhân phải thức dậy vào ban đêm một hoặc nhiều lần để đi tiểu (tức là đi tiểu)"". Thuật ngữ này có nguồn gốc từ tiếng Latin nox – “đêm” và tiếng Hy Lạp [τα] ούρα – “nước tiểu”. Nguyên nhân rất đa dạng và có thể khó phân biệt. Mặc dù không phải mọi bệnh nhân đều cần điều trị, nhưng hầu hết mọi người đều tìm cách điều trị chứng tiểu đêm nghiêm trọng, đặc trưng là người bệnh thức dậy và đi tiểu nhiều hơn hai hoặc ba lần mỗi đêm."	https://en.wikipedia.org/wiki/Nocturia
D053159	Khó tiểu	Dysuria	Tiểu khó là cảm giác đau đớn hoặc khó chịu ở niệu đạo liên quan đến việc đi tiểu. Nó có thể được gây ra bởi các tình trạng khác nhau, chẳng hạn như nhiễm trùng đường tiết niệu. Đây là một trong những triệu chứng bàng quang kích thích (đôi khi còn được gọi là triệu chứng đường tiết niệu dưới), bao gồm tiểu đêm và tiểu nhiều lần.	https://en.wikipedia.org/wiki/Dysuria
D053201	Bàng quang tiết niệu, hoạt động quá mức		Không tìm thấy mô tả.	
D053202	Tiểu không tự chủ, tiểu gấp		Không tìm thấy mô tả.	
D053448	tuyến tiền liệt	Lower urinary tract symptoms	Các triệu chứng đường tiết niệu dưới (LUTS) là một nhóm các triệu chứng lâm sàng liên quan đến bàng quang, cơ thắt tiết niệu, niệu đạo và ở nam giới là tuyến tiền liệt. Thuật ngữ này được áp dụng phổ biến hơn cho nam giới - hơn 40% nam giới lớn tuổi bị ảnh hưởng - nhưng các triệu chứng đường tiết niệu dưới cũng ảnh hưởng đến phụ nữ. Tình trạng này còn được gọi là bệnh tuyến tiền liệt ở nam giới, nhưng LUTS được ưa chuộng hơn.	https://en.wikipedia.org/wiki/Lower_urinary_tract_symptoms
D053565	tăng canxi niệu	Hypercalciuria	Tăng canxi niệu là tình trạng canxi tăng cao trong nước tiểu. Tăng canxi niệu mãn tính có thể dẫn đến suy giảm chức năng thận, nhiễm canxi thận và bệnh thận mãn tính. Bệnh nhân tăng canxi niệu có thận bài tiết lượng canxi cao hơn bình thường, có nhiều nguyên nhân có thể xảy ra.  Canxi có thể đến từ một trong hai con đường: qua ruột, nơi cơ thể hấp thụ lượng canxi cao hơn bình thường hoặc huy động từ kho dự trữ trong xương. Sau 24 giờ xét nghiệm canxi trong nước tiểu ban đầu và xét nghiệm bổ sung trong phòng thí nghiệm, quét mật độ xương (DSX) có thể được thực hiện để xác định xem canxi có được lấy từ xương hay không. Tăng canxi niệu ở bệnh nhân có thể do nguyên nhân di truyền tiềm ẩn.	https://en.wikipedia.org/wiki/Hypercalciuria
D053578	Hội chứng Opsoclonus-Myoclonus		Không tìm thấy mô tả.	
D053584	Urinoma	Extravasation of urine	Nước tiểu thoát mạch là tình trạng niệu đạo bị gián đoạn dẫn đến ứ đọng nước tiểu ở các khoang khác (thoát mạch), chẳng hạn như bìu hoặc dương vật ở nam giới. Nó đôi khi được liên kết với một phép tính.	https://en.wikipedia.org/wiki/Extravasation_of_urine
D053591	Đau đớn, được giới thiệu		Không tìm thấy mô tả.	
D053608	Ngẩn ngơ	Stupor	"Ngẩn ngơ là tình trạng thiếu chức năng tâm thần quan trọng và mức độ ý thức, trong đó người bị ảnh hưởng gần như hoàn toàn không phản ứng và chỉ phản ứng với những kích thích mạnh như đau đớn. Từ này bắt nguồn từ tiếng Latin sững sờ (""tê liệt, vô cảm"")."	https://en.wikipedia.org/wiki/Stupor
D053609	hôn mê	Lethargy	Hôn mê là trạng thái mệt mỏi, uể oải, uể oải hoặc thiếu năng lượng về thể chất hoặc tinh thần. Nó có thể đi kèm với trầm cảm, giảm động lực hoặc thờ ơ, nhưng cũng có thể biểu hiện bằng ham muốn nhưng không có năng lượng để bắt đầu hoặc thực hiện nhiệm vụ. Hôn mê có thể là một phản ứng bình thường đối với tình trạng ngủ không đủ giấc, gắng sức quá mức, làm việc quá sức, căng thẳng, thiếu tập thể dục, dinh dưỡng không phù hợp, lạm dụng thuốc, buồn chán hoặc triệu chứng của một căn bệnh hoặc rối loạn tiềm ẩn. Nó cũng có thể là tác dụng phụ của thuốc hoặc do sự tương tác giữa thuốc và rượu. Nó cũng có thể là một mức độ ý thức bị thay đổi. Khi là một phần của phản ứng bình thường, tình trạng hôn mê thường giải quyết bằng cách nghỉ ngơi, ngủ đủ giấc, giảm căng thẳng, tập thể dục và dinh dưỡng tốt. Tuy nhiên, các triệu chứng của nó có thể kéo dài vài ngày hoặc thậm chí vài tháng, vì vậy đây có thể là dấu hiệu của một căn bệnh tiềm ẩn hoặc nhiễm trùng nếu nó không khỏi bình thường.	https://en.wikipedia.org/wiki/Lethargy
D054058	Hội chứng mạch vành cấp tính	Acute coronary syndrome	"Hội chứng mạch vành cấp tính (ACS) là hội chứng do lưu lượng máu trong động mạch vành giảm khiến một phần cơ tim không thể hoạt động bình thường hoặc chết. Triệu chứng phổ biến nhất là đau ngực giống như áp lực ở trung tâm, thường lan đến vai trái hoặc góc hàm, kèm theo buồn nôn và đổ mồ hôi. Nhiều người mắc hội chứng mạch vành cấp tính có các triệu chứng khác ngoài đau ngực, đặc biệt là phụ nữ, người già và người mắc bệnh tiểu đường. Hội chứng mạch vành cấp tính được chia thành ba tình huống phụ thuộc chủ yếu vào sự thay đổi trên điện tâm đồ (ECG) và kết quả xét nghiệm máu (thay đổi dấu ấn sinh học tim như nồng độ troponin): Nhồi máu cơ tim ST chênh lên (STEMI), nhồi máu cơ tim không ST chênh lên (NSTEMI), hoặc đau thắt ngực không ổn định. STEMI được đặc trưng bởi tắc nghẽn hoàn toàn động mạch vành dẫn đến hoại tử một phần cơ tim được biểu thị bằng ST chênh lên trên ECG, NSTEMI được đặc trưng bởi động mạch vành bị tắc nghẽn một phần dẫn đến hoại tử một phần cơ tim có thể được biểu thị bằng những thay đổi trên ECG và đau thắt ngực không ổn định được đặc trưng bởi thiếu máu cục bộ của cơ tim không dẫn đến tổn thương tế bào hoặc hoại tử. ACS nên được phân biệt với chứng đau thắt ngực ổn định, phát triển khi hoạt động thể chất hoặc căng thẳng và tự khỏi khi nghỉ ngơi. Ngược lại với chứng đau thắt ngực ổn định, chứng đau thắt ngực không ổn định xảy ra đột ngột, thường khi nghỉ ngơi hoặc khi gắng sức tối thiểu hoặc ở mức độ gắng sức thấp hơn so với cơn đau thắt ngực trước đó của cá nhân (""đau thắt ngực tăng dần""). Cơn đau thắt ngực mới khởi phát cũng được coi là cơn đau thắt ngực không ổn định vì nó gợi ý một vấn đề mới ở động mạch vành."	https://en.wikipedia.org/wiki/Acute_coronary_syndrome
D054062	Rối loạn điếc-mù		Không tìm thấy mô tả.	
D054068	Livedo Reticularis		Không tìm thấy mô tả.	
D054078	Thiếu hụt Mevalonate Kinase		Không tìm thấy mô tả.	
D054160	Tiếng thổi tâm thu		Không tìm thấy mô tả.	
D054221	Lissencephalies cổ điển và Heterotopias dải dưới vỏ não		Không tìm thấy mô tả.	
D054546	Tăng tế bào thần kinh	Neuroacanthocytosis	Neuroacanthocytosis là một nhãn áp dụng cho một số tình trạng thần kinh di truyền trong đó máu có chứa các tế bào hồng cầu có gai, biến dạng được gọi là tế bào acanthocytes. Các hội chứng tăng tế bào thần kinh 'cốt lõi', trong đó tế bào acanthocytes là đặc điểm điển hình, là chứng tăng tế bào gai múa giật và hội chứng McLeod. Tế bào Acanthocytes được nhìn thấy ít thường xuyên hơn trong các tình trạng khác bao gồm hội chứng giống bệnh Huntington 2 (HDL2) và thoái hóa thần kinh liên quan đến pantothenate kinase (PKAN). Hội chứng tăng tế bào thần kinh được gây ra bởi một loạt các đột biến gen và tạo ra nhiều đặc điểm lâm sàng nhưng chủ yếu gây ra sự thoái hóa thần kinh của não, đặc biệt là hạch nền. Bệnh có tính chất di truyền nhưng hiếm gặp.	https://en.wikipedia.org/wiki/Neuroacanthocytosis
D054971	Không dung nạp tư thế		Không tìm thấy mô tả.	
D054972	Hội chứng nhịp tim nhanh tư thế	Postural orthostatic tachycardia syndrome	Hội chứng nhịp tim nhanh tư thế đứng (POTS) là một tình trạng đặc trưng bởi nhịp tim tăng bất thường khi ngồi dậy hoặc đứng. POTS ở người lớn được đặc trưng bởi nhịp tim tăng 30 nhịp mỗi phút trong vòng mười phút sau khi đứng lên, kèm theo các triệu chứng khác. Nhịp tim tăng lên này sẽ xảy ra trong trường hợp huyết áp không giảm đáng kể. POTS là một rối loạn của hệ thống thần kinh tự trị có thể dẫn đến nhiều triệu chứng khác nhau. Khi đứng, người bệnh có thể cảm thấy choáng váng, mờ mắt, tim đập nhanh, yếu và run (run). Ngoài ra, các cá nhân có thể cảm thấy mệt mỏi, đau đầu, sương mù não, không dung nạp khi tập thể dục, buồn nôn, khó tập trung, đau ngực và khó thở.  POTS được cho là do các vấn đề trong hệ thống thần kinh tự chủ, hệ thống kiểm soát nhịp tim và lưu lượng máu. Những vấn đề này có thể bao gồm máu dồn lại ở chân, giảm lượng máu trở về tim hoặc tim đập nhanh hơn để bù đắp cho tình trạng huyết áp thấp. Nó có thể phát triển sau khi bị nhiễm virus, phẫu thuật, chấn thương, bệnh tự miễn hoặc mang thai. Ví dụ: nó có thể xuất hiện sau khi nhiễm COVID-19, như một phần của COVID kéo dài hoặc có thể trong một số trường hợp hiếm gặp sau khi tiêm vắc-xin COVID-19, mặc dù bằng chứng nguyên nhân còn hạn chế và cần nghiên cứu thêm. POTS phổ biến hơn ở những người bị nhiễm SARS-CoV-2 so với những người được tiêm vắc-xin ngừa COVID-19. Các yếu tố rủi ro bao gồm tiền sử gia đình mắc bệnh này. Điều trị có thể bao gồm: tránh các yếu tố gây ra triệu chứng, tăng lượng muối và nước trong chế độ ăn uống, ăn nhỏ và thường xuyên, mặc quần áo nén và dùng thuốc. Các loại thuốc được sử dụng có thể bao gồm: thuốc chẹn beta, pyridostigmine, midodrine, fludrocortisone hoặc ivabradine. Hơn 50% bệnh nhân mắc bệnh do nhiễm virus sẽ thuyên giảm trong vòng 5 năm. Khoảng 80% bệnh nhân cải thiện triệu chứng khi điều trị, trong khi 25% bị tàn tật đến mức không thể làm việc. Một nghiên cứu hồi cứu trên những bệnh nhân khởi phát ở tuổi vị thành niên đã chỉ ra rằng 5 năm sau khi chẩn đoán, 19% bệnh nhân đã khỏi hoàn toàn các triệu chứng. Ước tính có khoảng 1–3 triệu người ở Hoa Kỳ mắc bệnh POTS. Độ tuổi trung bình khởi phát POTS là 20 và bệnh này xảy ra ở nữ nhiều hơn nam khoảng 5 lần.	https://en.wikipedia.org/wiki/Postural_orthostatic_tachycardia_syndrome
D055111	Hội chứng phẫu thuật lưng thất bại	Persistent spinal pain syndrome	Hội chứng đau cột sống dai dẳng (PSPS) là một chứng rối loạn đau đặc trưng bởi cơn đau mãn tính bắt nguồn từ cột sống. PSPS được phân thành hai loại chính: Loại 1 (PSPS-T1): Đau cột sống ở những bệnh nhân chưa trải qua phẫu thuật. Loại 2 (PSPS-T2): Đau cột sống sau một hoặc nhiều ca phẫu thuật. PSPS loại 2 thay thế thuật ngữ cũ hơn là hội chứng phẫu thuật lưng thất bại (FBSS), hiện được coi là không đầy đủ về mặt y tế và có khả năng mang tính miệt thị. Trong khi 'hội chứng sau phẫu thuật cắt bỏ bản chất' vẫn được một số bác sĩ lâm sàng sử dụng, PSPS là nhãn được ưu tiên theo ICD-11. Nhiều yếu tố có thể góp phần vào sự khởi phát hoặc phát triển của FBSS, bao gồm thoát vị đĩa đệm cột sống còn sót lại hoặc tái phát, áp lực kéo dài sau phẫu thuật lên dây thần kinh cột sống, thay đổi khả năng vận động của khớp, tăng động khớp với sự mất ổn định, mô sẹo (xơ hóa), trầm cảm, lo lắng, mất ngủ, suy thoái cơ cột sống và nhiễm trùng Cutibacteria. Một cá nhân có thể có xu hướng phát triển FBSS do các bệnh hệ thống đi kèm, bao gồm tiểu đường, bệnh tự miễn và bệnh mạch máu ngoại biên.	https://en.wikipedia.org/wiki/Persistent_spinal_pain_syndrome
D055154	Chứng khó phát âm	Hoarse voice	"Giọng khàn, còn được gọi là chứng khó phát âm hoặc khàn giọng, là khi giọng nói vô tình nghe như hơi thở, khàn khàn hoặc căng thẳng, hoặc âm lượng nhẹ hơn hoặc cao độ thấp hơn. Giọng khàn khàn có thể liên quan đến cảm giác khó chịu hoặc ngứa ngáy ở cổ họng. Khàn giọng thường là triệu chứng của các vấn đề ở dây thanh quản. Nó có thể là do viêm thanh quản, do đó có thể do nhiễm trùng đường hô hấp trên, cảm lạnh hoặc dị ứng. Cổ vũ tại các sự kiện thể thao, nói to trong môi trường ồn ào, nói quá lâu mà không nghỉ giọng, hát to hoặc nói với giọng quá cao hoặc quá thấp cũng có thể gây khàn giọng tạm thời. Hút thuốc cũng có thể góp phần làm khàn giọng. Có một số nguyên nhân khác khiến một người bị mất giọng và việc điều trị nói chung là bằng cách cho giọng nói được nghỉ ngơi và điều trị nguyên nhân cơ bản. Nếu nguyên nhân là do lạm dụng hoặc lạm dụng giọng nói, uống nhiều nước có thể làm giảm bớt vấn đề. Nó dường như xảy ra phổ biến hơn ở phụ nữ và người già. Hơn nữa, một số nhóm nghề nghiệp nhất định, chẳng hạn như giáo viên và ca sĩ, có nguy cơ cao hơn. Khàn giọng kéo dài hoặc khàn giọng kéo dài hơn ba tuần, đặc biệt khi không liên quan đến cảm lạnh hoặc cúm cần được bác sĩ đánh giá. Bạn cũng nên đi khám bác sĩ nếu khàn giọng kèm theo ho ra máu, khó nuốt, có khối u ở cổ, đau khi nói hoặc nuốt, khó thở hoặc mất giọng hoàn toàn trong hơn một vài ngày. Để giọng nói được phân loại là ""dysphonic"", những bất thường phải xuất hiện ở một hoặc nhiều thông số giọng nói: cao độ, âm lượng, chất lượng hoặc độ biến thiên. Về mặt nhận thức, chứng khó phát âm có thể được đặc trưng bởi chất giọng khàn khàn, khó thở, gay gắt hoặc thô ráp, nhưng một số loại âm vị vẫn còn. Chứng khó phát âm có thể được phân loại thành hai loại chính: hữu cơ và chức năng, và việc phân loại dựa trên bệnh lý cơ bản. Mặc dù nguyên nhân gây ra chứng khó phát âm có thể được chia thành năm loại cơ bản, nhưng tất cả chúng đều dẫn đến sự gián đoạn khả năng rung bình thường của dây thanh âm khi thở ra, ảnh hưởng đến giọng nói. Việc đánh giá và chẩn đoán chứng khó phát âm được thực hiện bởi một nhóm đa ngành và liên quan đến việc sử dụng nhiều biện pháp chủ quan và khách quan, xem xét cả chất lượng giọng nói cũng như trạng thái thể chất của thanh quản. Nhiều phương pháp điều trị đã được phát triển để giải quyết các nguyên nhân hữu cơ và chức năng của chứng khó phát âm. Chứng khó phát âm có thể được nhắm mục tiêu thông qua liệu pháp trực tiếp, liệu pháp gián tiếp, điều trị nội khoa và phẫu thuật. Chứng khó phát âm chức năng có thể được điều trị bằng các liệu pháp giọng nói trực tiếp và gián tiếp, trong khi phẫu thuật được khuyến nghị đối với chứng khó phát âm hữu cơ, mãn tính."	https://en.wikipedia.org/wiki/Hoarse_voice
D055665	Purpura Fulminans		Không tìm thấy mô tả.	
D055948	thiểu cơ	Sarcopenia	Sarcopenia (mã ICD-10-CM M62.84) là một loại mất cơ xảy ra do lão hóa và/hoặc bất động.  Nó được đặc trưng bởi sự thoái hóa của khối lượng, chất lượng và sức mạnh cơ xương. Tỷ lệ mất cơ phụ thuộc vào mức độ tập luyện, bệnh tật đi kèm, dinh dưỡng và các yếu tố khác. Sự mất cơ có liên quan đến những thay đổi trong con đường truyền tín hiệu tổng hợp cơ. Nó khác với chứng suy mòn, trong đó cơ bị thoái hóa thông qua sự thoái hóa qua trung gian cytokine, mặc dù hai tình trạng này có thể cùng tồn tại. Sarcopenia được coi là một thành phần của hội chứng suy nhược. Sarcopenia có thể dẫn đến giảm chất lượng cuộc sống, té ngã, gãy xương và tàn tật. Sarcopenia là một yếu tố làm thay đổi thành phần cơ thể. Khi liên quan đến dân số già, một số vùng cơ nhất định sẽ bị ảnh hưởng đầu tiên, đặc biệt là cơ đùi trước và cơ bụng. Trong các nghiên cứu về dân số, chỉ số khối cơ thể (BMI) được cho là giảm ở nhóm dân số già trong khi phân tích trở kháng điện sinh học (BIA) cho thấy tỷ lệ mỡ trong cơ thể tăng lên.	https://en.wikipedia.org/wiki/Sarcopenia
D055955	Hội chứng Susac		Không tìm thấy mô tả.	
D055958	Hội chứng cơ Piriformis		Không tìm thấy mô tả.	
D055964	Hội chứng bàn tay người ngoài hành tinh	Alien hand syndrome	Hội chứng bàn tay người ngoài hành tinh (AHS) hay hội chứng Dr. Strangelove là một loại tình trạng trong đó một người cảm thấy tay chân của họ dường như tự hoạt động mà không có ý thức kiểm soát hành động. Có nhiều tình trạng lâm sàng thuộc loại này, phổ biến nhất là ảnh hưởng đến tay trái. Có nhiều thuật ngữ tương tự cho các dạng khác nhau của tình trạng này, nhưng chúng thường được sử dụng không phù hợp. Người bị ảnh hưởng đôi khi có thể với lấy đồ vật và thao túng chúng mà không muốn làm như vậy, thậm chí đến mức phải dùng bàn tay điều khiển được để kiềm chế bàn tay của người ngoài hành tinh.  Sự xuất hiện của hội chứng bàn tay người ngoài hành tinh có thể được khái niệm hóa một cách hữu ích như một hiện tượng phản ánh sự “tháo gỡ” chức năng giữa suy nghĩ và hành động. Hội chứng bàn tay người ngoài hành tinh được ghi nhận tốt nhất trong trường hợp một người đã được phẫu thuật tách hai bán cầu não, một thủ tục đôi khi được sử dụng để làm giảm các triệu chứng của các trường hợp động kinh và rối loạn tâm thần động kinh nghiêm trọng, ví dụ như động kinh thùy thái dương. Nó cũng xảy ra trong một số trường hợp sau phẫu thuật não, đột quỵ, nhiễm trùng, khối u, chứng phình động mạch, chứng đau nửa đầu và các tình trạng thoái hóa não cụ thể như bệnh Alzheimer, thoái hóa vỏ não và bệnh Creutzfeldt–Jakob. Các vùng não khác có liên quan đến hội chứng bàn tay người ngoài hành tinh là thùy trán, thùy chẩm và thùy đỉnh.	https://en.wikipedia.org/wiki/Alien_hand_syndrome
D056124	Hội chứng tâm thất khe		Không tìm thấy mô tả.	
D056128	Béo phì, bụng		Không tìm thấy mô tả.	
D056844	đau bụng thận		Không tìm thấy mô tả.	
D056865	Trọng lượng cơ thể lý tưởng		Không tìm thấy mô tả.	
D057178	Chứng mất ngôn ngữ không trôi chảy tiến triển nguyên phát		Không tìm thấy mô tả.	
D057768	Sự kiện đe dọa tính mạng rõ ràng của trẻ sơ sinh		Không tìm thấy mô tả.	
D057774	Hạ huyết áp sau tập luyện		Không tìm thấy mô tả.	
D057896	Striae Distensae		Không tìm thấy mô tả.	
D058447	Đau mắt		Không tìm thấy mô tả.	
D058568	Ban đỏ di chuyển hoại tử		Không tìm thấy mô tả.	
D059226	Đau đớn		Không tìm thấy mô tả.	
D059245	Nhịp thở nhanh thoáng qua của trẻ sơ sinh		Không tìm thấy mô tả.	
D059246	thở nhanh	Tachypnea	Thở nhanh, còn được gọi là thở nhanh, là nhịp hô hấp lớn hơn bình thường, dẫn đến thở nhanh và nông bất thường.  Ở người trưởng thành khi nghỉ ngơi, bất kỳ nhịp thở nào từ 12–20 mỗi phút đều được coi là bình thường về mặt lâm sàng, với nhịp thở nhanh là bất kỳ nhịp nào cao hơn mức đó. Trẻ em có tỷ lệ thở máy khi nghỉ ngơi cao hơn đáng kể, tỷ lệ này giảm nhanh chóng trong ba năm đầu đời và sau đó giảm dần cho đến khoảng 18 tuổi. Thở nhanh có thể là dấu hiệu sớm của bệnh viêm phổi và các bệnh phổi khác ở trẻ em và thường là kết quả của chấn thương não.	https://en.wikipedia.org/wiki/Tachypnea
D059265	Đau nội tạng		Không tìm thấy mô tả.	
D059350	Đau mãn tính	Chronic pain	Đau mãn tính là cơn đau kéo dài hoặc tái phát lâu hơn 3 tháng. Nó cũng được mô tả là đau như bỏng rát, điện giật, đau nhói hoặc buồn nôn. Loại đau này trái ngược với cơn đau cấp tính, liên quan đến một nguyên nhân cụ thể, thường hết khi nguyên nhân được điều trị và giảm dần theo thời gian. Cơn đau mãn tính có thể kéo dài trong nhiều năm. Cơn đau dai dẳng thường không có mục đích hữu ích rõ ràng.  Các loại đau mãn tính phổ biến nhất bao gồm đau lưng, nhức đầu dữ dội, đau nửa đầu và đau mặt.  Cơn đau mãn tính có thể dẫn đến những ảnh hưởng nghiêm trọng về tâm lý và thể chất có thể tồn tại suốt đời.  Các biến chứng về thể chất có thể bao gồm tổn thương tế bào thần kinh não (mất chất xám), mất ngủ và thiếu ngủ, rối loạn chuyển hóa, căng thẳng mãn tính, béo phì và đau tim. Hậu quả về sức khỏe tâm thần có thể bao gồm trầm cảm và rối loạn nhận thức thần kinh. Một loạt các phương pháp điều trị được sử dụng để điều trị chứng đau mãn tính; điều trị bằng thuốc bao gồm thuốc opioid và không opioid, liệu pháp nhận thức hành vi và vật lý trị liệu là những biện pháp can thiệp phổ biến nhất. Các loại thuốc như aspirin và ibuprofen được sử dụng để giảm đau nhẹ trong khi morphine và codeine được kê đơn cho những cơn đau nặng.  Các phương pháp điều trị không dùng thuốc, chẳng hạn như liệu pháp hành vi và vật lý trị liệu, thường được sử dụng như những phương pháp bổ sung do hiệu quả hạn chế khi sử dụng đơn lẻ. Hiện tại không có cách chữa trị dứt điểm cho chứng đau mãn tính và nghiên cứu vẫn tiếp tục tìm ra các phương pháp điều trị và quản lý mới, chẳng hạn như phong bế thần kinh và xạ trị. Trung bình từ 8% đến 11,2% người dân ở các quốc gia khác nhau bị đau mãn tính nghiêm trọng, tỷ lệ mắc bệnh cao hơn ở các nước công nghiệp hóa. Các nghiên cứu dịch tễ học cho thấy tỷ lệ lưu hành ở các quốc gia dao động từ 8% đến 55,2% (ví dụ 30-40% ở Mỹ và 10-20% ở Iran và Canada). Đau mãn tính ảnh hưởng đến nhiều người hơn bệnh tiểu đường, ung thư và bệnh tim. Theo ước tính của Hiệp hội Y khoa Hoa Kỳ, chi phí liên quan đến chứng đau mãn tính ở Mỹ vào khoảng 560-635 tỷ USD.	https://en.wikipedia.org/wiki/Chronic_pain
D059352	Đau cơ xương khớp		Không tìm thấy mô tả.	
D059373	Đau nhức cơ thể	Breast pain	Đau vú là triệu chứng khó chịu ở một hoặc cả hai vú. Đau ở cả hai vú thường được mô tả là đau vú, thường liên quan đến thời kỳ kinh nguyệt và không nghiêm trọng. Cơn đau chỉ liên quan đến một phần của vú đáng lo ngại hơn, đặc biệt nếu có khối cứng hoặc tiết dịch ở núm vú. Nguyên nhân có thể liên quan đến chu kỳ kinh nguyệt, thuốc tránh thai, liệu pháp hormone hoặc thuốc tâm thần. Cơn đau cũng có thể xảy ra ở những người có bộ ngực lớn, trong thời kỳ mãn kinh và trong thời kỳ đầu mang thai. Trong khoảng 2% trường hợp, đau vú có liên quan đến ung thư vú. Chẩn đoán bao gồm kiểm tra, bằng hình ảnh y tế nếu chỉ một phần cụ thể của vú bị đau. Ở hơn 75% số người, cơn đau sẽ tự khỏi mà không cần điều trị cụ thể. Mặt khác, phương pháp điều trị có thể bao gồm Paracetamol hoặc NSAID. Một chiếc áo ngực vừa vặn cũng có thể hữu ích. Ở những người bị đau nặng có thể sử dụng tamoxifen hoặc danazol. Khoảng 70% phụ nữ bị đau ngực vào một thời điểm nào đó. Đau vú là một trong những triệu chứng vú phổ biến nhất, cùng với khối u ở vú và tiết dịch ở núm vú.	https://en.wikipedia.org/wiki/Breast_pain
D059388	Đau vùng chậu	Pelvic girdle pain	Đau đai chậu (PGP) là một tình trạng cơ xương đặc trưng bởi cơn đau phát sinh từ một hoặc nhiều khớp của đai chậu, phổ biến nhất là khớp mu và khớp cùng chậu. Nó thường liên quan đến thai kỳ và thời kỳ hậu sản, và có thể dao động từ khó chịu nhẹ đến hạn chế chức năng nghiêm trọng. PGP có thể gây đau, mất ổn định và giảm khả năng vận động, đặc biệt là khi thực hiện các hoạt động mang trọng lượng nặng. Tình trạng này đã được ghi nhận trong các tài liệu y học từ thời cổ đại, được Hippocrates đề cập đến và sau đó được Snelling mô tả chi tiết vào thế kỷ 19.  Tình trạng này dường như bao gồm sự thư giãn của các khớp xương chậu, xuất hiện đột ngột sau khi sinh hoặc dần dần trong khi mang thai và cho phép xương chậu cử động ở một mức độ nào đó, cản trở sự vận động một cách hiệu quả và gây ra những cảm giác kỳ lạ và đáng báo động nhất.	https://en.wikipedia.org/wiki/Pelvic_girdle_pain
D059390	Nỗi đau đột phá		Không tìm thấy mô tả.	
D059411	Triệu chứng đường tiết niệu dưới		Không tìm thấy mô tả.	
D059445	Anhedonia	Anhedonia	Anhedonia là một loạt các khiếm khuyết đa dạng trong chức năng hưởng thụ, bao gồm giảm động lực hoặc khả năng trải nghiệm khoái cảm. Trong khi các định nghĩa trước đây nhấn mạnh đến việc không có khả năng trải nghiệm khoái cảm, thì anhedonia hiện được các nhà nghiên cứu sử dụng để chỉ sự suy giảm động lực, giảm khoái cảm trước mắt (mong muốn), giảm khoái cảm hoàn toàn (thích) và sự thiếu hụt trong học tập củng cố. Trong Cẩm nang Chẩn đoán và Thống kê Rối loạn Tâm thần, Phiên bản thứ năm (DSM-5), anhedonia là một thành phần của rối loạn trầm cảm, rối loạn liên quan đến chất gây nghiện, rối loạn tâm thần và rối loạn nhân cách, trong đó nó được xác định bằng khả năng giảm khả năng trải nghiệm khoái cảm hoặc giảm hứng thú tham gia vào các hoạt động thú vị trước đây. Mặc dù ICD-10 không đề cập rõ ràng đến anhedonia, nhưng triệu chứng trầm cảm tương tự như anhedonia như được mô tả trong DSM-5 là mất hứng thú hoặc khoái cảm.	https://en.wikipedia.org/wiki/Anhedonia
D059606	chứng chảy nhiều nước	Polydipsia	Polydipsia là khát quá mức hoặc uống quá nhiều. Từ này bắt nguồn từ tiếng Hy Lạp πολυδίψιος (poludípsios) 'rất khát', bắt nguồn từ tiếng Hy Lạp cổ πολύς (polús) 'nhiều, nhiều' và δίψα (dípsa) 'khát'.  Polydipsia là một triệu chứng không đặc hiệu trong nhiều rối loạn y tế khác nhau. Nó cũng xảy ra như một hành vi bất thường ở một số động vật không phải con người, chẳng hạn như ở chim.	https://en.wikipedia.org/wiki/Polydipsia
D059607	Polydipsia, tâm thần		Không tìm thấy mô tả.	
D059787	Đau cấp tính		Không tìm thấy mô tả.	
D060050	Đau thắt ngực, ổn định		Không tìm thấy mô tả.	
D060486	Đau nửa đầu liệt mắt		Không tìm thấy mô tả.	
D060545	Đau dây thần kinh Pudendal		Không tìm thấy mô tả.	
D060705	Khó tính toán	Dyscalculia	"Chứng khó tính toán là một chứng rối loạn học tập, dẫn đến khó học hoặc hiểu số học, chẳng hạn như khó hiểu các con số, toán học, học cách thao tác với các con số, thực hiện các phép tính toán học và học các sự kiện trong toán học. Ở Vương quốc Anh, nó được phân loại là một khó khăn học tập cụ thể. Đôi khi nó được gọi một cách thông tục là ""chứng khó đọc toán học"", mặc dù sự tương tự này có thể gây hiểu nhầm vì chúng là những hội chứng riêng biệt. Chứng khó tính toán có liên quan đến rối loạn chức năng ở vùng xung quanh rãnh trong đỉnh và có thể cả ở thùy trán. Chứng khó tính toán không phản ánh sự thiếu hụt chung về khả năng nhận thức hoặc những khó khăn về thời gian, đo lường và lý luận không gian. Ước tính mức độ phổ biến của chứng khó tính toán nằm trong khoảng từ 3 đến 6% dân số. Vào năm 2015, người ta xác định rằng 11% trẻ em mắc chứng khó tính cũng mắc chứng rối loạn tăng động giảm chú ý (ADHD). Chứng khó tính toán cũng có liên quan đến hội chứng Turner, hội chứng Down và những người mắc bệnh nứt đốt sống."	https://en.wikipedia.org/wiki/Dyscalculia
D062026	Hội chứng Alice ở xứ sở thần tiên	Alice in Wonderland syndrome	Hội chứng Alice ở xứ sở thần tiên (AIWS), còn được gọi là hội chứng Todd hoặc chứng khó đọc, là một chứng rối loạn thần kinh làm sai lệch nhận thức. Những người mắc hội chứng này có thể bị biến dạng trong nhận thức thị giác về các vật thể, chẳng hạn như trông nhỏ hơn (micropsia) hoặc lớn hơn (macropsia), hoặc có vẻ gần hơn (pelopsia) hoặc xa hơn (teleopsia) so với thực tế. Sự biến dạng cũng có thể xảy ra đối với các giác quan khác ngoài thị giác. Nguyên nhân của Hội chứng Alice ở xứ sở thần tiên vẫn chưa được biết rõ nhưng nó thường liên quan đến chứng đau nửa đầu, chấn thương đầu hoặc viêm não do virus Epstein–Barr Virus. Người ta cũng đưa ra giả thuyết rằng AIWS có thể được gây ra bởi hoạt động điện não bất thường, dẫn đến lưu lượng máu bất thường đến các bộ phận của não xử lý nhận thức và kết cấu thị giác. Hội chứng Alice ở xứ sở thần tiên cũng có thể xảy ra tạm thời khi sử dụng một số loại thuốc kích thích thần kinh. Mặc dù Hội chứng Alice ở xứ sở thần tiên có thể xảy ra ở cả thanh thiếu niên và người lớn nhưng nó thường thấy ở trẻ em nhiều hơn.	https://en.wikipedia.org/wiki/Alice_in_Wonderland_syndrome
D062706	Triệu chứng tiền triệu		Không tìm thấy mô tả.	
D063766	Béo phì ở trẻ em	Pediatric Obesity	Béo phì ở trẻ em, trước đây gọi là Tạp chí Quốc tế về Béo phì Nhi khoa, là một tạp chí y khoa được bình duyệt bao gồm nghiên cứu về tất cả các khía cạnh của bệnh béo phì trong thời thơ ấu và thanh thiếu niên. Tổng biên tập là Michael Goran (Trường Y Keck, Đại học Nam California). Tạp chí này là một trong ba tạp chí được xuất bản bởi Wiley-Blackwell thay mặt cho Hiệp hội Nghiên cứu Béo phì Quốc tế.	https://en.wikipedia.org/wiki/Pediatric_Obesity
D063806	Đau cơ	Myalgia	Đau cơ hay đau cơ là cảm giác đau phát sinh từ mô cơ. Đó là triệu chứng của nhiều bệnh. Nguyên nhân phổ biến nhất của chứng đau cơ cấp tính là do sử dụng quá mức một cơ hoặc một nhóm cơ; một nguyên nhân khác có thể xảy ra là nhiễm virus, đặc biệt khi không có vết thương. Đau cơ kéo dài có thể do bệnh cơ chuyển hóa, một số thiếu hụt dinh dưỡng, ME/CFS, đau cơ xơ hóa và hội chứng đau cơ xương khớp khuếch đại.	https://en.wikipedia.org/wiki/Myalgia
D064250	Vòng eo tăng mỡ máu		Không tìm thấy mô tả.	
D065634	Rò rỉ dịch não tủy		Không tìm thấy mô tả.	
D065635	Bệnh chóng mặt tư thế kịch phát loại nhẹ	Benign paroxysmal positional vertigo	"Chứng chóng mặt tư thế kịch phát lành tính (BPPV), đôi khi được gọi là ""chóng mặt đỉnh cao"", là một rối loạn phát sinh từ một vấn đề ở tai trong. Các triệu chứng lặp đi lặp lại, chóng mặt trong thời gian ngắn khi cử động, đặc trưng bởi cảm giác quay cuồng khi thay đổi vị trí của đầu. Điều này có thể xảy ra khi xoay người trên giường hoặc thay đổi tư thế. Mỗi đợt chóng mặt thường kéo dài chưa đầy một phút. Buồn nôn thường đi kèm. BPPV là một trong những nguyên nhân phổ biến nhất gây chóng mặt. BPPV là một loại rối loạn thăng bằng cùng với bệnh viêm mê cung và bệnh Ménière. Nó có thể là kết quả của chấn thương đầu hoặc đơn giản xảy ra ở những người lớn tuổi. Thông thường, một nguyên nhân cụ thể không được xác định. Khi được tìm thấy, cơ chế cơ bản thường liên quan đến một sỏi tai nhỏ bị vôi hóa di chuyển lỏng lẻo ở tai trong. Chẩn đoán thường được thực hiện khi xét nghiệm Dix–Hallpike cho kết quả là rung giật nhãn cầu (một kiểu chuyển động cụ thể của mắt) và các nguyên nhân có thể khác đã được loại trừ. Trong những trường hợp điển hình, hình ảnh y tế là không cần thiết. BPPV có thể được điều trị dễ dàng bằng một số động tác đơn giản như thao tác Epley hoặc thao tác lộn nhào một nửa (trong trường hợp rung giật nhãn cầu chéo/xoay), thao tác Lempert (trong trường hợp rung giật nhãn cầu ngang), thao tác treo đầu sâu (trong trường hợp rung giật nhãn cầu dọc) hoặc các bài tập Brandt–Daroff. Các loại thuốc, bao gồm thuốc kháng histamine như meclizine, có thể được sử dụng để giúp giảm buồn nôn. Có bằng chứng dự kiến ​​cho thấy betahistine có thể giúp giảm chứng chóng mặt, nhưng việc sử dụng nó thường không cần thiết. BPPV không phải là một tình trạng bệnh lý nghiêm trọng nhưng có thể gây ra nguy cơ chấn thương nghiêm trọng do té ngã hoặc các tai nạn do mất phương hướng không gian khác. Khi không được điều trị, nó có thể khỏi sau vài ngày đến vài tháng; tuy nhiên, nó có thể tái phát ở một số người. Người ta có thể mắc bệnh BPPV trong nhiều năm mặc dù đã có một phương pháp chữa trị đơn giản và rất hiệu quả. Khả năng tự giải quyết BPPV trong thời gian ngắn khó có thể xảy ra vì các biện pháp chữa trị hiệu quả sẽ gây ra tình trạng chóng mặt mạnh mà bệnh nhân sẽ tự nhiên chống lại và không vô tình thực hiện. Mô tả y tế đầu tiên về tình trạng này xảy ra vào năm 1921 bởi Róbert Bárány. Khoảng 2,4% số người bị ảnh hưởng tại một số thời điểm. Trong số những người sống đến tuổi 80, 10% bị ảnh hưởng. BPPV ảnh hưởng đến phụ nữ nhiều gấp đôi so với nam giới. Khởi phát thường ở những người trong độ tuổi từ 50 đến 70."	https://en.wikipedia.org/wiki/Benign_paroxysmal_positional_vertigo
D065906	Tăng lactat máu	Lactic acidosis	Nhiễm axit lactic đề cập đến quá trình dẫn đến việc sản xuất lactate bằng quá trình chuyển hóa kỵ khí. Nó làm tăng nồng độ ion hydro dẫn đến tình trạng nhiễm toan hoặc pH thấp. Kết quả có thể được phát hiện với hàm lượng lactate cao và hàm lượng bicarbonate thấp. Đây thường được coi là kết quả của bệnh tật nhưng cũng là kết quả của việc tập luyện vất vả. Ảnh hưởng lên độ pH được điều tiết nhờ sự bù trừ hô hấp. Nhiễm axit lactic thường là kết quả của tình trạng thiếu oxy mô, không giống như tình trạng thiếu oxy động mạch. Việc lưu thông máu đầy đủ và tưới máu các mô chuyển hóa để đáp ứng nhu cầu là cần thiết để ngăn ngừa tình trạng thiếu oxy ở mô. Nhiễm axit lactic cũng có thể là kết quả của bệnh tật, thuốc men, ngộ độc hoặc các lỗi chuyển hóa bẩm sinh gây cản trở trực tiếp đến việc sử dụng oxy của tế bào. Các triệu chứng thường do nguyên nhân cơ bản gây ra, nhưng có thể bao gồm buồn nôn, nôn, khó thở và suy nhược toàn thân. Chẩn đoán được thực hiện dựa trên phân tích sinh hóa máu (thường ban đầu là trên các mẫu khí máu động mạch), và sau khi được xác nhận, thường sẽ tiến hành điều tra để xác định nguyên nhân cơ bản để điều trị nhiễm toan. Trong một số trường hợp, lọc máu (thanh lọc máu) tạm thời được yêu cầu. Trong các dạng nhiễm toan lactic mãn tính hiếm gặp do bệnh ty thể, có thể sử dụng chế độ ăn kiêng cụ thể hoặc dichloroacetate. Tiên lượng của nhiễm toan lactic phụ thuộc phần lớn vào nguyên nhân cơ bản; trong một số trường hợp (chẳng hạn như nhiễm trùng nặng), nó cho thấy nguy cơ tử vong tăng lên.	https://en.wikipedia.org/wiki/Lactic_acidosis
D066190	Dị cảm	Allochiria	"Allochiria là một rối loạn thần kinh trong đó bệnh nhân phản ứng với các kích thích được đưa đến một bên cơ thể của họ như thể các kích thích đó đã được đưa ra ở phía đối diện.  Nó liên quan đến sự chuyển vị không gian, thường là đối xứng, của các kích thích từ một phía của cơ thể (hoặc của không gian) sang phía đối diện.  Do đó, một cú chạm vào bên trái của cơ thể sẽ được báo cáo là một cú chạm vào bên phải, còn được gọi là allochiria somatosensory.   Nếu giác quan thính giác hoặc thị giác bị ảnh hưởng, âm thanh (chẳng hạn như giọng nói của một người) sẽ được báo cáo là được nghe ở phía đối diện với phía mà chúng xuất hiện và các vật thể được trình bày bằng hình ảnh sẽ được báo cáo là đã được trình bày ở phía đối diện.  Thông thường bệnh nhân có thể thể hiện allochiria trong bản vẽ của họ khi sao chép một hình ảnh.  Allochiria thường xảy ra đồng thời với tình trạng bỏ bê một bên và giống như bỏ bê bán cầu não, rối loạn này thường phát sinh do tổn thương ở thùy đỉnh phải. Allochiria thường bị nhầm lẫn với allochiria, còn được gọi là allochiria giả. Allochiria thực sự là một triệu chứng của chứng khó tiêu và bỏ bê đơn phương. Dyschiria là một rối loạn trong việc định vị cảm giác do mức độ phân ly khác nhau và gây ra suy yếu ở một bên khiến không thể phân biệt được bên nào của cơ thể được chạm vào. Thuật ngữ này có nguồn gốc từ tiếng Hy Lạp có nghĩa là ""mặt khác""."	https://en.wikipedia.org/wiki/Allochiria
