id	name	wiki_title	description	wiki_url
D000006	Abdomen, Acute		Description not found.	
D000270	Adie Syndrome		Description not found.	
D000326	Adrenoleukodystrophy	Adrenoleukodystrophy	Adrenoleukodystrophy (ALD) is a disease linked to the X chromosome. It is a result of fatty acid buildup caused by failure of peroxisomal fatty acid beta oxidation which results in the accumulation of very long chain fatty acids in tissues throughout the body.  The most severely affected tissues are the myelin in the central nervous system, the adrenal cortex, and the Leydig cells in the testes. The long chain fatty acid buildup causes damage to the myelin sheath of the neurons of the brain, resulting in seizures and hyperactivity. Other symptoms include problems in speaking, listening, and understanding verbal instructions.  Clinically, ALD presents as a heterogeneous disorder, showing several distinct phenotypes, and no clear pattern of genotype–phenotype correlation. As an X-linked disorder, ALD presents more frequently and severely in males; however, approximately 80% of heterozygote females show some symptoms later in life.  Approximately one third of male ALD patients will present with the childhood cerebral form of the disease, which is the most severe form.  It is characterized by normal development in early childhood, followed by rapid degeneration to a vegetative state. The other forms of ALD vary in timing of onset and in clinical severity, ranging from adrenal insufficiency alone to progressive paraparesis in early adulthood. ALD is caused by mutations in  ABCD1, a gene located on the X chromosome that codes for ALD, a peroxisomal membrane transporter protein. The exact mechanism of the pathogenesis of the various forms of ALD is not known. Biochemically, individuals with ALD show very high levels of unbranched, saturated, very long chain fatty acids, particularly cerotic acid (26:0).  The level of cerotic acid in plasma does not correlate with clinical presentation. Treatment options for ALD are limited. For the childhood cerebral form, stem cell transplant and gene therapy are options if the disease is detected early in the clinical course.  Adrenal insufficiency in ALD patients can be successfully treated.  ALD is the most common peroxisomal inborn error of metabolism, with a minimum estimated incidence of 1:42,000 for hemizygotes and 1:16,800 for hemizygotes and heterozygotes, though the incidence is likely to increase with improved newborn screening. It does not have a significantly higher incidence in any specific ethnic group.	https://en.wikipedia.org/wiki/Adrenoleukodystrophy
D000334	Aerophagy	Aerophagia	Aerophagia (or aerophagy) is a condition of excessive air swallowing, which goes to the stomach instead of the lungs. Aerophagia may also refer to an unusual condition where the primary symptom is excessive flatulence. The actual mechanism by which air enters the gut is obscure or unknown. Aerophagia in psychiatry is sometimes attributed to nervousness or anxiety.  Aerophagia affects approximately 0.1–1% of the general population, though prevalence may be underestimated due to underreporting.	https://en.wikipedia.org/wiki/Aerophagia
D000370	Ageusia	Ageusia	Ageusia (from negative prefix a- and Ancient Greek γεῦσις geûsis 'taste') is the loss of taste functions of the tongue, particularly the inability to detect sweetness, sourness, bitterness, saltiness, and umami (meaning 'savory taste'). It is sometimes confused with anosmia – a loss of the sense of smell. True ageusia is relatively rare compared to hypogeusia – a partial loss of taste – and dysgeusia – a distortion or alteration of taste. Even though ageusia is considered relatively rare it can impact individuals of any age or demographic. There has been an increase in reported cases of ageusia, due to the COVID-19 pandemic making ageusia more commonly diagnosed than before.	https://en.wikipedia.org/wiki/Ageusia
D000377	Agnosia	Agnosia	Agnosia is a neurological disorder characterized by an inability to process sensory information. Often there is a loss of ability to recognize objects, persons, sounds, shapes, or smells while the specific sense is neither defective nor is there any significant memory loss. It is usually associated with brain injury or neurological illness, particularly after damage to the occipitotemporal border, which is part of the ventral stream.  Agnosia affects only a single modality, such as vision or hearing. More recently, a top-down interruption is considered to cause the disturbance of handling perceptual information.	https://en.wikipedia.org/wiki/Agnosia
D000381	Agraphia	Agraphia	Agraphia is an acquired neurological disorder causing a loss in the ability to communicate through writing, either due to some form of motor dysfunction or an inability to spell. The loss of writing ability may present with other language or neurological disorders; disorders appearing commonly with agraphia are alexia, aphasia, dysarthria, agnosia, acalculia and apraxia. The study of individuals with agraphia may provide more information about the pathways involved in writing, both language related and motoric. Agraphia cannot be directly treated, but individuals can learn techniques to help regain and rehabilitate some of their previous writing abilities. These techniques differ depending on the type of agraphia. Agraphia can be broadly divided into central and peripheral categories. Central agraphias typically involve language areas of the brain, causing difficulty spelling or with spontaneous communication, and are often accompanied by other language disorders. Peripheral agraphias usually target motor and visuospatial skills in addition to language and tend to involve motoric areas of the brain, causing difficulty in the movements associated with writing. Central agraphia may also be called aphasic agraphia as it involves areas of the brain whose major functions are connected to language and writing; peripheral agraphia may also be called nonaphasic agraphia as it involves areas of the brain whose functions are not directly connected to language and writing (typically motor areas). The history of agraphia dates to the mid-fourteenth century, but it was not until the second half of the nineteenth century that it sparked significant clinical interest. Research in the twentieth century focused primarily on aphasiology in patients with lesions from strokes.	https://en.wikipedia.org/wiki/Agraphia
D000419	Albuminuria	Albuminuria	Albuminuria is a pathological condition of elevated albumin protein in the urine (often measured as urine albumin-to-creatinine ratio of >30 milligrams of albumin per 1 gram of creatinine per day). It is a type of proteinuria, and is the most common protein detected on urinalysis that, when elevated, is associated with kidney and cardiovascular disease (CVD). Albumin is an abundant plasma protein (present in blood) which is normally prevented from being lost into the urine by the sieve-like glomeruli of the nephrons. In healthy people, only trace amounts of it are present in urine, but when the filtration system of the kidney is damaged, larger amounts of albumin escape into the urine, which can be quantified and used to determine the extent of kidney injury/kidney disease.	https://en.wikipedia.org/wiki/Albuminuria
D000425	Alcohol Amnestic Disorder		Description not found.	
D000472	Alkalosis, Respiratory		Description not found.	
D000550	Amblyopia	Amblyopia	"Amblyopia, also called lazy eye, is a disorder of sight in which the brain fails to fully process input from one eye and over time favors the other eye. It results in decreased vision in an eye that typically appears normal in other aspects. Amblyopia is the most common cause of decreased vision in a single eye among children and younger adults. The cause of amblyopia can be any condition that interferes with focusing during early childhood. This can occur from poor alignment of the eyes (strabismic), an eye being irregularly shaped such that focusing is difficult, one eye being more nearsighted or farsighted than the other (refractive), or clouding of the lens of an eye (deprivational). After the underlying cause is addressed, vision is not restored right away, as the mechanism also involves the brain. Amblyopia can be difficult to detect, so vision testing is recommended for all children around the ages of four to five as early detection improves treatment success. Glasses may be all the treatment needed for some children. If this is not sufficient, treatments which encourage or force the child to use the weaker eye are used. This is done by either using a patch or putting atropine in the stronger eye. Without treatment, amblyopia typically persists. Treatment in adulthood is usually much less effective. Amblyopia begins by the age of five. In adults, the disorder is estimated to affect 1–5% of the population. While treatment improves vision, it does not typically restore it to normal in the affected eye. Amblyopia was first described in the 1600s. The condition may make people ineligible to be pilots or police officers. The word amblyopia is from Greek ἀμβλύς amblys, meaning ""blunt"", and ὤψ ōps, meaning ""eye""."	https://en.wikipedia.org/wiki/Amblyopia
D000647	Amnesia	Amnesia	Amnesia is a deficit in memory caused by brain damage or brain diseases, but it can also be temporarily caused by the use of various sedative and hypnotic drugs. The memory can be either wholly or partially lost due to the extent of damage that is caused. There are two main types of amnesia:   Retrograde amnesia is the inability to remember information that was acquired before a particular date, usually the date of an accident or operation. In some cases, the memory loss can extend back decades, while in other cases, people may lose only a few months of memory.  Anterograde amnesia is the inability to transfer new information from the short-term store into the long-term store. People with anterograde amnesia cannot remember things for long periods of time. These two types are not mutually exclusive; both can also occur simultaneously. In addition to retrograde and anterograde amnesia, other recognized forms include transient global amnesia, a temporary loss of memory that comes on suddenly; dissociative amnesia, which is linked to emotional stress and involves inability to recall personal experiences; childhood amnesia, referring to early life memory loss that is common across individuals; and post-traumatic amnesia, which can follow a head injury and involves confusion and memory impairment for events around the time of the trauma. Case studies also show that amnesia is typically associated with damage to the medial temporal lobe. In addition, specific areas of the hippocampus (the CA1 region) are involved with memory. Research has also shown that when areas of the diencephalon are damaged, amnesia can occur. Recent studies have shown a correlation between deficiency of RbAp48 protein and memory loss. Scientists were able to find that mice with damaged memory have a lower level of RbAp48 protein compared to normal, healthy mice. In people with amnesia, the ability to recall immediate information is still retained, and they may still be able to form new memories. However, a severe reduction in the ability to learn new material and retrieve old information can be observed. People can learn new procedural knowledge. In addition, priming (both perceptual and conceptual) can assist amnesiacs in the learning of fresh non-declarative knowledge. Individuals with amnesia also retain substantial intellectual, linguistic, and social skills despite profound impairments in the ability to recall specific information encountered in prior learning episodes. The term is from Ancient Greek 'forgetfulness'; from  ἀ- (a-) 'without' and  μνήσις (mnesis) 'memory'.	https://en.wikipedia.org/wiki/Amnesia
D000648	Amnesia, Retrograde		Description not found.	
D000787	Angina Pectoris	Angina	"Angina, in full angina pectoris, is chest pain or pressure, usually caused by insufficient blood flow to the heart muscle (myocardium). It is most commonly a symptom of coronary artery disease. Angina is typically the result of partial obstruction or spasm of the arteries that supply blood to the heart muscle. The main mechanism of coronary artery obstruction is atherosclerosis as part of coronary artery disease. Other causes of angina include abnormal heart rhythms, heart failure and, less commonly, anemia. The term derives from Latin  angere 'to strangle' and  pectus 'chest', and can therefore be translated as ""a strangling feeling in the chest"". An urgent medical assessment is suggested to rule out serious medical conditions. There is a relationship between severity of angina and degree of oxygen deprivation in the heart muscle. However, the severity of angina does not always match the degree of oxygen deprivation to the heart or the risk of a heart attack (myocardial infarction). Some people may experience severe pain even though there is little risk of a heart attack whilst others may have a heart attack and experience little or no pain. In some cases, angina can be quite severe. Worsening angina attacks, sudden-onset angina at rest, and angina lasting more than 15 minutes are symptoms of unstable angina (usually grouped with similar conditions as the acute coronary syndrome). As these may precede a heart attack, they require urgent medical attention and are, in general, treated similarly to heart attacks. In the early 20th century, severe angina was seen as a sign of impending death. However, modern medical therapies have improved the outlook substantially. Middle-age patients who experience moderate to severe angina (grading by classes II, III, and IV) have a five-year survival rate of approximately 92%."	https://en.wikipedia.org/wiki/Angina
D000788	Angina Pectoris, Variant		Description not found.	
D000789	Angina, Unstable		Description not found.	
D000849	Anomia	Anomia	Anomia may refer to:  Anomic aphasia, a type of aphasia Anomia (bivalve), a genus of bivalve Anomia (game), 2009 party game designed by Andrew Innes	https://en.wikipedia.org/wiki/Anomia
D000855	Anorexia	Anorexia	"Anorexia nervosa (AN), commonly referred to as anorexia, is an eating disorder characterized by predominant food restriction, body image disturbance, fear of gaining weight, and an overwhelming desire to be thin. These characteristics often mean individuals undergo severe malnutrition as a result of the disorder. Individuals with anorexia nervosa have a fear of gaining weight, despite the fact that they are typically underweight. The DSM-5 describes this perceptual symptom as ""disturbance in the way in which one's body weight or shape is experienced"". Recent research has shown, that this disturbance is based not on visual body-size overestimation but rather on body dissatisfaction: individuals with anorexia can accurately visually identify their body size, but find severely underweight bodies the most attractive. Individuals with anorexia nervosa may also deny that their symptoms or behaviors are indicative of illness. They may weigh themselves frequently, eat small amounts, and only eat certain foods in order to be in as much control of their body appearance as possible. Some patients with anorexia nervosa binge eat and purge to further influence their weight or shape. Purging can manifest as induced vomiting, excessive exercise, and/or laxative abuse. Anorexia nervosa has the highest mortality rate of any psychiatric diagnosis. Medical complications may include osteoporosis, infertility, and heart damage, along with the cessation of menstrual periods and death. Complications in males may include lowered testosterone. In cases where the patients with anorexia nervosa continually refuse significant dietary intake and weight restoration interventions, a psychiatrist can declare the patient to lack capacity to make decisions, which results in a medical decision to be fed by restraint via nasogastric tube. Anorexia often develops during adolescence or young adulthood. The causes of anorexia nervosa are complex and vary across individuals, many of which can include genetic, societal, physiological, and environmental causes. Most commonly, the exacerbation of the mental illness is thought to follow a major life-change or stress-inducing events. There is strong evidence, however, that anorexia nervosa also has a genetic component, with identical twins being affected more often than fraternal twins, which sees a large number of genetic risk factors underlying the disorder: similar to other psychiatric disorders with genetic components. Cultural factors also play a very significant role, with societies that value thinness having higher rates of the disease. Anorexia nervosa also commonly occurs in athletes who play sports where a low bodyweight is thought to be advantageous for aesthetics or performance, such as dance, cheerleading, gymnastics, running, figure skating and ski jumping (anorexia athletica). Treatment of anorexia involves restoring the patient back to a healthy weight, treating their underlying psychological problems, and addressing underlying maladaptive behaviors, often with forms of talking therapy; some examples of clinically proven therapies include cognitive behavioral therapy or Maudsley family therapy, an approach where parents assume responsibility for feeding their child. A daily low dose of olanzapine has been shown to increase appetite and assist with some weight gain in patients. Psychiatrists may prescribe patients with anorexia nervosa forms of medication to better manage anxiety or depression, these being disorders often commonly associated with the disorder. However, medications are not considered a cure for anorexia nervosa: such pathways rather address underlying causes for the disorder, which often assist in recovery of it by allowing the individual to have a clearer and healthier mental state to understand the complications of anorexia nervosa. It does not assist those who do not have any other related mental conditions that affect their ability to do so. It has been proven to assist in the recovery of other eating disorders, such as bulimia nervosa and binge eating disorder. In severe cases, individuals may require to be fed by nasogastric tube to restore weight and healthy nutritional levels by force. Evidence for benefit from nasogastric tube feeding is unclear; some individuals recover after the first incident of admission, while others have recurring treatments over many years: sometimes indefinitely. The largest risk of relapse occurs within the first year post-discharge from eating disorder therapy treatment. Within the first two years post-discharge, approximately 31% of anorexia nervosa patients relapse. Many complications, both physical and psychological, improve or resolve with nutritional rehabilitation and adequate weight gain. Anorexia nervosa is estimated to occur in approximately 0.3–4.3% of women and 0.2–1% of men in Western countries at some point in their life. Levels in other countries are unclear due to undiagnosis and a lack of awareness, though it can be presumed it is more present in Western societies due to a higher focus on low body weight and beauty on social media and real life. There is an observation for an increase in the diagnosis of anorexia from the 20th century onwards: it is unclear whether this is due to an actual increase in its frequency or simply due to improved diagnostic capabilities. In 2013, it directly resulted in about 600 deaths globally, up from 400 deaths in 1990. Eating disorders also increase a person's risk of death from a wide range of other causes, including suicide. About 5% of people with anorexia die from complications over a ten-year period with medical complications and suicide being the primary and secondary causes of death respectively. Anorexia has one of the highest death rates among mental illnesses, second only to opioid overdoses."	https://en.wikipedia.org/wiki/Anorexia
D000857	Olfaction Disorders		Description not found.	
D000860	Anoxia	Anoxia	"Anoxia means a total depletion in the level of oxygen, an extreme form of hypoxia or ""low oxygen"". The terms anoxia and hypoxia are used in various contexts:  Anoxic waters, sea water, fresh water or groundwater that are depleted of dissolved oxygen Anoxic event, when the Earth's oceans become completely depleted of oxygen below the surface levels Euxinic, anoxic conditions in the presence of hydrogen sulfide Hypoxia (environmental), low oxygen conditions Hypoxia (medicine), when the body or a region of the body is deprived of adequate oxygen supply Cerebral anoxia, when the brain is completely deprived of oxygen, an extreme form of cerebral hypoxia"	https://en.wikipedia.org/wiki/Anoxia
D001037	Aphasia	Aphasia	"Aphasia, also known as dysphasia, is an impairment in a person's ability to comprehend or formulate language because of dysfunction in specific brain regions. The major causes are stroke and head trauma; prevalence is hard to determine, but aphasia due to stroke is estimated to be 0.1–0.4% in developed countries. Aphasia can also be the result of brain tumors, epilepsy, autoimmune neurological diseases like multiple sclerosis, infection of the brain, or neurodegenerative diseases like dementias. To be diagnosed with aphasia, a person's ability to produce and/or comprehend written and/or spoken language must be significantly impaired. In the case of progressive aphasia, this impairment progresses slowly with time. The difficulties of people with aphasia can range from occasional trouble finding words, to losing the ability to speak, read, or write; intelligence, however, is unaffected. Expressive language and receptive language can both be affected as well. Aphasia also affects visual language such as sign language. In contrast, the use of formulaic expressions in everyday communication is often preserved. For example, while a person with aphasia, particularly expressive aphasia (Broca's aphasia), may not be able to ask a loved one when their birthday is, they may still be able to sing ""Happy Birthday"". One prevalent deficit in all aphasias is anomia, in which the affected individual has difficulty finding the correct word. With aphasia, one or more modes of communication in the brain have been damaged and are therefore functioning incorrectly. Aphasia is not caused by damage to the brain resulting in motor or sensory deficits, thus producing abnormal speech — that is, aphasia is not related to the mechanics of speech, but rather the individual's language cognition. However, it is possible for a person to have both problems, e.g. in the case of a hemorrhage damaging a large area of the brain. An individual's language abilities incorporate the socially shared set of rules, as well as the thought processes that go behind communication (as it affects both verbal and nonverbal language). Aphasia is not a result of other peripheral motor or sensory difficulty, such as paralysis affecting the speech muscles, or a general hearing impairment. Neurodevelopmental forms of auditory processing disorder (APD) are differentiable from aphasia in that aphasia is by definition caused by acquired brain injury, but acquired epileptic aphasia has been viewed as a form of APD."	https://en.wikipedia.org/wiki/Aphasia
D001039	Aphasia, Broca		Description not found.	
D001041	Aphasia, Wernicke		Description not found.	
D001044	Aphonia	Aphonia	"Aphonia is defined as the inability to produce voiced sound. This may result from damage, such as surgery (e.g., thyroidectomy) or a tumor, or can be a result of psychological means. Aphonia means ""no sound.” In other words, a person with this disorder has lost their voice and is unable to communicate vocally."	https://en.wikipedia.org/wiki/Aphonia
D001049	Apnea	Apnea	"Apnea (also spelled apnoea in  British English) is the temporary cessation of breathing, which may be voluntary or involuntary. During apnea, there is no movement of the muscles of inhalation, and the volume of the lungs initially remains unchanged. Depending on how blocked the airways are (patency), there may or may not be a flow of gas between the lungs and the environment. If there is sufficient flow, gas exchange within the lungs and cellular respiration would not be severely affected. Voluntarily doing this is called ""holding one's breath"". Apnea may first be diagnosed in childhood, and it is recommended to consult an ear-nose-throat specialist, allergist or sleep physician to discuss symptoms when noticed; malformation and/or malfunctioning of the upper airways may be observed by an orthodontist."	https://en.wikipedia.org/wiki/Apnea
D001072	Apraxias	Apraxia	"Apraxia is a motor disorder caused by damage to the brain (specifically the posterior parietal cortex or corpus callosum), which causes difficulty with motor planning to perform tasks or movements. The nature of the damage determines the disorder's severity, and the absence of sensory loss or paralysis helps to explain the level of difficulty. Children may be born with apraxia; its cause is unknown, and symptoms are usually noticed in the early stages of development. Apraxia occurring later in life, known as acquired apraxia, is typically caused by traumatic brain injury, stroke, dementia, Alzheimer's disease, brain tumor, or other neurodegenerative disorders. The multiple types of apraxia are categorized by the specific ability and/or body part affected. The term ""apraxia"" comes from Ancient Greek  ἀ- (a-) 'without' and  πρᾶξις (praxis) 'action'."	https://en.wikipedia.org/wiki/Apraxia
D001184	Articulation Disorders		Description not found.	
D001247	Asthenia	Weakness	Weakness is a symptom of many different medical conditions. The causes are many and can be divided into conditions that have true or perceived muscle weakness. True muscle weakness is a primary symptom of a variety of skeletal muscle diseases, including muscular dystrophy and inflammatory myopathy. It occurs in neuromuscular junction disorders, such as myasthenia gravis.	https://en.wikipedia.org/wiki/Weakness
D001259	Ataxia	Ataxia	"Ataxia (from Greek α- [a negative prefix] + -τάξις [order] = ""lack of order"") is a neurological sign consisting of lack of voluntary coordination of muscle movements that can include gait abnormality, speech changes, and abnormalities in eye movements, that indicates dysfunction of parts of the nervous system that coordinate movement, such as the cerebellum. These nervous-system dysfunctions occur in several different patterns, with different results and different possible causes. Ataxia can be limited to one side of the body, which is referred to as hemiataxia. Friedreich's ataxia has gait abnormality as the most commonly presented symptom. Dystaxia is a mild degree of ataxia."	https://en.wikipedia.org/wiki/Ataxia
D001260	Ataxia Telangiectasia	Ataxia–telangiectasia	Ataxia–telangiectasia (AT or A–T), also referred to as ataxia–telangiectasia syndrome or Louis-Bar syndrome, is a rare, neurodegenerative disease causing severe disability. Ataxia refers to poor coordination and telangiectasia to small dilated blood vessels, both of which are hallmarks of the disease. A–T affects many parts of the body:  It impairs certain areas of the brain including the cerebellum, causing difficulty with movement and coordination. It weakens the immune system, causing a predisposition to infection. It prevents the repair of broken DNA, increasing the risk of cancer. Symptoms most often first appear in early childhood (the toddler stage) when children begin to sit or walk. Though they usually start walking at a normal age, they wobble or sway when walking, standing still, or sitting. In late preschool and early school age, they develop difficulty naturally moving their eyes from one place to the next (oculomotor apraxia). They develop slurred or distorted speech and swallowing problems. Some have an increased number of respiratory tract infections (ear infections, sinusitis, bronchitis, and pneumonia). Since children develop differently, it may be some years before A–T is properly diagnosed. Most children with A–T have stable neurologic symptoms for the first 4–5 years of life, but begin to show increasing problems in early school years.	https://en.wikipedia.org/wiki/Ataxia%E2%80%93telangiectasia
D001264	Athetosis	Athetosis	Athetosis is a symptom characterized by slow, involuntary, convoluted, writhing movements of the fingers, hands, toes, and feet and in some cases, arms, legs, neck and tongue. Movements typical of athetosis are sometimes called athetoid movements. Lesions to the brain are most often the direct cause of the symptoms, particularly to the corpus striatum.  This symptom does not occur alone and is often accompanied by the symptoms of cerebral palsy, as it is often a result of this physical disability.  Treatments for athetosis are not very effective, and in most cases are simply aimed at managing the uncontrollable movement, rather than the cause itself.	https://en.wikipedia.org/wiki/Athetosis
D001308	Auditory Perceptual Disorders		Description not found.	
D001416	Back Pain	Back pain	Back pain (Latin: dorsalgia) is pain felt in the back. It may be classified as neck pain (cervical), middle back pain (thoracic), lower back pain (lumbar) or coccydynia (tailbone or sacral pain) based on the segment affected. The lumbar region is the most commonly affected area. An episode of back pain may be acute, subacute or chronic depending on the duration. The pain may be characterized as a dull ache, shooting or piercing pain or a burning sensation. Discomfort can radiate to the arms and hands as well as the legs or feet, and may include numbness or weakness in the legs and arms. The majority of back pain is nonspecific and idiopathic. Common underlying mechanisms include degenerative or traumatic changes to the discs and facet joints, which can then cause secondary pain in the muscles and nerves and referred pain to the bones, joints and extremities. Diseases and inflammation of the gallbladder, pancreas, aorta and kidneys may also cause referred pain in the back. Tumors of the vertebrae, neural tissues and adjacent structures can also manifest as back pain. Back pain is common; approximately nine of ten adults experience it at some point in their lives, and five in ten working adults are affected each year. Some estimate that as many of 95% of people will experience back pain at some point in their lifetime. It is the most common cause of chronic pain and is a major contributor to missed work and disability. For most individuals, back pain is self-limiting. Most people with back pain do not experience chronic severe pain but rather persistent or intermittent pain that is mild or moderate. Still, chronic back pain symptoms, defined as repeated or persistent pain for at least 3 months within the past 12 months, affected 34.4% of a nationwide sample of adults in mild form, 25.1% in moderate form, and 13% in (very) severe form. In most cases of herniated disks and stenosis, rest, injections or surgery have similar general pain-resolution outcomes on average after one year. In the United States, acute low back pain is the fifth most common reason for physician visits and causes 40% of missed work days. It is the single leading cause of disability worldwide. According to the World Health Organization, approximately 90% of all low back pain cases are non-specific, meaning that no clear structural cause can be identified.	https://en.wikipedia.org/wiki/Back_pain
D001724	Birth Weight		Description not found.	
D001750	Urinary Bladder, Neurogenic		Description not found.	
D001766	Blindness	Visual impairment	Visual or vision impairment (VI or VIP) is the partial or total inability of visual perception. In the absence of treatment such as corrective eyewear, assistive devices, and medical treatment, visual impairment may cause the individual difficulties with normal daily tasks, including reading and walking. The terms low vision and blindness are often used for levels of impairment which are difficult or impossible to correct and significantly impact daily life. In addition to the various permanent conditions, fleeting temporary vision impairment, amaurosis fugax, may occur, and may indicate serious medical problems. The most common causes of visual impairment globally are uncorrected refractive errors (43%), cataracts (33%), and glaucoma (2%). Refractive errors include near-sightedness, far-sightedness, presbyopia, and astigmatism. Cataracts are the most common cause of blindness. Other disorders that may cause visual problems include age-related macular degeneration, diabetic retinopathy, corneal clouding, childhood blindness, and a number of infections. Visual impairment can also be caused by problems in the brain due to stroke, premature birth, or trauma, among others. These cases are known as cortical visual impairment. Screening for vision problems in children may improve future vision and educational achievement. Screening adults without symptoms is of uncertain benefit. Diagnosis is by an eye exam. The World Health Organization (WHO) estimates that 80% of visual impairment is either preventable or curable with treatment. This includes cataracts, the infections river blindness and trachoma, glaucoma, diabetic retinopathy, uncorrected refractive errors, and some cases of childhood blindness. Many people with significant visual impairment benefit from vision rehabilitation, changes in their environment, and assistive devices. As of 2015, there were 940 million people with some degree of vision loss. 246 million had low vision and 39 million were blind. The majority of people with poor vision are in the developing world and are over the age of 50 years. Rates of visual impairment have decreased since the 1990s. Visual impairments have considerable economic costs, both directly due to the cost of treatment and indirectly due to decreased ability to work.	https://en.wikipedia.org/wiki/Visual_impairment
D001832	Body Temperature Changes		Description not found.	
D001835	Body Weight	Human body weight	Human body weight is a person's mass or weight. Strictly speaking, body weight is the measurement of mass without items located on the person. Practically though, body weight may be measured with clothes on, but without shoes or heavy accessories such as mobile phones and wallets, and using manual or digital weighing scales. Excess or reduced body weight is regarded as an indicator of determining a person's health, with body volume measurement providing an extra dimension by calculating the distribution of body weight.	https://en.wikipedia.org/wiki/Human_body_weight
D001836	Body Weight Changes		Description not found.	
D001926	Brain Death	Brain death	"Brain death is the permanent, irreversible, and complete loss of brain function, which may include cessation of involuntary activity (e.g., breathing) necessary to sustain life. It differs from persistent vegetative state, in which the person is alive and some autonomic functions remain. It is also distinct from comas as long as some brain and bodily activity and function remain, and it is also not the same as the condition locked-in syndrome. A differential diagnosis can medically distinguish these differing conditions. Brain death is used as an indicator of legal death in many jurisdictions, but it is defined inconsistently and often confused by the public. Various parts of the brain may keep functioning when others do not anymore,  bringing questions about whether they should truly be considered dead. The term ""brain death"" has been used to refer to various combinations. For example, although one major medical dictionary considers ""brain death"" to be synonymous with ""cerebral death"" (death of the cerebrum), the US National Library of Medicine Medical Subject Headings (MeSH) system defines brain death as including the brainstem. The distinctions are medically significant because, for example, in someone with a dead cerebrum but a living brainstem, spontaneous breathing may continue unaided, whereas in whole-brain death (which includes brainstem death), only life support equipment would maintain ventilation. In certain countries, patients classified as brain-dead may legally have their organs surgically removed for organ donation."	https://en.wikipedia.org/wiki/Brain_death
D002032	Bulimia	Bulimia	Bulimia nervosa (BN), also known simply as bulimia, is an eating disorder characterized by binge eating (eating large quantities of food in a short period of time, often feeling out of control) followed by compensatory behaviors, such as self-induced vomiting or fasting, to prevent weight gain. Bulimia is more common among those who have a close relative with the condition. The percentage risk that is estimated to be due to genetics is between 30% and 80%. Other risk factors for the disease include psychological stress, cultural pressure to attain a certain body type, poor self-esteem, and obesity. Living in a culture that commercializes or glamorizes dieting, and having parental figures who fixate on weight are also risks. Diagnosis is based on a person's medical history; however, this is difficult, as people are usually secretive about their binge eating and purging habits. Further, the diagnosis of anorexia nervosa takes precedence over that of bulimia. Other similar disorders include binge eating disorder, Kleine–Levin syndrome, and borderline personality disorder.	https://en.wikipedia.org/wiki/Bulimia
D002100	Cachexia	Cachexia	Cachexia ( ) is a syndrome that occurs in people with certain illnesses, causing muscle loss that cannot be fully reversed with improved nutrition. It most commonly occurs in cases of cancer, congestive heart failure, chronic obstructive pulmonary disease, chronic kidney disease, and AIDS. These conditions change how the body handles inflammation, metabolism, and brain signaling. This can lead to muscle loss and other harmful changes to body composition over time. Unlike weight loss from inadequate caloric intake, cachexia mainly causes muscle loss and can happen with or without fat loss. Diagnosis of cachexia is difficult because there are no clear guidelines, and its occurrence varies from one affected person to the next. Like malnutrition, cachexia can lead to worse health outcomes and lower quality of life. The prognosis of patients with cachexia varies depending on the type and severity of the underlying illness, but is typically poor, especially with patients in late stages of disease. Cachexia can improve significantly with effective treatment of the underlying illness, but symptomatic treatment approaches such as nutritional therapy and exercise typically do not result in reversal of the syndrome, and have very limited benefit in advanced cases of cachexia.	https://en.wikipedia.org/wiki/Cachexia
D002303	Cardiac Output, Low		Description not found.	
D002375	Catalepsy	Catalepsy	"Catalepsy (from Ancient Greek katálēpsis, κατάληψις, ""seizing, grasping"") is a neurological condition characterized by muscular rigidity and fixity of posture regardless of external stimuli, as well as decreased sensitivity to pain."	https://en.wikipedia.org/wiki/Catalepsy
D002385	Cataplexy	Cataplexy	"Cataplexy is a sudden and transient episode of muscle weakness accompanied by full conscious awareness, typically triggered by emotions such as laughing, crying, or terror. Cataplexy is the first symptom to appear in about 10% of cases of narcolepsy, caused by an autoimmune destruction of hypothalamic neurons that produce the neuropeptide hypocretin (also called orexin), which regulates arousal and has a role in stabilization of the transition between wake and sleep states. Cataplexy without narcolepsy is rare and the cause is unknown. The term cataplexy originates from the Greek κατά (kata, meaning ""down""), and πλῆξις (plēxis, meaning ""strike"")  and it was first used around 1880 in German physiology literature to describe the phenomenon of tonic immobility also known as ""playing possum"" (in reference to the opossum's behavior of feigning death when threatened). In the same year the French neuropsychiatrist Jean-Baptiste Gélineau coined the term 'narcolepsy' and published some clinical reports that contained details about two patients who had similar conditions to those of current narcoleptic cases. Nevertheless, the onset that he reported was in adulthood, as compared to current cases reported in childhood and adolescence. Even if he preferred the term 'astasia' instead of 'cataplexy', the case that he described remains iconic for the diagnosis of full narcoleptic syndrome."	https://en.wikipedia.org/wiki/Cataplexy
D002389	Catatonia	Catatonia	Catatonia is a neuropsychiatric syndrome most commonly seen in people with underlying mood disorders such as major depressive disorder, or psychotic disorders such as schizophrenia. People with catatonia exhibit abnormal movement and behaviors that vary from person to person, and which may fluctuate in intensity within a single episode. People with catatonia appear withdrawn, with limited interaction with the outside world and difficulty processing information. They may be nearly motionless for days on end or perform repetitive, purposeless movements. People may exhibit very different sets of behaviors and still be diagnosed with catatonia. Treatment with benzodiazepines or electroconvulsive therapy is most effective and leads to remission of symptoms in most cases. There are different subtypes of catatonia, which represent groups of symptoms that commonly occur together. These include stuporous/akinetic catatonia, excited catatonia, malignant catatonia, and periodic catatonia. Catatonia has historically been related to schizophrenia, but is most often seen in mood disorders. It is now known that catatonic symptoms are nonspecific and may occur in other mental, neurological, and medical conditions. The prognosis of catatonia is typically good, with complete remission in some patients; however, outcomes vary depending on the underlying disorder.	https://en.wikipedia.org/wiki/Catatonia
D002422	Causalgia	Complex regional pain syndrome	Complex regional pain syndrome (CRPS), sometimes referred to by the hyponyms reflex sympathetic dystrophy (RSD) or reflex neurovascular dystrophy (RND) (type 1) or causalgia (type 2), is a rare and severe form of neuroinflammatory and dysautonomic disorder causing chronic pain, neurovascular, and neuropathic symptoms. Although it can vary widely, the classic presentation occurs when severe pain from a physical trauma or neurotropic viral infection outlasts the expected recovery time, and may subsequently spread to uninjured areas. The symptoms of types 1 and 2 are the same, except type 2 is associated with nerve injury. Usually starting in a single limb, CRPS often first manifests as pain, swelling, limited range of motion or partial paralysis, or changes to the skin and bones. It may initially affect one limb and then spread throughout the body; 35% of affected individuals report symptoms throughout the body. Two types are thought to exist: CRPS type 1 (previously referred to as reflex sympathetic dystrophy) and CRPS type 2 (previously referred to as causalgia). It is possible to have both types. Amplified musculoskeletal pain syndrome, a condition that is similar to CRPS, primarily affects pediatric patients, falls under rheumatology and pediatrics, and is generally considered a subset of CRPS type 1.	https://en.wikipedia.org/wiki/Complex_regional_pain_syndrome
D002524	Cerebellar Ataxia		Description not found.	
D002558	Cerebrospinal Fluid Otorrhea		Description not found.	
D002559	Cerebrospinal Fluid Rhinorrhea		Description not found.	
D002637	Chest Pain		Description not found.	
D002639	Cheyne-Stokes Respiration		Description not found.	
D002819	Chorea	Chorea	Chorea, or (rarely) choreia, () is an abnormal involuntary movement disorder, characterized by quick movements of the hands or feet. It is one of a group of neurological disorders called dyskinesias. The term chorea is derived from Ancient Greek  χορεία (choreia) 'dance', as the movements of the body are comparable to dancing. The term hemichorea refers to chorea of one side of the body, such as chorea of one arm but not both (analogous to hemiballismus).	https://en.wikipedia.org/wiki/Chorea
D002832	Choroid Hemorrhage		Description not found.	
D003085	Colic	Colic	Colic or cholic () is a form of pain that starts and stops abruptly. Colic pain is usually caused by the obstruction of a smooth muscle passageway in the body (e.g. the small or large intestine, bile duct, or ureter). The obstruction triggers muscular contractions (peristalsis) to force the blockage out of the organ, resulting in episodic pain that fluctuates with the contractions. Although the term primarily refers to pain caused by this mechanism, any pain which occurs in episodes or fluctuates in intensity may be termed colic or colicky pain.  Colic episodes can cause extreme pain, nausea, sweating, and vomiting. The blockage of important passageways in the body can lead to severe and potentially fatal complications if not cleared, such as cholecystitis in the case of biliary colic, or in kidney stone disease. Although the action of peristalsis can sometimes clear such blockages without medical intervention, surgery or other medical therapies designed to remove the obstruction may be necessary for treatment of the condition.	https://en.wikipedia.org/wiki/Colic
D003117	Color Vision Defects		Description not found.	
D003128	Coma	Coma	A coma (from Ancient Greek  κῶμα koma 'deep sleep') is a prolonged state of deep unconsciousness in which a person cannot be awakened, fails to respond normally to stimuli (including pain, light, and sound), lacks a normal sleep-wake cycle and does not initiate voluntary actions. The person may experience respiratory and circulatory problems due to the body's inability to maintain normal bodily functions. People in a coma often require extensive medical care to maintain their health and prevent complications such as pneumonia or blood clots. Coma patients exhibit a complete absence of wakefulness and are unable to consciously feel, speak or move. Comas can be the result of natural causes, or can be medically induced; for example, during general anesthesia. Clinically, a coma can be defined as the consistent inability to follow a one-step command. For a patient to maintain consciousness, the components of wakefulness and awareness must be maintained. Wakefulness is a quantitative assessment of the degree of consciousness, whereas awareness is a qualitative assessment of the functions mediated by the cerebral cortex, including cognitive abilities such as attention, sensory perception, explicit memory, language, the execution of tasks, temporal and spatial orientation, and reality judgment. Neurologically, consciousness is maintained by the activation of the cerebral cortex—the gray matter that forms the brain's outermost layer—and by the reticular activating system (RAS), a structure in the brainstem.	https://en.wikipedia.org/wiki/Coma
D003147	Communication Disorders		Description not found.	
D003221	Confusion	Confusion	In psychology, confusion is the quality or emotional state of being bewildered or disoriented. The term acute mental confusion is often used interchangeably with delirium in the International Statistical Classification of Diseases and Related Health Problems and the Medical Subject Headings publications to describe the pathology. These refer to the loss of orientation, or the ability to place oneself correctly in the world by time, location and personal identity. Mental confusion is sometimes accompanied by disordered consciousness (the loss of linear thinking) and memory loss (the inability to correctly recall previous events or learn new material).	https://en.wikipedia.org/wiki/Confusion
D003244	Consciousness Disorders		Description not found.	
D003248	Constipation	Constipation	Constipation is a bowel dysfunction that makes bowel movements infrequent or hard to pass. The stool is often hard and dry. Other symptoms may include abdominal pain, bloating, and feeling as if one has not completely passed the bowel movement. Complications from constipation may include hemorrhoids, anal fissure or fecal impaction. The normal frequency of bowel movements in adults is between three per day and three per week. Babies often have three to four bowel movements per day while young children typically have two to three per day. Constipation has many causes. Common causes include slow movement of stool within the colon, irritable bowel syndrome, and pelvic floor disorders. Underlying associated diseases include hypothyroidism, diabetes, Parkinson's disease, celiac disease, non-celiac gluten sensitivity, vitamin B12 deficiency, colon cancer, diverticulitis, and inflammatory bowel disease. Medications associated with constipation include opioids, certain antacids, calcium channel blockers, and anticholinergics. Of those taking opioids about 90% develop constipation. Constipation is more concerning when there is weight loss or anemia, blood is present in the stool, there is a history of inflammatory bowel disease or colon cancer in a person's family, or it is of new onset in someone who is older. Treatment of constipation depends on the underlying cause and the duration that it has been present. Measures that may help include drinking enough fluids, eating more fiber, and exercise. If this is not effective, laxatives of the bulk-forming agent, osmotic agent, stool softener, or lubricant type may be recommended. Stimulant laxatives are generally reserved for when other types are not effective. Other treatments may include biofeedback or in rare cases surgery. In the general population rates of constipation are 2–30 percent. Among elderly people living in a care home the rate of constipation is 50–75 percent.	https://en.wikipedia.org/wiki/Constipation
D003371	Cough	Cough	A cough is a sudden expulsion of air through the large breathing passages which can help clear them of fluids, irritants, foreign particles and microbes. As a protective reflex, coughing can be repetitive with the cough reflex following three phases: an inhalation, a forced exhalation against a closed glottis, and a violent release of air from the lungs following opening of the glottis, usually accompanied by a distinctive sound. Coughing into one's elbow or toward the ground—rather than forward at breathing height—can reduce the spread of infectious droplets in the air. Frequent coughing usually indicates the presence of a disease. Many viruses and bacteria benefit, from an evolutionary perspective, by causing the host to cough, which helps to spread the disease to new hosts. Irregular coughing is usually caused by a respiratory tract infection but can also be triggered by choking, smoking, air pollution, asthma, gastroesophageal reflux disease, post-nasal drip, chronic bronchitis, lung tumors, heart failure and medications such as angiotensin-converting-enzyme inhibitors (ACE inhibitors) and beta blockers. Treatment should target the cause; for example, smoking cessation or discontinuing ACE inhibitors.  Cough suppressants such as codeine or dextromethorphan are frequently prescribed, but are not recommended for children. Other treatment options may target airway inflammation or may promote mucus expectoration. As it is a natural protective reflex, suppressing the cough reflex might have damaging effects, especially if the cough is productive (producing phlegm).	https://en.wikipedia.org/wiki/Cough
D003410	Cri-du-Chat Syndrome	Cri du chat syndrome	"Cri du chat syndrome is a rare genetic disorder due to a partial chromosome deletion on chromosome 5. Its name is a French term (""cat-cry"" or ""call of the cat"") referring to the characteristic cat-like cry of affected children. It was first described by Jérôme Lejeune in 1963. The condition affects an estimated 1 in 22,000 live births across all ethnicities and is more common in females by a 4:3 ratio."	https://en.wikipedia.org/wiki/Cri_du_chat_syndrome
D003490	Cyanosis	Cyanosis	Cyanosis is the change of tissue color to a bluish-purple hue, as a result of decrease in the amount of oxygen bound to the hemoglobin in the red blood cells of the capillary bed. Cyanosis is apparent usually in the body tissues covered with thin skin, including the mucous membranes, lips, nail beds, and ear lobes. Some medications may cause discoloration such as medications containing amiodarone or silver. Furthermore, mongolian spots, large birthmarks, and the consumption of food products with blue or purple dyes can also result in the bluish skin tissue discoloration and may be mistaken for cyanosis. Appropriate physical examination and history taking is a crucial part to diagnose cyanosis. Management of cyanosis involves treating the main cause, as cyanosis is not a disease, but rather a symptom. Cyanosis is further classified into central cyanosis and peripheral cyanosis.	https://en.wikipedia.org/wiki/Cyanosis
D003635	De Lange Syndrome		Description not found.	
D003638	Deafness	Deafness	"Deafness has varying definitions in cultural and medical contexts. In medical contexts, the meaning of deafness is hearing loss that precludes a person from understanding spoken language, an audiological condition. In this context, it is written with a lower case d. It later came to be used in a cultural context to refer to those who primarily communicate with through sign language regardless of hearing ability, often capitalized as Deaf and referred to as ""big D Deaf"" in speech and sign. The two definitions overlap but are not identical, as hearing loss includes cases that are not severe enough to impact spoken language comprehension, while cultural Deafness includes hearing people who use a sign language, such as children of Deaf adults. When talking about deafness in both senses of the word, it can be written as d/Deafness or D/deafness."	https://en.wikipedia.org/wiki/Deafness
D003639	Hearing Loss, Sudden		Description not found.	
D003655	Decerebrate State		Description not found.	
D003693	Delirium	Delirium	Delirium (formerly acute confusional state, an ambiguous term that is now discouraged) is a specific state of acute confusion attributable to the direct physiological consequence of a medical condition, effects of a psychoactive substance, or multiple causes, which usually develops over the course of hours to days. As a syndrome, delirium presents with disturbances in attention, awareness, and higher-order cognition. People with delirium may experience other neuropsychiatric disturbances including changes in psychomotor activity (e.g., hyperactive, hypoactive, or mixed level of activity), disrupted sleep–wake cycle, emotional disturbances, disturbances of consciousness, or altered state of consciousness, as well as perceptual disturbances (e.g., hallucinations and delusions), although these features are not required for diagnosis. Diagnostically, delirium encompasses both the syndrome of acute confusion and its underlying organic process, known as an acute encephalopathy. The cause of delirium may be either a disease process inside the brain or a process outside the brain that nonetheless affects the brain. Delirium may be the result of an underlying medical condition (e.g., infection or hypoxia), side effect of a medication such as diphenhydramine, promethazine, and dicyclomine, substance intoxication (e.g., opioids or hallucinogenic deliriants), substance withdrawal (e.g., alcohol or sedatives), or from multiple factors affecting one's overall health (e.g., malnutrition, pain, etc.). In contrast, the emotional and behavioral features due to primary psychiatric disorders (e.g., as in schizophrenia, bipolar disorder) do not meet the diagnostic criteria for 'delirium'. Delirium may be difficult to diagnose without first establishing a person's usual mental function or 'cognitive baseline'. Delirium may be confused with multiple psychiatric disorders or chronic organic brain syndromes because of many overlapping signs and symptoms in common with dementia, depression, psychosis, etc. Delirium may occur in persons with existing mental illness, baseline intellectual disability, or dementia, entirely unrelated to any of these conditions. Delirium is often confused with schizophrenia, psychosis, organic brain syndromes, and more, because of similar signs and symptoms of these disorders. Treatment of delirium requires identifying and managing the underlying causes, managing delirium symptoms, and reducing the risk of complications. In some cases, temporary or symptomatic treatments are used to comfort the person or to allow other care (e.g., preventing people from pulling out a breathing tube). Antipsychotics are not supported for the treatment or prevention of delirium among those who are in hospital; however, they may be used in cases where a person has distressing experiences such as hallucinations or if the person poses a danger to themselves or others. When delirium is caused by alcohol or sedative-hypnotic withdrawal, benzodiazepines are typically used as a treatment. There is evidence that the risk of delirium in hospitalized people can be reduced by non-pharmacological care bundles (see Delirium § Prevention). According to the text of DSM-5-TR, although delirium affects only 1–2% of the overall population, 18–35% of adults presenting to the hospital will have delirium, and delirium will occur in 29–65% of people who are hospitalized. Delirium occurs in 11–51% of older adults after surgery, in 81% of those in the ICU, and in 20–22% of individuals in nursing homes or post-acute care settings. Among those requiring critical care, delirium is a risk factor for death within the next year. Because of the confusion caused by similar signs and symptoms of delirium with other neuropsychiatric disorders like schizophrenia and psychosis, treating delirium can be difficult, and might even cause death of the patient due to being treated with the wrong medications.	https://en.wikipedia.org/wiki/Delirium
D003967	Diarrhea	Diarrhea	Diarrhea (American English), also spelled diarrhoea (British English), is the condition of having at least three loose, liquid, or watery bowel movements in a day. It often lasts for a few days and can result in dehydration due to fluid loss. Signs of dehydration often begin with loss of the normal stretchiness of the skin and irritable behaviour. This can progress to decreased urination, loss of skin color, a fast heart rate, and a decrease in responsiveness as it becomes more severe. Loose but non-watery stools in babies who are exclusively breastfed, however, are normal. The most common cause is an infection of the intestines due to a virus, bacterium, or parasite—a condition also known as gastroenteritis. These infections are often acquired from food or water that has been contaminated by feces, or directly from another person who is infected. The three types of diarrhea are: short duration watery diarrhea, short duration bloody diarrhea, and persistent diarrhea (lasting more than two weeks, which can be either watery or bloody). The short duration watery diarrhea may be due to cholera, although this is rare in the developed world. If blood is present, it is also known as dysentery. A number of non-infectious causes can result in diarrhea. These include lactose intolerance, side effect of drug withdrawal, irritable bowel syndrome, non-celiac gluten sensitivity, celiac disease, inflammatory bowel disease such as ulcerative colitis, hyperthyroidism, bile acid diarrhea, and a number of medications. In most cases, stool cultures to confirm the exact cause are not required. Diarrhea can be prevented by improved sanitation, clean drinking water, and hand washing with soap. Breastfeeding for at least six months and vaccination against rotavirus is also recommended. Oral rehydration solution (ORS)—clean water with modest amounts of salts and sugar—is the treatment of choice. Zinc tablets are also recommended. These treatments have been estimated to have saved 50 million children in the past 25 years. When people have diarrhea it is recommended that they continue to eat healthy food, and babies continue to be breastfed. If commercial ORS is not available, homemade solutions may be used. In those with severe dehydration, intravenous fluids may be required. Most cases, however, can be managed well with fluids by mouth. Antibiotics, while rarely used, may be recommended in a few cases such as those who have bloody diarrhea and a high fever, those with severe diarrhea following travelling, and those who grow specific bacteria or parasites in their stool. Loperamide may help decrease the number of bowel movements but is not recommended in those with severe disease. About 1.7 to 5 billion cases of diarrhea occur per year. It is most common in developing countries, where young children get diarrhea on average three times a year. Total deaths from diarrhea are estimated at 1.53 million in 2019—down from 2.9 million in 1990. In 2012, it was the second most common cause of deaths in children younger than five (0.76 million or 11%). Frequent episodes of diarrhea are also a common cause of malnutrition and the most common cause in those younger than five years of age. Other long term problems that can result include stunted growth and poor intellectual development.	https://en.wikipedia.org/wiki/Diarrhea
D003968	Diarrhea, Infantile		Description not found.	
D004172	Diplopia	Diplopia	Diplopia is the simultaneous perception of two images of a single object that may be displaced in relation to each other. Also called double vision, it is a loss of visual focus under regular conditions, and is often voluntary. However, when occurring involuntarily, it results from impaired function of the extraocular muscles, where both eyes are still functional, but they cannot turn to target the desired object. Problems with these muscles may be due to mechanical problems, disorders of the neuromuscular junction, disorders of the cranial nerves (III, IV, and VI) that innervate the muscles, and occasionally disorders involving the supranuclear oculomotor pathways or ingestion of toxins. Diplopia can be one of the first signs of a systemic disease, particularly to a muscular or neurological process, and it may disrupt a person's balance, movement, or reading abilities.	https://en.wikipedia.org/wiki/Diplopia
D004244	Dizziness	Dizziness	Dizziness is an imprecise term that can refer to a sense of disorientation in space, vertigo, or lightheadedness. It can also refer to disequilibrium or a non-specific feeling, such as giddiness or foolishness. Dizziness is a common medical complaint, affecting 20–30% of persons. Dizziness is broken down into four main subtypes: vertigo (~25–50%), disequilibrium (less than ~15%), presyncope (less than ~15%), and nonspecific dizziness (~10%).  Vertigo is the sensation of spinning or having one's surroundings spin about them. Many people find vertigo very disturbing and often report associated nausea and vomiting. Presyncope describes lightheadedness or feeling faint; the name relates to syncope, which is actually fainting. Disequilibrium is the sensation of being off balance and is most often characterized by frequent falls in a specific direction.  This condition is not often associated with nausea or vomiting. Non-specific dizziness such as persistent postural-perceptual dizziness may be psychiatric in origin.  It is a diagnosis of exclusion and can sometimes be brought about by hyperventilation.	https://en.wikipedia.org/wiki/Dizziness
D004314	Down Syndrome	Down syndrome	Down syndrome or Down's syndrome, also known as trisomy 21, is a genetic disorder caused by the presence of all or part of a third copy of chromosome 21. It is usually associated with developmental delays, mild to moderate intellectual disability, and characteristic physical features. The parents of the affected individual are usually genetically normal. The incidence of the syndrome increases with the age of the mother, from less than 0.1% for 20-year-old mothers to 3% for those of age 45. It is believed to occur by chance, with no known behavioral activity or environmental factor that changes the probability. Three different genetic forms have been identified. The most common, trisomy 21, involves an extra copy of chromosome 21 in all cells. The extra chromosome is provided at conception as the egg and sperm combine. Translocation Down syndrome involves attachment of extra chromosome 21 material. In 1–2% of cases, the additional chromosome is added in the embryo stage and only affects some of the cells in the body; this is known as mosaic Down syndrome. Down syndrome can be identified during pregnancy by prenatal screening, followed by diagnostic testing, or after birth by direct observation and genetic testing. Since the introduction of screening, Down syndrome pregnancies are often aborted (rates varying from 50 to 85% depending on maternal age, gestational age, and maternal race/ethnicity). There is no cure for Down syndrome. Education and proper care have been shown to provide better quality of life. Some children with Down syndrome are educated in typical school classes, while others require more specialized education. Some individuals with Down syndrome graduate from high school, and a few attend post-secondary education. In adulthood, about 20% in the United States do some paid work, with many requiring a sheltered work environment. Caregiver support in financial and legal matters is often needed. Life expectancy is around 50 to 60 years in the developed world, with proper health care. Regular screening for health issues common in Down syndrome is recommended throughout the person's life. Down syndrome is the most common chromosomal abnormality, occurring in about 1 in 1,000 babies born worldwide, and one in 700 in the US. In 2015, there were 5.4 million people with Down syndrome globally, of whom 27,000 died, down from 43,000 deaths in 1990. The syndrome is named after British physician John Langdon Down, who dedicated his medical practice to the cause. Some aspects were described earlier by French psychiatrist Jean-Étienne Dominique Esquirol in 1838 and French physician Édouard Séguin in 1844. The genetic cause was discovered in 1959.	https://en.wikipedia.org/wiki/Down_syndrome
D004401	Dysarthria	Dysarthria	"Dysarthria is a speech sound disorder resulting from neurological injury of the motor component of the motor–speech system and is characterized by poor articulation of phonemes. Those affected lack sufficient control of the muscles used for speech to pronounce words clearly. Dysarthria is unrelated to problems with understanding language (that is, dysphasia or aphasia), although a person can have both. Any of the speech subsystems (respiration, phonation, resonance, prosody, and articulation) can be affected, leading to impairments in intelligibility, audibility, naturalness, and efficiency of vocal communication. Dysarthria that has progressed to a total loss of speech is referred to as anarthria. The term dysarthria was formed from the Greek components dys- ""dysfunctional, impaired"" and arthr- ""joint, vocal articulation"". Neurological injury due to damage in the central or peripheral nervous system may result in weakness, paralysis, or a lack of coordination of the motor–speech system, producing dysarthria. These effects in turn hinder control over the tongue, throat, lips or lungs; for example, swallowing problems (dysphagia) are also often present in those with dysarthria. Cranial nerves that control the muscles relevant to dysarthria include the trigeminal nerve's motor branch (V), the facial nerve (VII), the glossopharyngeal nerve (IX), the vagus nerve (X), and the hypoglossal nerve (XII). Dysarthria does not include speech disorders from structural abnormalities, such as cleft palate and must not be confused with apraxia of speech, which refers to problems in the planning and programming aspect of the motor–speech system. Just as the term ""articulation"" can mean either ""speech"" or ""joint movement"", so is the combining form of arthr- the same in the terms ""dysarthria"", ""dysarthrosis"", and ""arthropathy""; the term ""dysarthria"" is conventionally reserved for the speech problem and is not used to refer to arthropathy, whereas ""dysarthrosis"" has both senses but usually refers to arthropathy."	https://en.wikipedia.org/wiki/Dysarthria
D004408	Dysgeusia	Dysgeusia	Dysgeusia, also known as parageusia, is a distortion of the sense of taste. Dysgeusia is also often associated with ageusia, which is the complete lack of taste, and hypogeusia, which is a decrease in taste sensitivity. An alteration in taste or smell may be a secondary process in various disease states, or it may be the primary symptom. The distortion in the sense of taste is the only symptom, and diagnosis is usually complicated since the sense of taste is tied together with other sensory systems. Common causes of dysgeusia include chemotherapy, asthma treatment with albuterol, and zinc deficiency. Liver disease, hypothyroidism, and rarely, certain types of seizures can also lead to dysgeusia. Different drugs can also be responsible for altering taste and resulting in dysgeusia. Due to the variety of causes of dysgeusia, there are many possible treatments that are effective in alleviating or terminating the symptoms. These include artificial saliva, pilocarpine, zinc supplementation, alterations in drug therapy, and alpha lipoic acid.	https://en.wikipedia.org/wiki/Dysgeusia
D004409	Dyskinesia, Drug-Induced		Description not found.	
D004410	Dyslexia	Dyslexia	"Dyslexia, also known as word blindness, is a learning disability that affects either reading, writing, or speaking. Different people are affected to different degrees. Problems may include difficulties in spelling words, reading quickly, writing words, ""sounding out"" words in the head, pronouncing words when reading aloud and understanding what one reads. Often these difficulties are first noticed at school. The difficulties are involuntary, and people with this disorder have a normal desire to learn. People with dyslexia have higher rates of attention deficit hyperactivity disorder (ADHD), developmental language disorders, and difficulties with numbers. Dyslexia is believed to be caused by the interaction of genetic and environmental factors. Some cases run in families. Dyslexia that develops due to a traumatic brain injury, stroke, or dementia is sometimes called ""acquired dyslexia"" or alexia. The underlying mechanisms of dyslexia result from differences within the brain's language processing. Dyslexia is diagnosed through a series of tests of memory, vision, spelling, and reading skills. Dyslexia is separate from reading difficulties caused by hearing or vision problems or by insufficient teaching or opportunity to learn. Treatment involves adjusting teaching methods to meet the person's needs. While not curing the underlying problem, it may decrease the degree or impact of symptoms. Treatments targeting vision are not effective. Dyslexia is the most common learning disability and occurs in all areas of the world. It affects 3–7% of the population; however, up to 20% of the general population may have some degree of symptoms. While dyslexia is more often diagnosed in boys, this is partly explained by a self-fulfilling referral bias among teachers and professionals. It has even been suggested that the condition affects men and women equally. Some believe that dyslexia is best considered as a different way of learning, with both benefits and downsides."	https://en.wikipedia.org/wiki/Dyslexia
D004411	Dyslexia, Acquired		Description not found.	
D004412	Dysmenorrhea	Dysmenorrhea	Dysmenorrhea, also known as period pain, painful periods or menstrual cramps, is pain during menstruation. Its usual onset occurs around the time that menstruation begins. Symptoms typically last less than three days. The pain is usually in the pelvis or lower abdomen. Other symptoms may include back pain, diarrhea or nausea. Dysmenorrhea can occur without an underlying problem. Underlying issues that can cause dysmenorrhea include uterine fibroids, adenomyosis, and most commonly, endometriosis. It is more common among those with heavy periods, irregular periods, those whose periods started before twelve years of age and those who have a low body weight. A pelvic exam and ultrasound in individuals who are sexually active may be useful for diagnosis. Conditions that should be ruled out include ectopic pregnancy, pelvic inflammatory disease, interstitial cystitis and chronic pelvic pain. Dysmenorrhea occurs less often in those who exercise regularly and those who have children early in life. Treatment may include the use of a heating pad. Medications that may help include NSAIDs such as ibuprofen, hormonal birth control and the IUD with progestogen. Taking vitamin B1 or magnesium may help. Evidence for yoga, acupuncture and massage is insufficient. Surgery may be useful if certain underlying problems are present. Estimates of the percentage of female adolescents and women of reproductive age affected are between 50% and 90%, and the Women's Health Concern estimates it to be around 80%. It is the most common menstrual disorder. Typically, it starts within a year of the first menstrual period. When there is no underlying cause, often the pain improves with age or following having a child.	https://en.wikipedia.org/wiki/Dysmenorrhea
D004415	Dyspepsia	Indigestion	"Indigestion, also known as dyspepsia or upset stomach, is a condition of impaired digestion. Symptoms may include upper abdominal fullness, heartburn, nausea, belching, flatulence or upper abdominal pain. People may also experience feeling full earlier than expected when eating. Indigestion is relatively common, affecting 20% of people at some point during their life, and is frequently caused by gastroesophageal reflux disease (GERD) or gastritis. Indigestion is subcategorized as either ""organic"" or ""functional dyspepsia"", but making the diagnosis can prove challenging for physicians. Organic indigestion is the result of an underlying disease, such as gastritis, peptic ulcer disease (an ulcer of the stomach or duodenum), or cancer. Functional indigestion (previously called non-ulcer dyspepsia) is indigestion without evidence of underlying disease. Functional indigestion is estimated to affect about 15% of the general population in western countries and accounts for a majority of dyspepsia cases. In patients who are 60 or older, or who have worrisome symptoms such as trouble swallowing, weight loss, or blood loss, an endoscopy (a procedure whereby a camera attached to a flexible tube is inserted down the throat and into the stomach) is recommended to further assess and find a potential cause. In patients younger than 60 years of age, testing for the bacteria H. pylori and if positive, treatment of the infection is recommended."	https://en.wikipedia.org/wiki/Indigestion
D004417	Dyspnea	Shortness of breath	"Shortness of breath (SOB), known as dyspnea (in AmE) or dyspnoea (in BrE), is an uncomfortable feeling of not being able to breathe well enough. The American Thoracic Society defines it as ""a subjective experience of breathing discomfort that consists of qualitatively distinct sensations that vary in intensity"", and recommends evaluating dyspnea by assessing the intensity of its distinct sensations, the degree of distress and discomfort involved, and its burden or impact on the patient's activities of daily living. Distinct sensations include effort/work to breathe, chest tightness or pain, and ""air hunger"" (the feeling of not enough oxygen). The tripod position is often assumed to be a sign. Dyspnea is a normal symptom of heavy physical exertion but becomes pathological if it occurs in unexpected situations, when resting or during light exertion. In 85% of cases it is due to asthma, pneumonia, Laryngopharyngeal reflux, cardiac ischemia, COVID-19, interstitial lung disease, congestive heart failure, chronic obstructive pulmonary disease, or psychogenic causes, such as panic disorder and anxiety (see Psychogenic disease and Psychogenic pain). The best treatment to relieve or even remove shortness of breath typically depends on the underlying cause."	https://en.wikipedia.org/wiki/Shortness_of_breath
D004418	Dyspnea, Paroxysmal		Description not found.	
D004421	Dystonia	Dystonia	Dystonia is a neurological hyperkinetic movement disorder  in which sustained or repetitive muscle contractions occur involuntarily, resulting in twisting and repetitive movements or abnormal fixed postures. The movements may resemble a tremor. Dystonia is often intensified or exacerbated by physical activity, and symptoms may progress into adjacent muscles. The disorder may be hereditary or caused by other factors such as birth-related or other physical trauma, infection, poisoning (e.g., lead poisoning) or reaction to pharmaceutical drugs, particularly neuroleptics, or stress. Treatment must be highly customized to the needs of the individual and may include oral medications, chemodenervation botulinum neurotoxin injections, physical therapy, or other supportive therapies, and surgical procedures such as deep brain stimulation.	https://en.wikipedia.org/wiki/Dystonia
D004433	Earache	Ear pain	Ear pain, also known as earache or otalgia, is pain in the ear. Primary ear pain is pain that originates from the ear. Secondary ear pain is a type of referred pain, meaning that the source of the pain differs from the location where the pain is felt. Most causes of ear pain are non-life-threatening. Primary ear pain is more common than secondary ear pain, and it is often due to infection or injury. The conditions that cause secondary (referred) ear pain are broad and range from temporomandibular joint syndrome to inflammation of the throat. In general, the reason for ear pain can be discovered by taking a thorough history of all symptoms and performing a physical examination, without need for imaging tools like a CT scan. However, further testing may be needed if red flags are present like hearing loss, dizziness, ringing in the ear or unexpected weight loss. Management of ear pain depends on the cause. If there is a bacterial infection, antibiotics are sometimes recommended and over the counter pain medications can help control discomfort. Some causes of ear pain require a procedure or surgery. 83 percent of children have at least one episode of a middle ear infection by three years of age.	https://en.wikipedia.org/wiki/Ear_pain
D004438	Ecchymosis	Bruise	"A bruise, also known as a contusion, is a type of hematoma of tissue, the most common cause being capillaries damaged by trauma, causing localized bleeding that extravasates into the surrounding interstitial tissues. Most bruises occur close enough to the epidermis such that the bleeding causes a visible discoloration. The bruise then remains visible until the blood is either absorbed by tissues or cleared by immune system action. Bruises which do not blanch under pressure can involve capillaries at the level of skin, subcutaneous tissue, muscle, or bone.  Bruises are not to be confused with other similar-looking lesions. Such lesions include petechia (less than 3 mm (0.12 in), resulting from numerous and diverse etiologies such as adverse reactions from medications such as warfarin, straining, asphyxiation, platelet disorders and diseases such as cytomegalovirus); and purpura (3–10 mm (0.12–0.39 in)), classified as palpable purpura or non-palpable purpura and indicating various pathologic conditions such as thrombocytopenia. Additionally, although many terminology schemas treat an ecchymosis (plural, ecchymoses) (over 1 cm (0.39 in)) as synonymous with a bruise, in some other schemas, an ecchymosis is differentiated by its remoteness from the source and cause of bleeding, with blood dissecting through tissue planes and settling in an area remote from the site of trauma or even nontraumatic pathology, such as in periorbital ecchymosis (""raccoon eyes""), arising from a basilar skull fracture or from a neuroblastoma. As a type of hematoma, a bruise is always caused by internal bleeding into the interstitial tissues which does not break through the skin, usually initiated by blunt trauma, which causes damage through physical compression and deceleration forces. Trauma sufficient to cause bruising can occur from a wide variety of situations including accidents, falls, and surgeries. Disease states such as insufficient or malfunctioning platelets, other coagulation deficiencies, or vascular disorders, such as venous blockage associated with severe allergies can lead to the formation of purpura which is not to be confused with trauma-related bruising/contusion. If the trauma is sufficient to break the skin and allow blood to escape the interstitial tissues, the injury is not a bruise but bleeding, a different variety of hemorrhage. Such injuries may be accompanied by bruising elsewhere."	https://en.wikipedia.org/wiki/Bruise
D004454	Echolalia	Echolalia	"Echolalia is the repetition of vocalizations made by another person; when repeated by the same person, it is called palilalia. In its profound form it is automatic and effortless. It is one of the echophenomena, closely related to echopraxia, the automatic repetition of movements made by another person; both are ""subsets of imitative behavior"" whereby sounds or actions are imitated ""without explicit awareness"". Echolalia may be an immediate reaction to a stimulus or may be delayed. Echolalia occurs in many cases of autism spectrum disorder, ADHD, and Tourette syndrome. It may also occur in several other neurological conditions such as some forms of dementia or stroke-related aphasia. The word ""echolalia"" is derived from the Greek ἠχώ (ēchō), meaning ""echo"" or ""to repeat"", and λαλιά (laliá) meaning ""speech"" or ""talk"" (of onomatopoeic origin, from the verb λαλέω (laléo), meaning ""to talk"")."	https://en.wikipedia.org/wiki/Echolalia
D004487	Edema	Edema	Edema (American English) or oedema (Commonwealth English), also known as  dropsy, hydropsy, fluid retention, or simply swelling, is the buildup of fluid in a bodily tissue. Most commonly, the legs or arms are affected. Besides observable swelling, symptoms may include skin that feels tight, the area feeling heavy, and joint stiffness. Other symptoms depend on the underlying cause. Causes may include venous insufficiency, heart failure, kidney problems, low protein levels, liver problems, deep vein thrombosis, infections, kwashiorkor, angioedema, certain medications, and lymphedema. It may also occur in people who are immobilized (as by stroke, spinal cord injury, or aging), even temporarily (as by prolonged sitting or standing), and during menstruation or pregnancy. The condition is more concerning if it starts suddenly, or if pain or shortness of breath is present. Treatment depends on the underlying cause. If the underlying mechanism involves sodium retention, decreased salt intake and a diuretic may be used. Elevating the legs and support stockings may be useful for edema of the legs. Older people are more commonly affected. The word is from the Ancient Greek οἴδημα oídēma ('swelling').	https://en.wikipedia.org/wiki/Edema
D004489	Edema, Cardiac		Description not found.	
D004614	Emaciation	Emaciation	Emaciation is defined as the state of extreme thinness from absence of body fat and muscle wasting usually resulting from malnutrition.	https://en.wikipedia.org/wiki/Emaciation
D004688	Encopresis	Encopresis	Encopresis (from Ancient Greek  ἐγκόπρησις, enkóprēsis) is repeated passage of stool in inappropriate places by a child who is developmentally expected to be toilet trained. The term is most commonly used to describe fecal soiling associated with chronic constipation and overflow incontinence, though it may also refer to non-retentive fecal soiling without constipation. In psychiatric classification systems such as the DSM-5, encopresis is categorized as an elimination disorder. This term is usually applied to children, and where the symptom is present in adults, it is more commonly known as fecal incontinence (including fecal soiling, fecal leakage or fecal seepage).	https://en.wikipedia.org/wiki/Encopresis
D004884	Eructation	Belching	Belching (also called burping and eructation) is the audible release of gas from the upper gastrointestinal tract (esophagus and stomach) of humans, and other animals into the pharynx, and usually out through the mouth. In humans, belching can be caused by normal eating processes, or as a side effect of other medical conditions. When belching is excessive, it may be classed as a belching disorder, one of the gastroduodenal disorders. Belching is a frequent symptom of gastroesophageal reflux disease (GERD) but this is distinct from a belching disorder. There is a range of levels of social acceptance for burping: within certain contexts and cultures, burping is acceptable. In some cultures and situations it may even be perceived as humorous, while in others it is seen as impolite or even offensive and therefore unacceptable. An infant often accumulates gas when feeding, and this needs to be vented by way of burping. To burp the baby is the common expression. Belching is also very common among other mammals. In particular, burping by domesticated ruminants, such as cows or sheep, is a major contributor of methane emissions and may have a negative effect on the environment. Significant research is being done to find mitigation strategies for ruminant burping, such as by modifying the animals' diets with Asparagopsis taxiformis, a type of red algae.	https://en.wikipedia.org/wiki/Belching
D005130	Eye Hemorrhage		Description not found.	
D005132	Eye Manifestations		Description not found.	
D005157	Facial Pain		Description not found.	
D005158	Facial Paralysis		Description not found.	
D005183	Failure to Thrive		Description not found.	
D005207	Fasciculation	Fasciculation	A fasciculation, or muscle twitch, is a spontaneous, involuntary muscle contraction and relaxation, involving fine muscle fibers. They are common, with as many as 70% of people experiencing them. They can be benign, or associated with more serious conditions.  When no cause or pathology is identified, they are diagnosed as benign fasciculation syndrome.	https://en.wikipedia.org/wiki/Fasciculation
D005221	Fatigue	Fatigue	Fatigue is a state of being without energy for a prolonged period of time. The word fatigue is used in two contexts: in the medical sense, and in the sense of normal tiredness. In the medical sense, fatigue is seen as a symptom, and is sometimes associated with medical conditions including autoimmune disease, organ failure, mood disorders, heart disease, infectious diseases, and post-infectious-disease states. However, fatigue is complex and in up to a third of primary care cases no medical or psychiatric diagnosis is found. In the sense of tiredness, fatigue often follows prolonged physical or mental activity. Physical fatigue results from muscle fatigue brought about by intense physical activity. Mental fatigue results from prolonged periods of cognitive activity which impairs cognitive ability, can manifest as sleepiness, lethargy, or directed attention fatigue, and can also impair physical performance.	https://en.wikipedia.org/wiki/Fatigue
D005222	Mental Fatigue		Description not found.	
D005262	Feminization	Feminization	"Feminization most commonly refers to:  Feminization (sociology), a perceived societal shift of gender roles toward the characteristically ""female"" Feminization (biology), the hormonally induced development of female sexual characteristics Feminization (sexual activity), a sexual or lifestyle practice where a person assumes a female role Feminization may also refer to:"	https://en.wikipedia.org/wiki/Feminization
D005311	Fetal Hypoxia		Description not found.	
D005316	Fetal Distress		Description not found.	
D005320	Fetal Macrosomia		Description not found.	
D005334	Fever	Fever	"Fever or pyrexia in humans is a symptom of an anti-infection defense mechanism that appears with body temperature exceeding the normal range caused by an increase in the body's temperature set point in the hypothalamus. There is no single agreed-upon upper limit for normal temperature: sources use values ranging between 37.2 and 38.3 °C (99.0 and 100.9 °F) in humans. The increase in set-point triggers increased muscle contractions and causes a feeling of cold or chills. This results in greater heat production and efforts to conserve heat. When the set-point temperature returns to normal, a person feels hot, becomes flushed, and may begin to sweat. Rarely a fever may trigger a febrile seizure, with this being more common in young children. Fevers do not typically go higher than 41 to 42 °C (106 to 108 °F). A fever can be caused by many medical conditions ranging from non-serious to life-threatening. This includes viral, bacterial, and parasitic infections—such as influenza, the common cold, meningitis, urinary tract infections, appendicitis, Lassa fever, COVID-19, and malaria. Non-infectious causes include vasculitis, deep vein thrombosis, connective tissue disease, side effects of medication or vaccination, and cancer. It differs from hyperthermia, in that hyperthermia is an increase in body temperature over the temperature set point, due to either too much heat production or not enough heat loss. Treatment to reduce fever is generally not required. Treatment of associated pain and inflammation, however, may be useful and help a person rest. Medications such as ibuprofen or paracetamol (acetaminophen) may help with this as well as lower temperature. Children younger than three months require medical attention, as might people with serious medical problems such as a compromised immune system or people with other symptoms. Hyperthermia requires treatment. Fever is one of the most common medical signs. It is part of about 30% of healthcare visits by children and occurs in up to 75% of adults who are seriously sick. While fever evolved as a defense mechanism, treating a fever does not appear to improve or worsen outcomes. Fever is often viewed with greater concern by parents and healthcare professionals than is usually deserved, a phenomenon known as ""fever phobia""."	https://en.wikipedia.org/wiki/Fever
D005335	Fever of Unknown Origin		Description not found.	
D005414	Flatulence	Flatulence	"Flatulence is the expulsion of gas from the intestines via the anus, commonly referred to as farting. ""Flatus"" is the medical word for gas generated in the stomach or bowels. A proportion of intestinal gas may be swallowed environmental air; hence, flatus is not entirely generated in the stomach or bowels. The scientific study of this area of medicine is termed flatology.  Passing gas is a normal bodily process. Flatus is brought to the rectum and pressurized by muscles in the intestines. It is normal to pass flatus (""to fart""), though volume and frequency vary greatly among individuals. It is also normal for intestinal gas to have a feculent or unpleasant odor, which may be intense. The noise commonly associated with flatulence is produced by the anus and buttocks, which act together in a manner similar to that of an embouchure. Both the sound and odor are sources of embarrassment, annoyance or amusement (flatulence humor). Many societies have a  taboo about flatus. Thus, many people either let their flatus out quietly or even hold it completely. However, holding flatus inside the bowels for long periods is not healthy. There are several general symptoms related to intestinal gas: pain, bloating and abdominal distension, excessive flatus volume, excessive flatus odor, and gas incontinence. Furthermore, eructation (colloquially known as ""burping"") is sometimes included under the topic of flatulence. When excessive or malodorous, flatus can be a sign of a health disorder, such as irritable bowel syndrome, celiac disease or lactose intolerance."	https://en.wikipedia.org/wiki/Flatulence
D005483	Flushing	Flushing	Flushing may refer to:	https://en.wikipedia.org/wiki/Flushing
D005600	Fragile X Syndrome	Fragile X syndrome	Fragile X syndrome (FXS) is a genetic neurodevelopmental disorder. The average IQ in males with FXS is under 55, while affected females tend to be in the borderline to normal range, typically around 70–85. Physical features may include a long and narrow face, large ears, flexible fingers, and large testicles. About a third of those affected have features of autism such as problems with social interactions and delayed speech. Hyperactivity is common, and seizures occur in about 10%. Males are usually more affected than females. This disorder and finding of fragile X syndrome has an X-linked dominant inheritance. It is typically caused by an expansion of the CGG triplet repeat within the FMR1 (fragile X messenger ribonucleoprotein 1) gene on the X chromosome. This results in silencing (methylation) of this part of the gene and a deficiency of the resultant protein (FMRP), which is required for the normal development of connections between neurons. Diagnosis requires genetic testing to determine the number of CGG repeats in the FMR1 gene. Normally, there are between 5 and 40 repeats; fragile X syndrome occurs with more than 200. A premutation is said to be present when the gene has between 55 and 200 repeats; females with a premutation have an increased risk of having an affected child. Testing for premutation carriers may allow for genetic counseling. There is no cure or approved medications for treating the condition. Early intervention is recommended, as it provides the most opportunity for developing a full range of skills. These interventions may include special education, occupational therapy, speech therapy, physical therapy, or behavioral therapy. Medications may be used to treat associated anxiety, seizures, mood problems, aggressive behavior, or ADHD. Fragile X syndrome tends to show more symptoms on affected males since females have another X chromosome which can compensate for the damaged one. Fragile X syndrome is the most common cause of inherited intellectual disability, affecting an estimated 1 per 4,000 people. It is also the most common single gene cause of autism.	https://en.wikipedia.org/wiki/Fragile_X_syndrome
D005683	Gagging	Gag	A gag is usually an item or device designed to prevent speech, often as a restraint device to stop the subject from calling for help and keep its wearer silent. This is usually done by blocking the mouth, partially or completely, or attempting to prevent the tongue, lips, or jaw from moving in the normal patterns of speech. The use of gags is commonly depicted in soap operas and crime fiction, particularly in comics, novels and films. Courts have been known to gag certain people, such as the civil rights activist Bobby Seale. This practice has been criticized as inhumane.	https://en.wikipedia.org/wiki/Gag
D005862	Gerstmann Syndrome		Description not found.	
D005884	Gingival Hemorrhage		Description not found.	
D005926	Glossalgia	Burning mouth syndrome	"Burning mouth syndrome (BMS) is a burning, tingling or scalding sensation in the mouth, lasting for at least four to six months, with no underlying known dental or medical cause. No related signs of disease are found in the mouth.  People with burning mouth syndrome may also have a subjective xerostomia (dry mouth sensation where no cause can be found such as reduced salivary flow), paraesthesia (altered sensation such as tingling in the mouth), or an altered sense of taste or smell. A burning sensation in the mouth can be a symptom of another disease when local or systemic factors are found to be implicated; this is not considered to be burning mouth syndrome,  which is a syndrome of medically unexplained symptoms.  The International Association for the Study of Pain defines burning mouth syndrome as ""a distinctive nosological entity characterized by unremitting oral burning or similar pain in the absence of detectable mucosal changes"" and ""burning pain in the tongue or other oral mucous membranes"", and the International Headache Society defines it as ""an intra-oral burning sensation for which no medical or dental cause can be found"". To ensure the correct diagnosis of burning mouth syndrome, Research Diagnostic Criteria (RDC/BMS) have been developed. Insufficient evidence leaves it unclear if effective treatments exist."	https://en.wikipedia.org/wiki/Burning_mouth_syndrome
D006209	Halitosis	Bad breath	Bad breath, also known as halitosis, is a symptom in which a noticeably unpleasant breath odour is present. It can result in anxiety among those affected. It is also associated with depression and symptoms of obsessive compulsive disorder. The concerns of bad breath may be divided into genuine and non-genuine cases. Of those who have genuine bad breath, about 85% of cases come from inside the mouth. The remaining cases are believed to be due to disorders in the nose, sinuses, throat, lungs, esophagus, or stomach. Rarely, bad breath can be due to an underlying serious medical condition such as liver failure, ketoacidosis, or fecal vomiting. Non-genuine cases occur when someone complains of having bad breath, but other people cannot detect it. This is estimated to make up between 5% and 72% of cases. The treatment depends on the underlying cause. Initial efforts may include tongue cleaning, mouthwash, and flossing. Tentative evidence supports the use of mouthwash containing chlorhexidine or cetylpyridinium chloride. While there is tentative evidence of benefit from the use of a tongue cleaner, it is insufficient to draw clear conclusions. Treating underlying disease such as gum disease, tooth decay, tonsil stones, or gastroesophageal reflux disease may help. Counselling may be useful for those who falsely believe that they have bad breath. The estimated rates of bad breath vary from 6% to 50% of the population. Concern about bad breath is the third most common reason people seek dental care, after tooth decay and gum disease. It is believed to become more common as people age. Bad breath is viewed as a social taboo and those affected may be stigmatized. People in the United States spend more than $1 billion per year on mouthwash to treat it.	https://en.wikipedia.org/wiki/Bad_breath
D006212	Hallucinations	Hallucination	"A hallucination is a perception in the absence of an external context stimulus that has the compelling sense of reality. They are distinguishable from several related phenomena, such as dreaming (REM sleep), which does not involve wakefulness; pseudohallucination, which does not mimic real perception, and is accurately perceived as unreal; illusion, which involves distorted or misinterpreted real perception; and mental imagery, which does not mimic real perception, and is under voluntary control. Hallucinations also differ from ""delusional perceptions"", in which a correctly sensed and interpreted stimulus (i.e., a real perception) is given some additional significance. Hallucinations can occur in any sensory modality—visual, auditory, olfactory, gustatory, tactile, proprioceptive, equilibrioceptive, nociceptive, thermoceptive and chronoceptive. Hallucinations are referred to as multimodal if multiple sensory modalities occur. A mild form of hallucination is known as a disturbance, and can occur in most of the senses above. These may be things like seeing movement in peripheral vision, or hearing faint noises or voices. Auditory hallucinations are very common in schizophrenia. They may be benevolent (telling the subject good things about themselves) or malicious (cursing the subject). 55% of auditory hallucinations are malicious in content, for example, people talking about the subject, not speaking to them directly. Like auditory hallucinations, the source of the visual counterpart can also be behind the subject. This can produce a feeling of being looked or stared at, usually with malicious intent. Frequently, auditory hallucinations and their visual counterpart are experienced by the subject together. Hypnagogic hallucinations and hypnopompic hallucinations are considered normal phenomena. Hypnagogic hallucinations can occur as one is falling asleep and hypnopompic hallucinations occur when one is waking up. Hallucinations can be associated with drug use (particularly deliriants), sleep deprivation, psychosis (including stress-related psychosis), neurological disorders, and delirium tremens. Many hallucinations happen also during sleep paralysis. The word ""hallucination"" itself was introduced into the English language by the 17th-century physician Sir Thomas Browne in 1646 from the derivation of the Latin word alucinari meaning to wander in the mind. For Browne, hallucination means a sort of vision that is ""depraved and receive[s] its objects erroneously""."	https://en.wikipedia.org/wiki/Hallucination
D006261	Headache	Headache	A headache, also known as cephalalgia, is the symptom of pain in the face, head, or neck. It can occur as a migraine, tension-type headache, or cluster headache. There is an increased risk of depression in those with severe headaches. Headaches can occur as a result of many conditions. There are a number of different classification systems for headaches. The most well-recognized is that of the International Headache Society, which classifies it into more than 150 types of primary and secondary headaches. Causes of headaches may include dehydration; fatigue; sleep deprivation; stress; the effects of medications (overuse) and recreational drugs, including withdrawal; viral infections; loud noises; head injury; rapid ingestion of a very cold food or beverage; and dental or sinus issues (such as sinusitis). Treatment of a headache depends on the underlying cause, but for mild to moderate headaches, pain relievers are often used. A headache is one of the most commonly experienced of all physical discomforts. About half of adults have a headache in a given year. Tension headaches are the most common, affecting 24.9% of the population followed by migraine headaches which affect 14.1%.	https://en.wikipedia.org/wiki/Headache
D006311	Hearing Disorders		Description not found.	
D006312	Hearing Loss, Bilateral		Description not found.	
D006313	Hearing Loss, Central		Description not found.	
D006314	Hearing Loss, Conductive		Description not found.	
D006315	Hearing Loss, Functional		Description not found.	
D006316	Hearing Loss, High-Frequency		Description not found.	
D006317	Hearing Loss, Noise-Induced		Description not found.	
D006319	Hearing Loss, Sensorineural		Description not found.	
D006337	Heart Murmurs		Description not found.	
D006356	Heartburn	Heartburn	Heartburn is a burning sensation felt behind the breastbone. It is a symptom that is commonly linked to acid reflux and is often triggered by food. Lying down, bending, lifting, and performing certain exercises can exacerbate heartburn. Causes include acid reflux, gastroesophageal reflux disease (GERD), damage to the esophageal lining, bile acid, mechanical stimulation to the esophagus, and esophageal hypersensitivity. Heartburn affects 25% of the population at least once a month. Endoscopy and esophageal pH monitoring can be used to evaluate heartburn. Some causes of heartburn, such as GERD, may be diagnosed based on symptoms alone. Potential differential diagnoses for heartburn include motility disorders, ulcers, inflammation of the esophagus, and medication side effects. Lifestyle changes, such as losing weight and avoiding fatty foods, can improve heartburn. Over-the-counter alginates or antacids can help with mild or occasional heartburn. Heartburn treatment primarily involves antisecretory medications like H2 receptor antagonists (H2RAs) and proton-pump inhibitors (PPIs).	https://en.wikipedia.org/wiki/Heartburn
D006396	Hematemesis	Hematemesis	Hematemesis is the vomiting of blood. It can be confused with hemoptysis (coughing up blood) or epistaxis (nosebleed), which are more common. The source is generally the upper gastrointestinal tract, typically above the suspensory muscle of duodenum. It may be caused by ulcers, tumors of the stomach or esophagus, varices, prolonged and vigorous retching, gastroenteritis, ingested blood (from bleeding in the mouth, nose, or throat), or certain drugs. However, this is not found in stomach viruses (norovirus, rotovirus, etc.) Hematemesis is treated as a medical emergency, with treatments based on the amount of blood loss. Investigations include endoscopy. Any blood loss may be corrected with intravenous fluids and blood transfusions. Patients may need to avoid taking anything by mouth.	https://en.wikipedia.org/wiki/Hematemesis
D006423	Hemianopsia	Hemianopsia	Hemianopsia, or hemianopia, is a loss of vision or blindness (anopsia) in half the visual field, usually on one side of the vertical midline. The most common causes of this damage are stroke, brain tumor, and trauma. This article deals only with permanent hemianopsia, and not with transitory or temporary hemianopsia, as identified by William Wollaston PRS in 1824. Temporary hemianopsia can occur in the aura phase of migraine.	https://en.wikipedia.org/wiki/Hemianopsia
D006429	Hemiplegia	Hemiparesis	Hemiparesis, also called unilateral paresis, is the weakness of one entire side of the body (hemi- meaning 'half'). Hemiplegia, in its most severe form, is the complete paralysis of one entire side of the body. Either hemiparesis or hemiplegia can result from a variety of medical causes, including congenital conditions, blunt trauma, tumors, traumatic brain injury, and stroke.	https://en.wikipedia.org/wiki/Hemiparesis
D006456	Hemoglobinuria	Hemoglobinuria	Hemoglobinuria is a condition in which the oxygen transport protein hemoglobin is found in abnormally high concentrations in the urine. The condition is caused by excessive intravascular hemolysis, in which large numbers of red blood cells (RBCs) are destroyed, thereby releasing free hemoglobin into the plasma. Excess hemoglobin is filtered by the kidneys, which excrete it into the urine, giving urine a discolored appearance.	https://en.wikipedia.org/wiki/Hemoglobinuria
D006469	Hemoptysis	Hemoptysis	Hemoptysis or haemoptysis is the discharge of blood or blood-stained mucus through the mouth coming from the bronchi, larynx, trachea, or lungs. In other words, it is the airway bleeding, and does not necessarily involve coughing. This can occur with lung cancer, infections such as tuberculosis, bronchitis, or pneumonia, and certain cardiovascular conditions. Hemoptysis is considered massive at 300 mL (11 imp fl oz; 10 US fl oz).  In such cases, there are always severe injuries. The primary danger comes from choking, rather than blood loss.	https://en.wikipedia.org/wiki/Hemoptysis
D006472	Oral Hemorrhage		Description not found.	
D006606	Hiccup	Hiccup	"A hiccup (scientific name singultus, from Latin for ""sob, hiccup""; also spelled hiccough) is an involuntary contraction (myoclonic jerk) of the diaphragm that may repeat several times per minute. The hiccup is an involuntary action involving a reflex arc. Once triggered, the reflex causes a contraction of the diaphragm followed by the closure of the glottis, the space between the vocal cords, in about 35 milliseconds, which results in the ""hic"" sound. Hiccups may occur individually or in bouts. The rhythm of the hiccup, or the time between hiccups, tends to be relatively constant. A bout of hiccups generally resolves itself without intervention, although many home remedies are often used to attempt to shorten the duration. Medical treatment is occasionally necessary in cases of chronic hiccups."	https://en.wikipedia.org/wiki/Hiccup
D006628	Hirsutism	Hirsutism	"Hirsutism is excessive body hair on parts of the body where hair is normally absent or minimal. The word is from the early 17th century: from Latin hirsutus meaning ""hairy"". It usually refers to a male pattern of hair growth in a female that may be a sign of a more serious medical condition, especially if it develops well after puberty. Cultural stigma against hirsutism can cause much psychological distress and social difficulty. Discrimination based on facial hirsutism often leads to the avoidance of social situations and to symptoms of anxiety and depression. Hirsutism is usually the result of an underlying endocrine imbalance, which may be adrenal, ovarian, or central. It can be caused by increased levels of androgen hormones. The amount and location of the hair is measured by a Ferriman–Gallwey score. It is different from hypertrichosis, which is excessive hair growth anywhere on the body. Treatments may include certain birth control pills, antiandrogens, or insulin sensitizers. Hirsutism affects between 5 and 15% of women across all ethnic backgrounds. Depending on the definition and the underlying data, approximately 40% of women have some degree of facial hair. About 10 to 15% of cases of hirsutism are idiopathic with no known cause."	https://en.wikipedia.org/wiki/Hirsutism
D006685	Hoarseness	Hoarse voice	"A hoarse voice, also known as dysphonia or hoarseness, is when the voice involuntarily sounds breathy, raspy, or strained, or is softer in volume or lower in pitch. A hoarse voice can be associated with a feeling of unease or scratchiness in the throat. Hoarseness is often a symptom of problems in the vocal folds of the larynx. It may be caused by laryngitis, which in turn may be caused by an upper respiratory infection, a cold, or allergies. Cheering at sporting events, speaking loudly in noisy environments, talking for too long without resting one's voice, singing loudly, or speaking with a voice that is too high or too low can also cause temporary hoarseness. Smoking can also contribute to a hoarse voice. A number of other causes for losing one's voice exist, and treatment is generally by resting the voice and treating the underlying cause. If the cause is misuse or overuse of the voice, drinking plenty of water may alleviate the problems. It appears to occur more commonly in females and the elderly. Furthermore, certain occupational groups, such as teachers and singers, are at an increased risk. Long-term hoarseness, or hoarseness that persists over three weeks, especially when not associated with a cold or flu should be assessed by a medical doctor. It is also recommended to see a doctor if hoarseness is associated with coughing up blood, difficulties swallowing, a lump in the neck, pain when speaking or swallowing, difficulty breathing, or complete loss of voice for more than a few days. For voice to be classified as ""dysphonic"", abnormalities must be present in one or more vocal parameters: pitch, loudness, quality, or variability. Perceptually, dysphonia can be characterised by hoarse, breathy, harsh, or rough vocal qualities, but some kind of phonation remains. Dysphonia can be categorized into two broad main types: organic and functional, and classification is based on the underlying pathology. While the causes of dysphonia can be divided into five basic categories, all of them result in an interruption of the ability of the vocal folds to vibrate normally during exhalation, which affects the voice. The assessment and diagnosis of dysphonia is done by a multidisciplinary team and involves the use of a variety of subjective and objective measures, which look at both the quality of the voice as well as the physical state of the larynx. Multiple treatments have been developed to address organic and functional causes of dysphonia. Dysphonia can be targeted through direct therapy, indirect therapy, medical treatments, and surgery. Functional dysphonias may be treated through direct and indirect voice therapies, whereas surgeries are recommended for chronic, organic dysphonias."	https://en.wikipedia.org/wiki/Hoarse_voice
D006732	Horner Syndrome		Description not found.	
D006816	Huntington Disease	Huntington's disease	"Huntington's disease (HD), also known as Huntington's chorea, is a fatal neurodegenerative disease that is usually inherited. It typically presents as a triad of progressive psychiatric, cognitive, and motor symptoms. The earliest symptoms are often subtle problems with mood or mental/psychiatric abilities, which precede the motor symptoms for many people. The definitive physical symptoms, including a general lack of coordination and an unsteady gait, eventually follow. Over time, the basal ganglia region of the brain gradually becomes damaged. The disease is primarily characterized by a distinctive hyperkinetic movement disorder known as chorea. Chorea classically presents as uncoordinated, involuntary, ""dance-like"" body movements that become more apparent as the disease advances. Physical abilities gradually worsen until coordinated movement becomes difficult and the person is unable to talk. Mental abilities generally decline into dementia, depression, apathy, and impulsivity at times. The specific symptoms vary somewhat among cases. Symptoms can start at any age, but are usually first seen around the age of 40. The disease may develop earlier in each successive generation. About eight percent of cases start before the age of 20 years, and are known as juvenile HD, which typically present with the slow movement symptoms of Parkinson's disease rather than those of chorea. HD is typically inherited from an affected parent, who carries a mutation in the huntingtin gene (HTT), which encodes the  huntingtin protein. However, up to 10% of cases are due to a new mutation. Expansion of CAG repeats (known as a trinucleotide repeat expansion) in the gene coding for the huntingtin protein results in an abnormal mutant protein (mHTT), which gradually damages brain cells through a number of possible mechanisms. The mutant protein is dominant, so having one parent who is a carrier of the trait is sufficient to trigger the disease in their children. Diagnosis is by genetic testing, which can be carried out at any time, regardless of whether or not symptoms are present. This fact raises several ethical debates: the age at which an individual is considered mature enough to choose testing; whether parents have the right to have their children tested; and managing confidentiality and disclosure of test results. No cure for HD is known, and full-time care is required in the later stages. Treatments can relieve some symptoms and possibly improve quality of life. The best evidence for treatment of the movement problems is with tetrabenazine. HD affects about 4 to 15 in 100,000 people of European descent. It is rare among the Finnish and the Japanese, while the incidence in Africa is unknown. The disease affects males and females equally. Complications such as pneumonia, heart disease, and physical injury from falls reduce life expectancy; fatal aspiration pneumonia is commonly cited as the ultimate cause of death for those with the condition. Suicide is the cause of death in about 9% of cases. Death typically occurs 15–20 years from when the disease was first detected. The earliest known description of the disease was in 1841 by the American physician Charles Oscar Waters. The condition was described in further detail in 1872 by the American physician George Huntington. The genetic basis was discovered in 1993 by an international collaborative effort led by the Hereditary Disease Foundation. Research and support organizations began forming in the late 1960s to increase public awareness, provide support for the afflicted and their families, and promote research. Research directions include determining the exact mechanism of the disease, improving animal models to aid with research, testing of medications and their delivery to treat symptoms or slow the progression of the disease, and studying procedures such as stem-cell therapy with the goal of replacing damaged or lost neurons."	https://en.wikipedia.org/wiki/Huntington%27s_disease
D006930	Hyperalgesia	Hyperalgesia	Hyperalgesia ( or ; hyper from  Greek ὑπέρ (huper) 'over' + -algesia from Greek ἄλγος (algos) 'pain') is an abnormally increased sensitivity to pain, which may be caused by damage to nociceptors or peripheral nerves and can cause hypersensitivity to stimulus. Prostaglandins E and F are largely responsible for sensitizing the nociceptors. Temporary increased sensitivity to pain also occurs as part of sickness behavior, the evolved response to infection.	https://en.wikipedia.org/wiki/Hyperalgesia
D006935	Hypercapnia	Hypercapnia	"Hypercapnia (from the Greek hyper, ""above"" or ""too much"" and kapnos, ""smoke""), also known as hypercarbia and CO2 retention, is a condition of abnormally elevated carbon dioxide (CO2) levels in the blood. Carbon dioxide is a gaseous product of the body's metabolism and is normally expelled through the lungs.  Carbon dioxide may accumulate in any condition that causes hypoventilation, a reduction of alveolar ventilation (the clearance of air from the small sacs of the lung where gas exchange takes place) as well as resulting from inhalation of CO2. Inability of the lungs to clear carbon dioxide, or inhalation of elevated levels of CO2, leads to respiratory acidosis. Eventually the body compensates for the raised acidity by retaining alkali in the kidneys, a process known as ""metabolic compensation"". Acute hypercapnia is called acute hypercapnic respiratory failure (AHRF) and is a medical emergency as it generally occurs in the context of acute illness. Chronic hypercapnia, where metabolic compensation is usually present, may cause symptoms but is not generally an emergency. Depending on the scenario both forms of hypercapnia may be treated with medication, with mask-based non-invasive ventilation or with mechanical ventilation. Hypercapnia is a hazard of underwater diving associated with breath-hold diving, scuba diving, particularly on rebreathers, and deep diving where it is associated with high work of breathing caused by increased breathing gas density due to the high ambient pressure."	https://en.wikipedia.org/wiki/Hypercapnia
D006939	Hyperemesis Gravidarum	Hyperemesis gravidarum	Hyperemesis gravidarum (HG) is a pregnancy complication that is characterized by severe nausea, vomiting, weight loss, and possibly dehydration. Feeling faint may also occur. It is considered a more severe form of morning sickness. Symptoms often get better after the 20th week of pregnancy but may last the entire pregnancy duration. The exact causes of hyperemesis gravidarum are unknown. Risk factors include the first pregnancy, multiple pregnancy, obesity, prior or family history of HG, and trophoblastic disorder. A December 2023 study published in Nature indicated a link between HG and abnormally high levels of the hormone GDF15, as well as increased sensitivity to that specific hormone. Diagnosis is usually made based on the observed signs and symptoms. HG has been technically defined as more than three episodes of vomiting per day, such that weight loss of 5% or three kilograms has occurred and ketones are present in the urine. Other potential causes of the symptoms should be excluded, including urinary tract infection, and an overactive thyroid. Treatment includes drinking fluids and a bland diet. Recommendations may include electrolyte-replacement drinks, thiamine, and a higher protein diet. Some people require intravenous fluids. With respect to medications, pyridoxine or metoclopramide are preferred. Prochlorperazine, dimenhydrinate, ondansetron (sold under the brand-name Zofran) or corticosteroids may be used if these are not effective. Hospitalization may be required due to the severe symptoms associated. Psychotherapy may improve outcomes. Evidence for acupressure is poor. While vomiting in pregnancy has been described as early as 2000 BCE, the first clear medical description of HG was in 1852, by Paul Antoine Dubois. HG is estimated to affect 0.3–2.0% of pregnant women, although some sources say the figure can be as high as 3%. While previously known as a common cause of death in pregnancy, with proper treatment this is now very rare. Those affected have a lower risk of miscarriage but a higher risk of premature birth. Some pregnant women choose to have an abortion due to HG symptoms.	https://en.wikipedia.org/wiki/Hyperemesis_gravidarum
D006941	Hyperesthesia	Hyperesthesia	"Hyperesthesia is a condition that involves an abnormal increase in sensitivity to stimuli of the senses. Stimuli of the senses can include sound that one hears, foods that one tastes, textures that one feels, and so on and so forth. Increased touch sensitivity is referred to as ""tactile hyperesthesia"", and increased sound sensitivity is called ""auditory hyperesthesia"".  In the context of pain, hyperaesthesia can refer to an increase in sensitivity where there is both allodynia and hyperalgesia. In psychology, Jeanne Siaud-Facchin uses the term by defining it as an ""exacerbation des sens"" that characterizes gifted individuals: for them, the sensory information reaches the brain much faster than the average, and the information is processed in a significantly shorter time."	https://en.wikipedia.org/wiki/Hyperesthesia
D006942	Hypergammaglobulinemia	Hypergammaglobulinemia	Hypergammaglobulinemia is a medical condition with elevated levels of gamma globulin. It is a type of immunoproliferative disorder.	https://en.wikipedia.org/wiki/Hypergammaglobulinemia
D006948	Hyperkinesis	Hyperkinesis	Hyperkinesis may refer to:  Hyperkinesia, abnormally heightened, sometimes uncontrollable muscle movement Hyperactivity, abnormally heightened activity Hyperkinetic disorder, an early childhood-onset disorder characterized by hyperactivity, impulsivity and inattention, similar to attention deficit hyperactivity disorder	https://en.wikipedia.org/wiki/Hyperkinesis
D006963	Hyperphagia	Polyphagia	"Polyphagia, or hyperphagia, is an abnormally strong, incessant sensation of hunger or desire to eat often leading to overeating. In contrast to an increase in appetite following exercise, polyphagia does not subside after eating and often leads to rapid intake of excessive quantities of food. Polyphagia is not a disorder by itself; rather, it is a symptom indicating an underlying medical condition. It is frequently a result of abnormal blood glucose levels (both hyperglycemia and hypoglycemia), and, along with polydipsia and polyuria, it is one of the ""3 Ps"" commonly associated with uncontrolled diabetes mellitus."	https://en.wikipedia.org/wiki/Polyphagia
D006970	Disorders of Excessive Somnolence		Description not found.	
D006985	Hyperventilation	Hyperventilation	Hyperventilation is irregular breathing that occurs when the rate or tidal volume of breathing eliminates more carbon dioxide than the body can produce. This leads to hypocapnia, a reduced concentration of carbon dioxide dissolved in the blood. The body normally attempts to compensate for this homeostatically, but if this fails or is overridden, the blood pH will rise, leading to respiratory alkalosis. This increases the affinity of oxygen to hemoglobin and makes it harder for oxygen to be released into body tissues from the blood. The symptoms of respiratory alkalosis include dizziness, tingling in the lips, hands, or feet, headache, weakness, fainting, and seizures. In extreme cases, it may cause carpopedal spasms, a flapping and contraction of the hands and feet. Factors that may induce or sustain hyperventilation include: physiological stress, anxiety or panic disorder, high altitude, head injury, stroke, respiratory disorders such as asthma, pneumonia, or hyperventilation syndrome, cardiovascular problems such as pulmonary embolisms, anemia, an incorrectly calibrated medical respirator, and adverse reactions to certain drugs. Hyperventilation can also be induced intentionally to achieve an altered state of consciousness such as in the choking game, during breathwork, or in an attempt to extend a breath-hold dive.	https://en.wikipedia.org/wiki/Hyperventilation
D006987	Hypesthesia	Hypoesthesia	Hypoesthesia or numbness is a common side effect of various medical conditions that manifests as a reduced sense of touch or sensation, or a partial loss of sensitivity to sensory stimuli. In everyday speech this is generally referred to as numbness. Hypoesthesia primarily results from damage to nerves, and from blockages in blood vessels, resulting in ischemic damage to tissues supplied by the blocked blood vessels. This damage is detectable through the use of various imaging studies. Damage in this way is caused by a variety of different illnesses and diseases. A few examples of the most common illnesses and diseases that can cause hypoesthesia as a side effect are as follows:  Decompression sickness Trigeminal schwannoma Rhombencephalitis Intradural extramedullary tuberculoma of the spinal cord Cutaneous sensory disorder Beriberi	https://en.wikipedia.org/wiki/Hypoesthesia
D006988	Hyphema	Hyphema	Hyphema is the  medical condition of bleeding in the anterior chamber of the eye between the iris and the cornea. People usually first notice a loss or decrease in vision. The eye may also appear to have a reddish tinge, or it may appear as a small pool of blood at the bottom of the iris in the cornea. A traumatic hyphema is caused by  a blow to the eye. A hyphema can also occur spontaneously.	https://en.wikipedia.org/wiki/Hyphema
D007024	Hypotension, Orthostatic		Description not found.	
D007035	Hypothermia	Hypothermia	"Hypothermia is defined as a body core temperature below 35.0 °C (95.0 °F) in humans. Symptoms depend on the temperature. In mild hypothermia, there is shivering and mental confusion. In moderate hypothermia, shivering stops and confusion increases. In severe hypothermia, there may be hallucinations and paradoxical undressing, or the victim's removal of their clothing, as well as an increased risk of the heart's stopping. Hypothermia has two main types of causes. It classically occurs from exposure to cold weather and cold water immersion. It may also occur from any condition that decreases heat production or increases heat loss. Commonly, this includes alcohol intoxication but may also include low blood sugar, anorexia, and advanced age. Body temperature is usually maintained near a constant level of 36.5–37.5 °C (97.7–99.5 °F) through thermoregulation. Efforts to increase body temperature involve shivering, increased voluntary activity, and putting on warmer clothing. Hypothermia may be diagnosed by either a person's symptoms in the presence of risk factors or measuring a person's core temperature. The treatment of mild hypothermia involves warm drinks, warm clothing, and voluntary physical activity. In those with moderate hypothermia, heating blankets and warmed intravenous fluids are recommended. People with moderate or severe hypothermia should be moved gently. In severe hypothermia, extracorporeal membrane oxygenation (ECMO) or cardiopulmonary bypass may be useful. In those without a pulse, cardiopulmonary resuscitation (CPR) is indicated along with the above measures. Rewarming is typically continued until a victim's temperature is greater than 32 °C (90 °F). If there is no improvement at this point or the blood potassium level is greater than 12 millimoles per litre at any time, resuscitation may be discontinued. Hypothermia is the cause of at least 1,500 deaths a year in the United States. It is more common in older people and males. One of the lowest documented body temperatures which someone with accidental hypothermia has survived is 12.7 °C (54.9 °F) in a 2-year-old boy from Poland named Adam. Survival after more than six hours' CPR has been described. When ECMO or bypass is used, survival is around 50%. Deaths due to hypothermia have played an important role in many wars. The term is from Greek ῠ̔πο (ypo), meaning ""under"", and θέρμη (thérmē), meaning ""heat"". The opposite of hypothermia is hyperthermia, an increased body temperature due to failed thermoregulation."	https://en.wikipedia.org/wiki/Hypothermia
D007040	Hypoventilation	Hypoventilation	"Hypoventilation (also known as respiratory depression) occurs when ventilation is inadequate (hypo meaning ""below"") to perform needed respiratory gas exchange. By definition it causes an increased concentration of carbon dioxide (hypercapnia) and respiratory acidosis. Hypoventilation is not synonymous with respiratory arrest, in which breathing ceases entirely and death occurs within minutes due to hypoxia and leads rapidly into complete anoxia, although both are medical emergencies. Hypoventilation can be considered a precursor to hypoxia, and its lethality is attributed to hypoxia with carbon dioxide toxicity."	https://en.wikipedia.org/wiki/Hypoventilation
D007088	Illusions	Illusion	"An illusion is a distortion of the senses, which can reveal how the mind normally organizes and interprets sensory stimulation. Although illusions distort the human perception of reality, they are generally shared by most people. Illusions may occur with any of the human senses, but visual illusions (optical illusions) are the best-known and understood. The emphasis on visual illusions occurs because vision often dominates the other senses. For example, individuals watching a ventriloquist will perceive the voice as coming from the dummy since they are able to see the dummy mouth the words. Some illusions are based on general assumptions the brain makes during perception. These assumptions are made using organizational principles (e.g., Gestalt theory), an individual's capacity for depth perception and motion perception, and perceptual constancy. Other illusions occur due to biological sensory structures within the human body or conditions outside the body within one's physical environment. The term illusion refers to a specific form of sensory distortion. Unlike a hallucination, which is a distortion in the absence of a stimulus, an illusion describes a misinterpretation of a true sensation. For example, hearing voices regardless of the environment would be a hallucination, whereas hearing voices in the sound of running water (or another auditory source) would be an illusion. So, it should not be wrong to consider that illusions are just ""misinterpretations"" of how our brain perceives something that exists (unlike a hallucination where a stimulus is absent)."	https://en.wikipedia.org/wiki/Illusion
D007319	Sleep Initiation and Maintenance Disorders		Description not found.	
D007331	Insulin Coma		Description not found.	
D007383	Intermittent Claudication		Description not found.	
D007565	Jaundice	Jaundice	Jaundice, also known as icterus, is a yellowish or, less frequently, greenish pigmentation of the skin and sclera due to high bilirubin levels. Jaundice in adults typically indicates the presence of underlying diseases involving abnormal heme metabolism, liver dysfunction, or biliary-tract obstruction. The prevalence of jaundice in adults is rare, while jaundice in babies is common, with an estimated 80% affected during their first week of life. The most commonly associated symptoms of jaundice are itchiness, pale feces, and dark urine. Normal levels of bilirubin in blood are below 1.0 mg/dl (17 μmol/L), while levels over 2–3 mg/dl (34–51 μmol/L) typically result in jaundice. High blood bilirubin is divided into two types: unconjugated and conjugated bilirubin. Causes of jaundice vary from relatively benign to potentially fatal. High unconjugated bilirubin may be due to excess red blood cell breakdown, large bruises, genetic conditions such as Gilbert's syndrome, not eating for a prolonged period of time, newborn jaundice, or thyroid problems. High conjugated bilirubin may be due to liver diseases such as cirrhosis or hepatitis, infections, medications, or blockage of the bile duct, due to factors including gallstones, cancer, or pancreatitis. Other conditions can also cause yellowish skin, but are not jaundice, including carotenemia, which can develop from eating large amounts of foods containing carotene—or medications such as rifampin. Treatment of jaundice is typically determined by the underlying cause. If a bile duct blockage is present, surgery is typically required; otherwise, management is medical. Medical management may involve treating infectious causes and stopping medication that could be contributing to the jaundice. Jaundice in newborns may be treated with phototherapy or exchanged transfusion depending on age and prematurity when the bilirubin is greater than 4–21 mg/dl (68–365 μmol/L). The itchiness may be helped by draining the gallbladder, ursodeoxycholic acid, or opioid antagonists such as naltrexone. The word jaundice is from the French jaunisse, meaning 'yellow disease'.	https://en.wikipedia.org/wiki/Jaundice
D007625	Kearns-Sayre Syndrome		Description not found.	
D007706	Menkes Kinky Hair Syndrome		Description not found.	
D007805	Language Development Disorders		Description not found.	
D007806	Language Disorders		Description not found.	
D007859	Learning Disorders		Description not found.	
D007926	Lesch-Nyhan Syndrome	Lesch–Nyhan syndrome	Lesch–Nyhan syndrome (LNS) is a rare genetic disorder caused by a deficiency of the enzyme hypoxanthine-guanine phosphoribosyltransferase (HGPRT). This deficiency occurs due to mutations in the HPRT1 gene located on the X chromosome. LNS affects about 1 in 380,000 live births. The disorder was first recognized and clinically characterized by American medical student Michael Lesch and his mentor, pediatrician William Nyhan, at Johns Hopkins. The HGPRT deficiency causes a build-up of uric acid in all body fluids. The combination of increased synthesis and decreased utilization of purines leads to high levels of uric acid production. This results in both high levels of uric acid in the blood and urine, associated with severe gout and kidney problems. Neurological signs include poor muscle control and moderate intellectual disability. These complications usually appear in the first year of life. Beginning in the second year of life, a particularly striking feature of LNS is self-mutilating behaviors, characterized by lip and finger biting. Neurological symptoms include facial grimacing, involuntary writhing, and repetitive movements of the arms and legs similar to those seen in Huntington's disease. The cause of the neurological abnormalities remains unknown. Because a lack of HGPRT causes the body to poorly utilize vitamin B12, some males may develop megaloblastic anemia. LNS is inherited in an X-linked recessive manner; the gene mutation is usually carried by the mother and passed on to her son, although one-third of all cases arise de novo (from new mutations) and do not have a family history. LNS is present at birth in baby boys. Most, but not all, persons with this deficiency have severe mental and physical problems throughout life. Cases in females are very rare. The symptoms caused by the buildup of uric acid (gout and kidney symptoms) respond well to treatment with medications such as allopurinol that reduce the levels of uric acid in the blood. The mental deficits and self-mutilating behavior do not respond well to treatment. There is no cure, but many affected people live to adulthood. Several new experimental treatments may alleviate symptoms.	https://en.wikipedia.org/wiki/Lesch%E2%80%93Nyhan_syndrome
D008065	Lipoid Proteinosis of Urbach and Wiethe		Description not found.	
D008569	Memory Disorders		Description not found.	
D008580	Meningism	Meningism	"Meningism is a set of symptoms similar to those of meningitis but not caused by meningitis. Whereas meningitis is inflammation of the meninges (membranes that cover the central nervous system), meningism is caused by nonmeningitic irritation of the meninges, usually associated with acute febrile illness, especially in children and adolescents. Meningism involves the triad (3-symptom syndrome) of nuchal rigidity (neck stiffness), photophobia (intolerance of bright light) and headache. It therefore requires differentiating from other CNS problems with similar symptoms, including meningitis and some types of intracranial hemorrhage. Related clinical signs include Kernig's sign and three signs all named Brudzinski's sign. Although nosologic coding systems, such as ICD-10 and MeSH, define meningism/meningismus as meningitis-like but in fact not meningitis, many physicians use the term meningism in a loose sense clinically to refer to any meningitis-like set of symptoms before the cause is definitively known. In this sense, the word implies ""suspected meningitis"". The words meningeal symptoms can be used instead to avoid ambiguity, thus reserving the term meningism for its strict sense."	https://en.wikipedia.org/wiki/Meningism
D008607	Intellectual Disability	Intellectual disability	Intellectual disability, also disorder of intellectual development  and known as learning difficulty (in the United Kingdom and different from learning disability), is a generalized neurodevelopmental disorder characterized by significant impairment in intellectual and adaptive functioning. Intellectual disabilities may first be apparent during school age. The causes of the disability may be either developmental or genetically inherited. Children with intellectual disability typically have an intelligence quotient (IQ) below 70 and deficits in at least two adaptive behaviors that affect everyday living.  According to the DSM-5, intellectual functions include reasoning, problem solving, planning, abstract thinking, judgment, academic learning, and learning from experience. Deficits in these functions must be confirmed by clinical evaluation and individualized standard IQ testing. On the other hand, adaptive behaviors include the social, developmental, and practical skills people learn to perform tasks in their everyday lives. Deficits in adaptive functioning often compromise an individual's independence and ability to meet their social responsibility. Age related deficits of memory and cognition can cause intellectual disability as seen in Alzheimer's disease and gerontological brain atrophy cases. Intellectual disability is subdivided into syndromic intellectual disability, in which intellectual deficits associated with other medical and behavioral signs and symptoms are present, and non-syndromic intellectual disability, in which intellectual deficits appear without other abnormalities. Down syndrome and fragile X syndrome are examples of syndromic intellectual disabilities. Intellectual disability affects about 2–3% of the general population. 75-90% of the affected people have mild intellectual disability. Non-syndromic, or idiopathic cases account for 30–50% of these cases. About a quarter of cases are caused by a genetic disorder, and about 5% of cases are inherited. As of the publication of DSM-5, cases of unknown cause affect about 95 million people as of 2013.	https://en.wikipedia.org/wiki/Intellectual_disability
D008998	Monoclonal Gammopathy of Undetermined Significance		Description not found.	
D009041	Motion Sickness	Motion Sickness	"Motion Sickness may refer to:  Motion sickness, nausea caused by motion or perceived motion Motion Sickness (album), a 2005 live album by Bright Eyes ""Motion Sickness"" (Bright Eyes song), 2000 ""Motion Sickness"" (Phoebe Bridgers song), 2017"	https://en.wikipedia.org/wiki/Motion_Sickness
D009058	Mouth Breathing		Description not found.	
D009120	Muscle Cramp		Description not found.	
D009122	Muscle Hypertonia		Description not found.	
D009123	Muscle Hypotonia		Description not found.	
D009127	Muscle Rigidity		Description not found.	
D009128	Muscle Spasticity		Description not found.	
D009133	Muscular Atrophy		Description not found.	
D009155	Mutism	Muteness	In human development, muteness or mutism is defined as an absence of speech, with or without an ability to hear the speech of others. Mutism is typically understood as a person's inability to speak, and commonly observed by their family members, caregivers, teachers, doctors, or speech and language pathologists. It may not be a permanent condition, as muteness can be caused or manifest due to several different phenomena, such as physiological injury, illness, medical side effects, psychological trauma, developmental disorders, or neurological disorders. A specific physical disability or communication disorder can be more easily diagnosed. Loss of previously normal speech (aphasia) can be due to accidents, disease, or surgical complication; it is rarely for psychological reasons. Treatment or management also varies by cause and this can often be determined after a speech assessment. Treatment can sometimes restore speech. If not, a range of assistive and augmentative communication devices are available.	https://en.wikipedia.org/wiki/Muteness
D009207	Myoclonus	Myoclonus	"Myoclonus is a brief, involuntary, irregular (lacking rhythm) twitching  of a muscle, a joint, or a group of muscles, different from clonus, which is rhythmic or regular. Myoclonus (myo- ""muscle"", clonus ""spasm"") describes a medical sign and, generally, is not a diagnosis of a disease. It belongs to the hyperkinetic movement disorders, among tremor and chorea for example. These myoclonic twitches, jerks, or seizures are usually caused by sudden muscle contractions (positive myoclonus) or brief lapses of contraction (negative myoclonus).  The most common circumstance under which they occur is while falling asleep (hypnic jerk).  Myoclonic jerks occur in healthy people and are experienced occasionally by everyone.  However, when they appear with more persistence and become more widespread they can be a sign of various neurological disorders.  Hiccups are a kind of myoclonic jerk specifically affecting the diaphragm.  When a spasm is triggered by an external stimulus, it is known as a provoked spasm.  Shuddering attacks in babies fall in this category. Myoclonic jerks may occur alone or in sequence, in a pattern or without pattern. They may occur infrequently or many times each minute.  Most often, myoclonus is one of several signs in a wide variety of nervous system disorders such as multiple sclerosis, Parkinson's disease, dystonia, cerebral palsy, Alzheimer's disease, Gaucher's disease, subacute sclerosing panencephalitis, Creutzfeldt–Jakob disease (CJD), serotonin toxicity, some cases of Huntington's disease, some forms of epilepsy, and occasionally in intracranial hypotension. In almost all instances in which myoclonus is caused by central nervous system disease it is preceded by other symptoms; for instance, in CJD it is generally a late-stage clinical feature that appears after the patient has already started to exhibit gross neurological deficits. Anatomically, myoclonus may originate from lesions of the cortex, subcortex or spinal cord.  The presence of myoclonus above the foramen magnum effectively excludes spinal myoclonus; further localisation relies on further investigation with electromyography (EMG) and electroencephalography (EEG)."	https://en.wikipedia.org/wiki/Myoclonus
D009222	Myotonia	Myotonia	"Myotonia is a symptom of a small handful of certain neuromuscular disorders characterized by delayed relaxation (prolonged contraction) of the skeletal muscles after voluntary contraction or electrical stimulation, and the muscle shows an abnormal EMG. Myotonia is the defining symptom of many channelopathies (diseases of ion channel transport) such as myotonia congenita, paramyotonia congenita and myotonic dystrophy. Brody disease (a disease of ion pump transport) has symptoms similar to myotonia congenita, however, the delayed muscle relaxation is pseudo-myotonia as the EMG is normal. Other diseases that exhibit pseudo-myotonia are myositis, glycogen storage diseases, hyperkalemic periodic paralysis, root disease, anterior horn cell disorders, neuromyotonia, and Hoffmann syndrome. Generally, repeated contraction of the muscle can alleviate the myotonia and relax the muscles thus improving the condition, however, this is not the case in paramyotonia congenita. This phenomenon is known as the ""warm-up"" reflex and is not to be confused with warming up before exercise, though they may appear similar. Individuals with the disorder may have trouble releasing their grip on objects or may have difficulty rising from a sitting position and a stiff, awkward gait. Myotonia can affect all muscle groups; however, the pattern of affected muscles can vary depending on the specific disorder involved. People with disorders involving myotonia can have life-threatening reactions to certain anaesthetics called anaesthesia-induced rhabdomyolysis."	https://en.wikipedia.org/wiki/Myotonia
D009290	Narcolepsy	Narcolepsy	Narcolepsy is a chronic neurological disorder that impairs the ability to regulate sleep–wake cycles, and specifically impacts REM (rapid eye movement) sleep. The symptoms of narcolepsy include excessive daytime sleepiness (EDS), sleep-related hallucinations, sleep paralysis, disturbed nocturnal sleep (DNS), and cataplexy. People with narcolepsy typically have poor quality of sleep. There are two recognized forms of narcolepsy: type 1 and type 2. Narcolepsy type 1 features EDS with either cataplexy or cerebrospinal fluid (CSF) orexin levels of less than 110 pg/ml, but most cases present with both. Cataplexy appears as transient episodes of aberrant muscle tone (typically loss of muscle tone) triggered by strong emotion. In pediatric-onset narcolepsy, cataplexy can present with transient hyperkinetic features. Cataplexy may be mistaken for syncope, tics, or seizures. Narcolepsy type 2 (NT2) does not feature cataplexy, and CSF orexin levels are normal. Sleep-related hallucinations, both hypnagogic (going to sleep) and hypnopompic (on awakening), can be auditory, visual, or tactile and may occur independently of or in combination with an inability to move (sleep paralysis). Narcolepsy is a clinical syndrome of hypothalamic disorder, but the exact cause of narcolepsy is unknown, with potentially several causes. A leading consideration for the cause of narcolepsy type 1 is that it is an autoimmune disorder. Proposed pathophysiology as an autoimmune disease suggest antigen presentation by DQ0602 to specific CD4+ T cells resulting in CD8+ T-cell activation and consequent injury to orexin producing neurons. Relative risk for narcolepsy in a first-degree relative is considered to be at least 10 times higher than the general population,  Having multiple relatives with a primary sleep disorder significantly increases the relative risk but absolute risk still remains low due to the rarity of the condition. The autoimmune process is thought to be triggered in genetically susceptible individuals by an immune-provoking experience, such as an infection with H1N1 influenza. Secondary narcolepsy can occur as a consequence of another neurological disorder. Secondary narcolepsy can be seen in some individuals with traumatic brain injury, tumors, Prader–Willi syndrome or other diseases affecting the parts of the brain that regulate wakefulness or REM sleep. Diagnosis is typically based on the symptoms and sleep studies, after excluding alternative causes of EDS. EDS can also be caused by other sleep disorders such as insufficient sleep syndrome, sleep apnea, major depressive disorder, anemia, heart failure, and drinking alcohol. While there is no cure, behavioral strategies, lifestyle changes, social support, and medications may help. Lifestyle and behavioral strategies can include identifying and avoiding or desensitizing emotional triggers for cataplexy, dietary strategies that may reduce sleep-inducing foods and drinks, scheduled or strategic naps, and maintaining a regular sleep-wake schedule. Social support, social networks, and social integration are resources that may lie in the communities related to living with narcolepsy. Medications used to treat narcolepsy primarily target EDS and/or cataplexy. These medications include alerting agents (e.g., modafinil, armodafinil, pitolisant, solriamfetol), oxybate medications (e.g., twice nightly sodium oxybate, twice nightly mixed oxybate salts, and once nightly extended-release sodium oxybate), and other stimulants (e.g., methylphenidate, amphetamine). There is also the use of antidepressants such as tricyclic antidepressants, selective serotonin reuptake inhibitors (SSRIs), and serotonin–norepinephrine reuptake inhibitors (SNRIs) for the treatment of cataplexy.  Estimates of frequency range from 0.2 to 600 per 100,000 people in various countries. The condition often begins in childhood, with males and females being affected equally. Untreated narcolepsy increases the risk of motor vehicle collisions and falls. Narcolepsy generally occurs anytime between early childhood and 50 years of age, and most commonly between 15 and 36 years of age. However, it may also rarely appear at any time outside of this range.	https://en.wikipedia.org/wiki/Narcolepsy
D009325	Nausea	Nausea	"Nausea is a diffuse sensation of unease and discomfort, sometimes perceived as an urge to vomit. It can be a debilitating symptom if prolonged and has been described as placing discomfort on the chest, abdomen, or back of the throat. Over 30 definitions of nausea were proposed in a 2011 book on the topic. Nausea is a non-specific symptom, which means that it has many possible causes. Some common causes of nausea are gastroenteritis and other gastrointestinal disorders, food poisoning, motion sickness, dizziness, migraine, fainting, low blood sugar, anxiety, hyperthermia, dehydration and lack of sleep. Nausea is a side effect of many medications including chemotherapy, or morning sickness in early pregnancy. Nausea may also be caused by disgust and depression. Medications taken to prevent and treat nausea and vomiting are called antiemetics. The most commonly prescribed antiemetics in the US are promethazine, metoclopramide, and the newer ondansetron. The word nausea is from Latin nausea, from Greek ναυσία – nausia, ""ναυτία"" – nautia, seasickness, ""feeling sick or queasy"", from Latin naus, Greek ναος, a ship."	https://en.wikipedia.org/wiki/Nausea
D009437	Neuralgia	Neuralgia	"Neuralgia (Greek neuron, ""nerve"" + algos, ""pain"") is pain in the distribution of a nerve or nerves, as in intercostal neuralgia, trigeminal neuralgia, and glossopharyngeal neuralgia."	https://en.wikipedia.org/wiki/Neuralgia
D009461	Neurologic Manifestations		Description not found.	
D009755	Night Blindness	Nyctalopia	"Nyctalopia (; from Ancient Greek  νύκτ- (núkt-) 'night',   ἀλαός (alaós) 'blind, invisible' and  ὄψ (óps) 'eye'), also called night blindness, is a condition making it difficult or impossible to see in relatively low light. It is a symptom of several eye diseases. Night blindness may exist from birth, or be caused by injury or malnutrition (for example, vitamin A deficiency). It can be described as insufficient adaptation to darkness. The most common cause of nyctalopia is retinitis pigmentosa, a disorder in which the rod cells in the retina gradually lose their ability to respond to the light. Patients with this genetic condition have progressive nyctalopia and, eventually, their daytime vision may also be affected. In X-linked congenital stationary night blindness, from birth the rods either do not work at all, or work very little, but the condition does not get worse. Another cause of night blindness is a deficiency of retinol, or vitamin A1, found in fish oils, liver, and dairy products. The opposite problem, the inability to see in bright light, is known as hemeralopia and is much rarer. Since the outer area of the retina is made up of more rods than cones, loss of peripheral vision often results in night blindness. Individuals with night blindness not only see poorly at night but also require extra time for their eyes to adjust from brightly lit areas to dim ones. Contrast vision may also be greatly reduced. Rods contain a receptor-protein called rhodopsin. When light falls on rhodopsin, it undergoes a series of conformational changes ultimately generating electrical signals which are carried to the brain via the optic nerve. In the absence of light, rhodopsin is regenerated. The body synthesizes rhodopsin from vitamin A, which is why a deficiency in vitamin A causes poor night vision. Refractive ""vision correction"" surgery (especially PRK with the complication of ""haze"") may rarely cause a reduction in best night-time acuity due to the impairment of contrast sensitivity function (CSF) which is induced by intraocular light-scatter resulting from surgical intervention in the natural structural integrity of the cornea."	https://en.wikipedia.org/wiki/Nyctalopia
D009765	Obesity	Obesity	Obesity is a medical condition, considered  a disease by multiple organizations, in which excess body fat has accumulated to such an extent that it can have negative effects on health. People are classified as obese when their body mass index (BMI)—a person's weight divided by the square of the person's height—is over 30 kg/m2; the range 25–30 kg/m2 is defined as overweight. Some East Asian countries use lower BMI thresholds to define obesity. Obesity is a major cause of disability and is correlated with various diseases and conditions, particularly cardiovascular diseases, type 2 diabetes, obstructive sleep apnea, certain types of cancer, and osteoarthritis. Obesity has individual, socioeconomic, and environmental causes. Some known causes are diet, low physical activity, automation, urbanization, genetic susceptibility, medications, mental disorders, economic policies, and endocrine disorders. Exposure to endocrine-disrupting chemicals is a risk factor. While many people with obesity attempt to lose weight and are often successful, maintaining weight loss long-term is rare. Preventing obesity requires a multifaceted approach, including interventions at medical, societal, community, family, and individual levels. Changes to diet as well as exercising are the main treatments recommended by health professionals. Diet quality can be improved by reducing the consumption of energy-dense foods, such as those high in fat or sugars, and by increasing the intake of dietary fiber. The World Health Organization stresses that the disease is a societal responsibility and that these dietary choices should be made the most available, affordable, and accessible options. Medications can be used, along with a suitable diet, to reduce appetite or decrease fat absorption. If diet, exercise, and medication are not effective, a gastric balloon or surgery may be performed to reduce stomach volume or length of the intestines, leading to earlier satiety, or a reduced ability to absorb nutrients from food. Metabolic surgery promotes weight loss not only by reducing caloric intake but also by inducing sustained changes in the secretion of gut hormones involved in appetite and metabolic regulation. Obesity is a leading preventable cause of death worldwide, with increasing rates in adults and children. In 2022, over 1 billion people lived with obesity worldwide (879 million adults and 159 million children), representing more than double the adult cases (and four times higher than cases among children) registered in 1990. Obesity is more common in women than in men. Obesity is often stigmatized in many parts of the world. Conversely, some cultures, past and present, have a favorable view of obesity, seeing it as a symbol of wealth and fertility. The World Health Organization, the US, Canada, Japan, Portugal, Germany, the European Parliament and medical societies (such as the American Medical Association) classify obesity as a disease. Others, such as the UK, do not.	https://en.wikipedia.org/wiki/Obesity
D009767	Obesity, Morbid		Description not found.	
D009846	Oliguria	Oliguria	"Oliguria or hypouresis is the low output of urine: specifically, more than 80 ml/day, but less than 400ml/day. The decreased output of urine may be a sign of dehydration, kidney failure, hypovolemic shock, hyperosmolar hyperglycemic nonketotic syndrome (HHNS), multiple organ dysfunction syndrome, urinary obstruction/urinary retention, diabetic ketoacidosis (DKA), pre-eclampsia, and urinary tract infections, among other conditions. Beyond oliguria is anuria, which represents an absence of urine, clinically classified as below 80 or 100 ml/day. The term oliguria is derived from oligo-meaning ""small, little,"" + -uria, from the Greek word ouron, meaning ""urine""."	https://en.wikipedia.org/wiki/Oliguria
D009886	Ophthalmoplegia	Ophthalmoparesis	Ophthalmoparesis  refers to weakness (-paresis) or paralysis (-plegia) of one or more extraocular muscles which are responsible for eye movements. It is a physical finding in certain neurologic, ophthalmologic, and endocrine disease. Internal ophthalmoplegia means involvement limited to the pupillary sphincter and ciliary muscle. External ophthalmoplegia refers to involvement of only the extraocular muscles. Complete ophthalmoplegia indicates involvement of both.	https://en.wikipedia.org/wiki/Ophthalmoparesis
D009903	Optical Illusions	Optical illusion	In visual perception, an optical illusion (also called a visual illusion) is an illusion caused by the visual system and characterized by a visual percept that arguably appears to differ from reality. Illusions come in a wide variety; their categorization is difficult because the underlying cause is often not clear but a classification proposed by Richard Gregory is useful as an orientation. According to that, there are three main classes: physical, physiological, and cognitive illusions, and in each class there are four kinds: Ambiguities, distortions, paradoxes, and fictions. A classical example for a physical distortion would be the apparent bending of a stick half immersed in water; an example for a physiological paradox is the motion aftereffect (where, despite movement, position remains unchanged). An example for a physiological fiction is an afterimage. Three typical cognitive distortions are the Ponzo, Poggendorff, and Müller-Lyer illusion. Cognitive visual illusions are the result of unconscious inferences and are perhaps those most widely known. Pathological visual illusions arise from pathological changes in the physiological visual perception mechanisms causing the aforementioned types of illusions; they are discussed e.g. under visual hallucinations. Optical illusions, as well as multi-sensory illusions involving visual perception, can also be used in the monitoring and rehabilitation of some psychological disorders, including phantom limb syndrome and schizophrenia.	https://en.wikipedia.org/wiki/Optical_illusion
D009912	Oral Manifestations		Description not found.	
D010146	Pain	Pain	"Pain is a distressing bodily feeling often caused by intense or damaging stimuli. The International Association for the Study of Pain defines pain as ""an unpleasant sensory and emotional experience associated with, or resembling that associated with, actual or potential tissue damage."" Pain motivates animals to withdraw from damaging situations, to protect a damaged body part while it heals, and to avoid similar experiences in the future. Most pain resolves once the noxious stimulus is removed and the body has healed, but it may persist despite removal of the stimulus and apparent healing of the body. Sometimes pain arises in the absence of any detectable stimulus, damage or disease. Pain is the most common reason for physician consultation in most developed countries. It is a major symptom in many medical conditions, and can interfere with a person's quality of life and general functioning. People in pain experience impaired concentration, working memory, mental flexibility, problem-solving and information processing speed, and are more likely to experience irritability, depression, and anxiety. Simple over-the-counter pain medications are useful in 20% to 70% of cases of common acute pain, such as post-tooth extraction pain. Psychological factors such as social support, cognitive behavioral therapy, excitement, or distraction can affect pain's intensity or unpleasantness."	https://en.wikipedia.org/wiki/Pain
D010148	Pain, Intractable		Description not found.	
D010149	Pain, Postoperative		Description not found.	
D010167	Pallor	Pallor	Pallor is a pale color of the skin that can be caused by illness, emotional shock or stress, stimulant use, or anemia, and is the result of a reduced amount of oxyhaemoglobin and may also be visible as pallor of the conjunctivae of the eyes on physical examination. Pallor is more evident on the face and palms. It can develop suddenly or gradually, depending on the cause. It is not usually clinically significant unless it is accompanied by a general pallor (pale lips, tongue, palms, mouth and other regions with mucous membranes). It is distinguished from similar presentations such as hypopigmentation (lack or loss of skin pigment) or simply a lightly-melanated complexion.  In patients with dark skin, pallor is more subtle and harder to detect, often manifesting as a more grayish or ashy tone of skin in individuals with very dark brown skin, or alternatively a more yellowish tone in individuals with lighter brown skin. Assessing the palms, soles, and mucous membranes with appropriate lighting in such cases may make detection easier.	https://en.wikipedia.org/wiki/Pallor
D010243	Paralysis	Paralysis	"Paralysis (pl.: paralyses; also known as plegia) is a loss of motor function in one or more muscles. Paralysis can also be accompanied by a loss of feeling (sensory loss) in the affected area if there is sensory damage. In the United States, roughly 1 in 50 people have been diagnosed with some form of permanent or transient paralysis. The word ""paralysis"" derives from the Greek παράλυσις, meaning ""disabling of the nerves"" from παρά (para) meaning ""beside, by"" and λύσις (lysis) meaning ""making loose"". A paralysis accompanied by involuntary tremors is usually called ""palsy""."	https://en.wikipedia.org/wiki/Paralysis
D010264	Paraplegia	Paraplegia	"Paraplegia, or paraparesis, is an impairment in motor or sensory function of the lower extremities. The word comes from Ionic Greek (παραπληγίη) ""half-stricken"". It is usually caused by spinal cord injury or a congenital condition that affects the neural (brain) elements of the spinal canal. The area of the spinal canal that is affected in paraplegia is either the thoracic, lumbar, or sacral regions. If four limbs are affected by paralysis, tetraplegia or quadriplegia is the correct term. If only one limb is affected, the correct term is monoplegia. Spastic paraplegia is a form of paraplegia defined by spasticity of the affected muscles, rather than flaccid paralysis. The American Spinal Injury Association classifies spinal cord injury severity in the following manner. ASIA A is the complete loss of sensory function and motor skills below the injury. ASIA B is having some sensory function below the injury, but no motor function. In ASIA C, there is some motor function below the level of injury, but half of the muscles cannot move against gravity. In ASIA D, more than half of the muscles below the level of injury can move against gravity. ASIA E is the restoration of all neurologic function."	https://en.wikipedia.org/wiki/Paraplegia
D010291	Paresis	Paresis	In medicine, paresis () is a condition typified by a weakness of voluntary movement, or by partial loss of voluntary movement or by impaired movement. When used without qualifiers, it usually refers to the limbs, but it can also be used to describe the muscles of the eyes (ophthalmoparesis), the stomach (gastroparesis), and also the vocal cords (vocal cord paresis).   Neurologists use the term paresis to describe weakness, and plegia to describe paralysis in which all voluntary movement is lost. The term paresis comes from the Ancient Greek: πάρεσις 'letting go' from παρίημι 'to let go, to let fall'.	https://en.wikipedia.org/wiki/Paresis
D010292	Paresthesia	Paresthesia	"Paresthesia (or paraesthesia) is a sensation of the skin that may feel like numbness (hypoesthesia), tingling, pricking, chilling, or burning. It can be temporary or chronic and has many possible underlying causes. Paresthesia is usually painless and can occur anywhere on the body, but does most commonly in the arms and legs. The most familiar kind of paresthesia is the sensation known as pins and needles after having a limb ""fall asleep"" (obdormition). This is typically achieved by not moving the limb for a long period of time. Hitting the ulnar nerve (the ""funny bone"", actually a nerve) also induces paresthesias. A less common kind is formication, the sensation of insects crawling on or under the skin."	https://en.wikipedia.org/wiki/Paresthesia
D010468	Perceptual Disorders		Description not found.	
D010591	Phantom Limb	Phantom limb	Phantom limb refers to brain's perception of pain in a limb that has been surgically amputated and is one of the most common sequelae of limb loss, with prevalence estimates ranging from 50% to 80% of all individuals who undergo amputation. Phantom limb can also present itself in two ways: phantom limb pain (PLP) or phantom limb sensations. Phantom limb pain is a painful or unpleasant sensation experienced where the amputated limb was. Phantom sensations are any other, nonpainful sensations perceived in the amputated or missing limb area.	https://en.wikipedia.org/wiki/Phantom_limb
D010845	Obesity Hypoventilation Syndrome		Description not found.	
D011141	Polyuria	Polyuria	Polyuria () is excessive or an abnormally large production or passage of urine (greater than 2.5 L or 3 L over 24 hours in adults). Increased production and passage of urine may also be termed as diuresis. Polyuria often appears in conjunction with polydipsia (increased thirst), though it is possible to have one without the other, and the latter may be a cause or an effect. Primary polydipsia may lead to polyuria. Polyuria is usually viewed as a symptom or sign of another disorder (not a disease by itself), but it can be classed as a disorder, at least when its underlying causes are not clear.	https://en.wikipedia.org/wiki/Polyuria
D011218	Prader-Willi Syndrome	Prader–Willi syndrome	Prader–Willi syndrome (PWS)  is a rare genetic disorder caused by a loss of function of specific genes on chromosome 15. In babies, symptoms include weak muscles, poor feeding, and slow development. Beginning in childhood, those affected become constantly hungry, which often leads to obesity and type 2 diabetes. Mild to moderate intellectual impairment and behavioral problems are also typical of the disorder. Often, affected individuals have a narrow forehead, small hands and feet, short height, and light skin and hair. Most are unable to have children. About 74% of cases occur when part of the father's chromosome 15 is deleted. In another 25% of cases, the affected person has two copies of the maternal chromosome 15 from the mother and lacks the paternal copy. As parts of the chromosome from the mother are turned off through imprinting, they end up with no working copies of certain genes. PWS is not generally inherited, but rather the genetic changes happen during the formation of the egg, sperm, or in early development. No risk factors are known for the disorder. Those who have one child with PWS have less than a 1% chance of the next child being affected. A similar mechanism occurs in Angelman syndrome, except the defective chromosome 15 is from the mother, or two copies are from the father. Prader–Willi syndrome has no cure. Treatment may improve outcomes, especially if carried out early. In newborns, feeding difficulties may be supported with feeding tubes. Strict food supervision is typically required, starting around the age of three, in combination with an exercise program. Growth hormone therapy also improves outcomes. Counseling and medications may help with some behavioral problems. Group homes are often necessary in adulthood. PWS affects between 1 in 10,000 to 30,000 people worldwide. More than 400,000 people live with PWS.	https://en.wikipedia.org/wiki/Prader%E2%80%93Willi_syndrome
D011304	Presbycusis	Presbycusis	"Presbycusis (also spelled presbyacusis, from Greek πρέσβυς presbys ""old"" + ἄκουσις akousis ""hearing""), or age-related hearing loss, is the cumulative effect of aging on hearing. It is a progressive and irreversible bilateral symmetrical age-related sensorineural hearing loss resulting from degeneration of the cochlea or associated structures of the inner ear or auditory nerves. The hearing loss is most marked at higher frequencies. Hearing loss that accumulates with age but is caused by factors other than normal aging (nosocusis and sociocusis) is not presbycusis, although differentiating the individual effects of distinct causes of hearing loss can be difficult. The cause of presbycusis is a combination of genetics, cumulative environmental exposures and pathophysiological changes related to aging. At present there are no preventive measures known; treatment is by hearing aid or surgical implant. Presbycusis is the most common cause of hearing loss, affecting one out of three persons by age 65, and one out of two by age 75. Presbycusis is the second most common illness next to arthritis in aged people. Many vertebrates such as fish, birds and amphibians do not experience presbycusis in old age as they are able to regenerate their cochlear sensory cells, whereas mammals including humans have genetically lost this regenerative ability."	https://en.wikipedia.org/wiki/Presbycusis
D011507	Proteinuria	Proteinuria	Proteinuria is the presence of excess proteins in the urine. In healthy persons, urine contains very little protein, less than 150 mg/day; an excess is suggestive of illness. Excess protein in the urine often causes the urine to become foamy (although this symptom may also be caused by other conditions). Severe proteinuria can cause nephrotic syndrome in which there is worsening swelling of the body.	https://en.wikipedia.org/wiki/Proteinuria
D011537	Pruritus	Itch	An itch (also known as pruritus) is a sensation that causes a strong desire or reflex to scratch. Itches have many similarities to pain, and while both are unpleasant sensory experiences, their behavioral response patterns are different. Pain creates a withdrawal reflex, whereas itches lead to a scratch reflex. Unmyelinated nerve fibers for itches and pain both originate in the skin. Information for them is conveyed centrally in two distinct systems that both use the same nerve bundle and spinothalamic tract.	https://en.wikipedia.org/wiki/Itch
D011538	Pruritus Ani		Description not found.	
D011539	Pruritus Vulvae		Description not found.	
D011595	Psychomotor Agitation		Description not found.	
D011596	Psychomotor Disorders		Description not found.	
D011602	Psychophysiologic Disorders	Psychosomatic medicine	Psychosomatic medicine is an interdisciplinary medical field exploring the relationships among social, psychological, behavioral factors on bodily processes and quality of life in humans and animals. The academic forebearer of the modern field of behavioral medicine and a part of the practice of consultation-liaison psychiatry, psychosomatic medicine integrates interdisciplinary evaluation and management involving diverse specialties including psychiatry, psychology, neurology, psychoanalysis, internal medicine, pediatrics, surgery, allergy, dermatology, and psychoneuroimmunology. Clinical situations where mental processes act as a major factor affecting medical outcomes are areas where psychosomatic medicine has competence.	https://en.wikipedia.org/wiki/Psychosomatic_medicine
D011681	Pupil Disorders		Description not found.	
D011693	Purpura	Purpura	Purpura () is a condition of  red or purple discolored spots on the skin that do not blanch on applying pressure. The spots are caused by bleeding underneath the skin secondary to platelet disorders, vascular disorders, coagulation disorders, or other causes. They measure 3–10 mm, whereas petechiae measure less than 3 mm, and ecchymoses greater than 1 cm. Purpura is common with typhus and can be present with meningitis caused by meningococci or septicaemia.  In particular, meningococcus (Neisseria meningitidis), a Gram-negative diplococcus organism, releases endotoxin when it lyses.  Endotoxin activates the Hageman factor (clotting factor XII), which causes disseminated intravascular coagulation (DIC).  The DIC is what appears as a rash on the affected individual.	https://en.wikipedia.org/wiki/Purpura
D011694	Purpura, Hyperglobulinemic		Description not found.	
D011695	Purpura, Schoenlein-Henoch	Henoch–Schönlein purpura	IgA vasculitis, previously known as Henoch–Schönlein purpura (HSP), is an autoimmune disease that most commonly affects children. In the skin, the disease causes palpable purpura (small, raised areas of bleeding underneath the skin), often with joint pain (arthralgia) and abdominal pain. With kidney involvement, there may be a loss of small amounts of blood and protein in the urine (hematuria and proteinuria), but this usually goes unnoticed; in a small proportion of cases, the kidney involvement proceeds to chronic kidney disease (CKD). HSP is often preceded by an infection, such as a throat infection. HSP is a systemic vasculitis (inflammation of blood vessels) and is characterized by deposition of immune complexes containing the antibody immunoglobulin A (IgA); the exact cause for this phenomenon is unknown. In children, it usually resolves within several weeks and requires no treatment apart from symptom control but may relapse in 1 out of 3 cases and cause irreversible kidney damage in about 1 in 100 cases. In adults, the prognosis is different from in children. The average duration of cutaneous lesions is 27.9 months. For many, it tends to be relapsing–remitting over a long period of time, rather than self-limiting and there tend to be more complications.	https://en.wikipedia.org/wiki/Henoch%E2%80%93Sch%C3%B6nlein_purpura
D011696	Purpura, Thrombocytopenic		Description not found.	
D011697	Purpura, Thrombotic Thrombocytopenic	Thrombotic thrombocytopenic purpura	Thrombotic thrombocytopenic purpura (TTP) is a blood disorder that results in blood clots forming in small blood vessels throughout the body. This results in a low platelet count, low red blood cells due to their breakdown, and often kidney, heart, and brain dysfunction. Symptoms may include large bruises, fever, weakness, shortness of breath, confusion, and headache. Repeated episodes may occur. In about half of cases a trigger is identified, while in the remainder the cause remains unknown. Known triggers include bacterial infections, certain medications, autoimmune diseases such as lupus, and pregnancy. The underlying mechanism typically involves antibodies inhibiting the enzyme ADAMTS13. This results in decreased break down of large multimers of von Willebrand factor (vWF) into smaller units. Less commonly TTP is inherited, known as Upshaw–Schulman syndrome, such that ADAMTS13 dysfunction is present from birth. Diagnosis is typically based on symptoms and blood tests. It may be supported by measuring activity of or antibodies against ADAMTS13. With plasma exchange the risk of death has decreased from more than 90% to less than 20%. Immunosuppressants, such as glucocorticoids, and rituximab may also be used. Platelet transfusions are generally not recommended. About 1 per 1,000,000 new people are affected annually. Onset is typically in adulthood and women are more often affected. About 10% of cases begin in childhood. The condition was first described by Eli Moschcowitz in 1924. The underlying mechanism was determined in the 1980s and 1990s.	https://en.wikipedia.org/wiki/Thrombotic_thrombocytopenic_purpura
D011782	Quadriplegia	Tetraplegia	Tetraplegia, also known as quadriplegia, is defined as the dysfunction or loss of motor and/or sensory function in the cervical area of the spinal cord. A loss of motor function can present as either weakness or paralysis leading to partial or total loss of function in the arms, legs, trunk, and pelvis (paraplegia is similar but affects the thoracic, lumbar, and sacral segments of the spinal cord, and arm function is retained). The paralysis may be flaccid or spastic. A loss of sensory function can present as an impairment or complete inability to sense light touch, pressure, heat, pinprick/pain, and proprioception. In these types of spinal cord injury, it is common to have a loss of both sensation and motor control.	https://en.wikipedia.org/wiki/Tetraplegia
D012001	Hyperacusis	Hyperacusis	Hyperacusis is an increased sensitivity to sound (including pain) and a low tolerance for environmental noise.  Definitions of hyperacusis can vary significantly; it often revolves around damage to or dysfunction of the stapes bone, stapedius muscle or tensor tympani.  It is often categorized into four subtypes: loudness, pain (also called noxacusis), annoyance, and fear. It can be a highly debilitating hearing disorder. There are a variety of causes and risk factors, with the most common being exposure to loud noise. It is often coincident with tinnitus. Proposed mechanisms in the literature involve dysfunction in the brain, inner ear, or middle ear. Little is known about the prevalence of hyperacusis, in part due to the degree of variation in the term's definition. Reported prevalence estimates vary widely, and further research is needed to obtain strong epidemiological data.	https://en.wikipedia.org/wiki/Hyperacusis
D012021	Reflex, Abnormal		Description not found.	
D012133	Respiratory Paralysis		Description not found.	
D012135	Respiratory Sounds		Description not found.	
D012148	Restless Legs Syndrome	Restless legs syndrome	Restless legs syndrome (RLS), also known as Willis–Ekbom disease (WED), is a neurological disorder, usually chronic, that causes an overwhelming urge to move one's legs. There is often an unpleasant feeling in the legs that improves temporarily by moving them. This feeling is often described as aching, tingling, or crawling in nature. Occasionally, arms may also be affected. The feelings generally happen when at rest and therefore can make it hard to sleep. Sleep disruption may leave people with RLS sleepy during the day, with low energy, and irritable or depressed. Additionally, many have limb twitching during sleep, a condition known as periodic limb movement disorder (PLMD). RLS is not the same as habitual foot-tapping or leg-rocking.	https://en.wikipedia.org/wiki/Restless_legs_syndrome
D012166	Retinal Hemorrhage		Description not found.	
D012415	Rubinstein-Taybi Syndrome	Rubinstein–Taybi syndrome	Rubinstein–Taybi syndrome (RTS) is a rare genetic condition characterized by short stature, moderate to severe learning difficulties, distinctive facial features, and broad thumbs and first toes. Other features of the disorder vary among affected individuals. These characteristics are caused by a mutation or deletion in the CREBBP gene, located on chromosome 16, and/or the EP300 gene, located on chromosome 22. This condition is sometimes inherited as an autosomal dominant pattern, but often as a de novo. It affects an estimated 1 in 125,000-300,000 births.	https://en.wikipedia.org/wiki/Rubinstein%E2%80%93Taybi_syndrome
D012585	Sciatica	Sciatica	Sciatica is pain going down the leg from the lower back. This pain may extend down the back, outside, or front of the leg. The onset is often sudden following activities such as heavy lifting, although it may also occur gradually.  The pain is often described as shooting. Typically, symptoms occur on only one side of the body; certain causes, however, may result in pain on both sides. Lower back pain is sometimes present. Weakness or numbness may occur in different parts of the affected leg and foot. About 90% of sciatica is due to a spinal disc herniation pressing on one of the lumbar or sacral nerve roots. Spondylolisthesis, spinal stenosis, piriformis syndrome, pelvic tumors, and pregnancy are other possible causes of sciatica. The straight-leg-raising test is often helpful in diagnosis. The test is positive if, when the leg is raised while a person is lying on their back, pain shoots below the knee. In most cases medical imaging is not needed. However, imaging may be obtained if bowel or bladder function is affected, there is significant loss of feeling or weakness, symptoms are long standing, or there is a concern for tumor or infection. Conditions that can present similarly are diseases of the hip and infections such as early shingles (prior to rash formation). Initial treatment typically consists of pain medications. However, evidence for effectiveness of pain medication, and of muscle relaxants, is lacking. It is generally recommended that people continue with normal activity to the best of their abilities. Often all that is required for resolution of sciatica is time; in about 90% of cases, symptoms resolve in less than six weeks. If the pain is severe and lasts for more than six weeks, surgery may be an option. While surgery often speeds pain improvement, its long term benefits are unclear. Surgery may be required if complications occur, such as loss of normal bowel or bladder function. Many treatments, including corticosteroids, gabapentin, pregabalin, acupuncture, heat or ice, and spinal manipulation, have only limited or poor evidence supporting their use. Depending on how it is defined, less than 1% to 40% of people have sciatica at some point in time. Sciatica is most common between the ages of 40 and 59, and men are more frequently affected than women. The condition has been known since ancient times. The first known modern use of the word sciatica dates from 1451, although Dioscorides (1st-century CE) mentions it in his Materia Medica.	https://en.wikipedia.org/wiki/Sciatica
D012607	Scotoma	Scotoma	"A scotoma is an area of partial alteration in the field of vision consisting of a partially diminished or entirely degenerated visual acuity that is surrounded by a field of normal – or relatively well-preserved – vision. Every normal mammalian eye has a scotoma in its field of vision, usually termed its blind spot.  This is a location with no photoreceptor cells, where the retinal ganglion cell axons that compose the optic nerve exit the retina. This location is called the optic disc. There is no direct conscious awareness of visual scotomas. They are simply regions of reduced information within the visual field. Rather than recognizing an incomplete image, patients with scotomas report that things ""disappear"" on them. The presence of the blind spot scotoma can be demonstrated subjectively by covering one eye, carefully holding fixation with the open eye, and placing an object (such as one's thumb) in the lateral and horizontal visual field, about 15 degrees from fixation. The size of the monocular scotoma is 5×7 degrees of visual angle. A scotoma can be a symptom of damage to any part of the visual system, such as retinal damage from exposure to high-powered lasers, macular degeneration, and brain damage. The term scotoma is also used metaphorically in several fields. The common theme of all the figurative senses is of a gap not in visual function but in the mind's perception, cognition, or world view. The term is from Greek  σκότος (skótos) 'darkness'."	https://en.wikipedia.org/wiki/Scotoma
D012640	Seizures	Seizure	A seizure is a sudden disruption of brain activity caused by excessive, synchronized neuronal firing that results in changes in behavior. This neurological condition is common, affecting approximately 50 million individuals around the world. Depending on the regions of the brain involved, seizures can lead to changes in movement, sensation, behavior, awareness, or consciousness. Symptoms vary widely. Some seizures involve subtle changes, such as brief lapses in attention or awareness (as seen in absence seizures), while others cause generalized convulsions with loss of consciousness (tonic–clonic seizures). Most seizures last less than two minutes and are followed by a postictal period of confusion, fatigue, or other symptoms. Status epilepticus is a medical emergency consisting of a seizure that lasts longer than five minutes, or multiple seizures without full recovery between episodes. Seizures are classified as provoked when they are triggered by a known cause such as fever, acute head trauma, or metabolic imbalance. Unprovoked seizures occur when no immediate trigger is identified. Recurrent unprovoked seizures define the neurological condition epilepsy.	https://en.wikipedia.org/wiki/Seizure
D012678	Sensation Disorders		Description not found.	
D012817	Signs and Symptoms, Digestive		Description not found.	
D012818	Signs and Symptoms, Respiratory		Description not found.	
D012877	Skin Manifestations		Description not found.	
D012891	Sleep Apnea Syndromes		Description not found.	
D012892	Sleep Deprivation	Sleep deprivation	Sleep deprivation, also known as sleep insufficiency or sleeplessness, is the health condition of not having adequate duration or quality of sleep to support proper alertness, performance, and health. It can be either chronic or acute and may vary widely in severity. This means it can occur over both short and long periods. Sleep is important because adequate sleep, or restful sleep, is essential for maintaining overall health, brain performance, emotional regulation, and metabolic balance. Persistent sleep insufficiency can contribute to cognitive decline, emotional instability, and biological wear that has effects similar to accelerated aging. Scientific research demonstrates that inadequate sleep produces chronic consequences for overall health, ranging from attentional lapses to long-term neurodegenerative changes. The human body and most living organisms depend on sleep for neural recovery. All known animals sleep or exhibit some form of sleep behavior, and the importance of sleep is self-evident for humans, as nearly a third of a person's life is spent sleeping. Sleep deprivation is common, affecting about one-third of the population. The US National Sleep Foundation recommends that adults aim for 7 hours of sleep per night. Children and teenagers require even more sleep, ranging from 8–16 hours per night. For healthy young individuals with normal sleep, the appropriate sleep duration for school-aged children is between 9 and 11 hours. Acute sleep deprivation occurs when a person sleeps less than usual or does not sleep at all for a short period, typically lasting one to two days. However, if sleeplessness persists without external factors, it may lead to chronic sleep issues. Chronic sleep deprivation occurs when a person routinely sleeps less than the amount required for proper functioning. The amount of sleep needed depends on factors such as sleep quality, age, pregnancy, and the level of sleep deprivation. Sleep deprivation is linked to various adverse health outcomes, including cognitive impairments, mood disturbances, and increased risk for chronic conditions. A meta-analysis published in Sleep Medicine Reviews indicates that individuals who experience chronic sleep deprivation are at a higher risk for developing conditions such as obesity, diabetes, and cardiovascular diseases. Insufficient sleep has been linked to weight gain, high blood pressure, diabetes, depression, heart disease, and strokes. Sleep deprivation can also lead to high anxiety, irritability, erratic behavior, poor cognitive functioning and performance, and psychotic episodes. A chronic sleep-restricted state adversely affects the brain and cognitive function. However, in a subset of cases, sleep deprivation can paradoxically lead to increased energy and alertness; although its long-term consequences have never been evaluated, sleep deprivation has even been used as a treatment for depression. To date, most sleep deprivation studies have focused on acute sleep deprivation, suggesting that acute sleep deprivation can cause significant damage to cognitive, emotional, and physical functions and brain mechanisms. Few studies have compared the effects of acute total sleep deprivation and chronic partial sleep restriction. A complete absence of sleep over a long period is not frequent in humans (unless they have fatal insomnia or specific issues caused by surgery); it appears that brief microsleeps cannot be avoided. Long-term total sleep deprivation has caused death in lab animals.	https://en.wikipedia.org/wiki/Sleep_deprivation
D012893	Sleep Disorders	List of Hindawi academic journals	This is a list of academic journals published by Hindawi.	https://en.wikipedia.org/wiki/List_of_Hindawi_academic_journals
D012912	Sneezing	Sneeze	A sneeze (also known as sternutation) is a semi-autonomous, convulsive expulsion of air from the lungs through the nose and mouth, usually caused by foreign particles irritating the nasal mucosa. A sneeze expels air forcibly from the mouth and nose in an explosive, spasmodic involuntary action. This action allows for mucus to escape through the nasal cavity and saliva to escape from the oral cavity. Sneezing is possibly linked to sudden exposure to bright light (known as photic sneeze reflex), sudden change (drop) in temperature, breeze of cold air, a particularly full stomach, exposure to allergens, or viral infection. Because sneezes can spread disease through infectious aerosol droplets, it is recommended to cover one's mouth and nose with the forearm, the inside of the elbow, a facial tissue or a handkerchief while sneezing. In addition to covering the mouth, looking down is also recommended to change the direction of the droplets spread and avoid high concentration in the human breathing heights. The function of sneezing is to expel mucus containing foreign particles or irritants and cleanse the nasal cavity. During a sneeze, the soft palate and palatine uvula depress while the back of the tongue elevates to partially close the passage to the mouth, creating a venturi (similar to a carburetor) due to Bernoulli's principle so that air ejected from the lungs is accelerated through the mouth and thus creating a low pressure point at the back of the nose. This way air is forced in through the front of the nose and the expelled mucus and contaminants are launched out the mouth. Sneezing with the mouth closed does expel mucus through the nose but is not recommended because it creates a very high pressure in the head and is potentially harmful.	https://en.wikipedia.org/wiki/Sneeze
D012913	Snoring	Snoring	Snoring (or stertor, from Latin  stertere 'to snore') is an abnormal breath sound caused by partially obstructed, turbulent airflow and vibration of tissues in the upper respiratory tract (e.g., uvula, soft palate, base of tongue) which occurs during sleep. It usually happens during inhalations (breathing in). Primary snoring is snoring without any associated sleep disorders and usually without any serious health effects. It is usually defined as apnea–hypopnea index score or respiratory disturbance index score less than 5 events per hour (as diagnosed with polysomnography or home sleep apnea test) and lack of daytime sleepiness. Snoring may also be a symptom of upper airway resistance syndrome or obstructive sleep apnea (apneic snoring). In obstructive sleep apnea, snoring occurs in combination with breath holding, gasping, or choking.	https://en.wikipedia.org/wiki/Snoring
D013009	Somnambulism	Sleepwalking	Sleepwalking, also known as somnambulism or noctambulism, is a phenomenon of combined sleep and wakefulness. It is classified as a sleep disorder belonging to the parasomnia family. It can also be understood as a disorder of state dissociation, which features of wakefulness and deep non-REM sleep occurring simultaneously in different brain regions. It occurs during the slow wave stage of sleep, in a state of low consciousness, with performance of activities that are usually performed during a state of full consciousness. These activities can be as benign as talking, sitting up in bed, walking to a bathroom, consuming food, and cleaning, or as hazardous as cooking, driving a motor vehicle, violent gestures and grabbing at hallucinated objects. Although sleepwalking cases generally consist of simple, repeated behaviors, there are occasionally reports of people performing complex behaviors while asleep, although their legitimacy is often disputed. Sleepwalkers often have little or no memory of the incident, although some partial recall has been reported. Although their eyes are open, their expression is dim and glazed over. This may last from 30 seconds to 30 minutes. Sleepwalking occurs during slow-wave sleep (N3) of non-rapid eye movement sleep (NREM sleep) cycles. It typically occurs within the first third of the night when slow-wave sleep is most prominent. Usually, it will occur once in a night, if at all.	https://en.wikipedia.org/wiki/Sleepwalking
D013035	Spasm	Spasm	A spasm is a sudden involuntary contraction of a muscle, a group of muscles, or a hollow organ, such as the bladder. A spasmodic muscle contraction may be caused by many medical conditions, including dystonia. Most commonly, it is a muscle cramp which is accompanied by a sudden burst of pain. A muscle cramp is usually harmless and ceases after a few minutes. It is typically caused by ion imbalance or muscle fatigue. There are other causes of involuntary muscle contractions, and some of these may cause a health problem.	https://en.wikipedia.org/wiki/Spasm
D013064	Speech Disorders		Description not found.	
D013342	Stuttering	Stuttering	Stuttering, also known as stammering, is a speech disorder characterized externally by involuntary repetitions and prolongations of sounds, syllables, words, or phrases as well as involuntary silent pauses called blocks in which the person who stutters is unable to produce sounds. Almost 80 million people worldwide stutter, about 1% of the world's population, with a prevalence among males at least twice that of females. Persistent stuttering into adulthood often leads to outcomes detrimental to overall mental health, such as social isolation and suicidal thoughts. Stuttering is not connected to the physical ability to produce phonemes (i.e. it is unrelated to the structure or function of the vocal cords). It is also unconnected to the structuring of thoughts into coherent sentences inside sufferers' brains, meaning that people with a stutter know precisely what they are trying to say (in contrast with alternative disorders like aphasia). Stuttering is purely a neurological disconnect between intent and outcome during the task of expressing each individual sound. While there are rarer neurogenic (e.g. acquired during physical insult) and psychogenic (e.g. acquired after adult-onset mental illness or trauma) variants, the typical etiology, development, and presentation is that of idiopathic stuttering in childhood that then becomes persistent into adulthood. Acute nervousness and stress do not cause stuttering but may trigger increased stuttering in people who have the disorder. There is a significant correlation between anxiety, particularly social anxiety, and stuttering, but stuttering is a distinct, engrained neurobiological phenomenon and thus only exacerbated, not caused, by anxiety. Anxiety consistently worsens stuttering symptoms in acute settings in those with comorbid anxiety disorders. Living with a stutter can create chronic stress that harms the body over time. However, stress itself does not cause people to develop a stutter.	https://en.wikipedia.org/wiki/Stuttering
D013494	Supranuclear Palsy, Progressive		Description not found.	
D013575	Syncope	Syncope	Syncope or Syncopy may refer to:  Syncope (medicine), also known as fainting or passing out, a loss of consciousness Syncope (phonology), the loss of one or more sounds, particularly an unstressed vowel, from the interior of a word Syncopation, a musical effect caused by off-beat or otherwise unexpected rhythms Syncopation (dance), or syncopated step, a step on an unstressed beat Suspension, in music Syncope (frog), a genus of microhylidae frogs Syncopy Inc., a British film production company	https://en.wikipedia.org/wiki/Syncope
D013651	Taste Disorders		Description not found.	
D013746	Tetany	Tetany	Tetany or tetanic seizure is a medical sign consisting of the involuntary contraction of muscles, which may be caused by disorders that increase the action potential frequency of muscle cells or of the nerves that innervate them. Muscle cramps caused by the disease tetanus are not classified as tetany; rather, they are due to a lack of inhibition to the neurons that supply muscles. Tetanic contractions (physiologic tetanus) have a broad range of muscle contraction types, of which tetany is only one.	https://en.wikipedia.org/wiki/Tetany
D013851	Thinness	Underweight	Underweight is a term describing a person whose body weight is considered too low to be healthy. The definition usually refers to people with a body mass index (BMI) of under 18.5 or a weight 15% to 20% below that normal for their age and height group. While obesity is a major public health concern in many developed nations, being underweight can also carry significant health risks and is a primary cause of mortality in developing countries.	https://en.wikipedia.org/wiki/Underweight
D014008	Tinea Pedis		Description not found.	
D014012	Tinnitus	Tinnitus	"Tinnitus is a condition when a person hears a ringing sound or a different variety of sounds when no corresponding external sound is present and that other people cannot hear. The word tinnitus comes from the Latin tinnire, ""to ring"". Tinnitus may be associated with hearing loss or decreased comprehension of speech in noisy environments. It is common, affecting about 10–15% of people. Most tolerate it well, and it is a significant (severe) problem in only 1–2% of people.  Rather than a disease, tinnitus is a symptom that may result from a variety of underlying causes and may be generated at any level of the auditory system as well as outside that system. The most common causes are hearing damage, noise-induced hearing loss, or age-related hearing loss, known as presbycusis. Other causes include ear infections, disease of the heart or blood vessels, Ménière's disease, brain tumors, acoustic neuromas (tumors on the auditory nerves of the ear), migraines, temporomandibular joint disorders, exposure to certain medications, a previous head injury, and earwax. In some people, it interferes with concentration, and can be associated with anxiety and depression. It can suddenly emerge or increase during a period of emotional stress. It may have a higher incidence in people with depression. The diagnosis of tinnitus is usually based on a person's description of the symptoms they are experiencing. Such a diagnosis is commonly supported by an audiogram, and an otolaryngological and neurological examination. How much tinnitus interferes with a person's life may be quantified with questionnaires. If certain problems are found, medical imaging, such as magnetic resonance imaging (MRI), may be performed. Other tests are suitable when tinnitus occurs with the same rhythm as the heartbeat. Rarely, the sound may be heard by someone other than the person affected by using a stethoscope, in which case it is known as ""objective tinnitus"". Occasionally, spontaneous otoacoustic emissions, sounds produced normally by the inner ear, may result in tinnitus. Measures to prevent tinnitus include avoiding chronic or extended exposure to loud noise, and limiting exposure to drugs and substances harmful to the ear (ototoxic). If there is an underlying cause, treating that cause may lead to improvements. Otherwise, typically, tinnitus management involves psychoeducation or counseling, such as talk therapy. Sound generators or hearing aids may help, but there are no drugs to treat the condition."	https://en.wikipedia.org/wiki/Tinnitus
D014098	Toothache	Toothache	"Toothaches, also known as dental pain or tooth pain, is pain in the teeth or their supporting structures, caused by dental diseases or pain referred to the teeth by non-dental diseases. When severe it may impact sleep, eating, and other daily activities. Common causes include inflammation of the pulp (usually in response to tooth decay, dental trauma, or other factors), dentin hypersensitivity, apical periodontitis (inflammation of the periodontal ligament and alveolar bone around the root apex), dental abscesses (localized collections of pus), alveolar osteitis (""dry socket"", a possible complication of tooth extraction), acute necrotizing ulcerative gingivitis (a gum infection), and temporomandibular disorder. Pulpitis is reversible when the pain is mild to moderate and lasts for a short time after a stimulus (for instance cold); or irreversible when the pain is severe, spontaneous, and lasts a long time after a stimulus. Left untreated, pulpitis may become irreversible, then progress to pulp necrosis (death of the pulp) and apical periodontitis. Abscesses usually cause throbbing pain. The apical abscess usually occurs after pulp necrosis, the pericoronal abscess is usually associated with acute pericoronitis of a lower wisdom tooth, and periodontal abscesses usually represent a complication of chronic periodontitis (gum disease). Less commonly, non-dental conditions can cause toothache, such as maxillary sinusitis, which can cause pain in the upper back teeth, or angina pectoris, which can cause pain in the lower teeth. Correct diagnosis can sometimes be challenging. Proper oral hygiene helps to prevent toothache by preventing dental disease. The treatment of a toothache depends upon the exact cause, and may involve a filling, root canal treatment, extraction, drainage of pus, or other remedial action. The relief of toothache is considered one of the main responsibilities of dentists. Toothache is the most common type of pain in the mouth or face. It is one of the most common reasons for emergency dental appointments. In 2013, 223 million cases of toothache occurred as a result of dental caries in permanent teeth and 53 million cases occurred in baby teeth. Historically, the demand for treatment of toothache is thought to have led to the emergence of dental surgery as the first specialty of medicine."	https://en.wikipedia.org/wiki/Toothache
D014103	Torticollis	Torticollis	Torticollis, also known as wry neck, is an extremely painful, dystonic condition defined by an abnormal, asymmetrical head or neck position, which may be due to a variety of causes. The term torticollis is derived from Latin  tortus 'twisted' and  collum 'neck'. The most common case has no obvious cause, and the pain and difficulty in turning the head usually goes away after a few days, even without treatment in adults.	https://en.wikipedia.org/wiki/Torticollis
D014202	Tremor	Tremor	A tremor is an involuntary, somewhat rhythmic muscle contraction and relaxation involving oscillations or twitching movements of one or more body parts. It is the most common of all involuntary movements and can affect the hands, arms, eyes, face, head, vocal folds, trunk, and legs. Most tremors occur in the hands. In some people, a tremor is a symptom of another neurological disorder.	https://en.wikipedia.org/wiki/Tremor
D014313	Trismus	Trismus	Trismus is a condition of restricted opening of the mouth. The term was initially used in the setting of tetanus. Trismus may be caused by spasm of the muscles of mastication or a variety of other causes. Temporary trismus occurs much more frequently than permanent trismus. It is known to interfere with eating, speaking, and maintaining proper oral hygiene. This interference, specifically with an inability to swallow properly, results in an increased risk of aspiration. In some instances, trismus presents with altered facial appearance.  The condition may be distressing and painful. Examination and treatments requiring access to the oral cavity can be limited, or in some cases impossible, due to the nature of the condition itself.	https://en.wikipedia.org/wiki/Trismus
D014474	Unconsciousness	Unconsciousness	Unconsciousness is a state in which a living individual exhibits a complete, or near-complete, inability to maintain an awareness of self and environment or to respond to any human or environmental stimulus. Unconsciousness may occur as the result of traumatic brain injury, brain hypoxia (inadequate oxygen, possibly due to a brain infarction or cardiac arrest), severe intoxication with drugs that depress the activity of the central nervous system (e.g., alcohol and other hypnotic or sedative drugs), severe fatigue, pain, anaesthesia, and other causes. Loss of consciousness should not be confused with the notion of the psychoanalytic unconscious, cognitive processes that take place outside awareness (e.g., implicit cognition), and with altered states of consciousness such as sleep, delirium, hypnosis, and other altered states in which the person responds to stimuli, including trance and psychedelic experiences.	https://en.wikipedia.org/wiki/Unconsciousness
D014549	Urinary Incontinence	Urinary incontinence	"Urinary incontinence (UI), also known as involuntary urination, is any uncontrolled leakage of urine. It is a common and distressing problem, which may have a significant effect on quality of life. Urinary incontinence is common in older women and has been identified as an important issue in geriatric health care. The term enuresis is often used to refer to urinary incontinence primarily in children, such as nocturnal enuresis (bed wetting). UI is an example of a stigmatized medical condition, which creates barriers to successful management and makes the problem worse. People may be too embarrassed to seek medical help and attempt to self-manage the symptom in secrecy from others. Pelvic surgery, pregnancy, childbirth, attention deficit hyperactivity disorder (ADHD), and menopause are major risk factors. Urinary incontinence is often a result of an underlying medical condition but is under-reported to medical practitioners. There are four main types of incontinence:  Urge incontinence due to an overactive bladder Stress incontinence due to ""a poorly functioning urethral sphincter muscle (intrinsic sphincter deficiency) or to hypermobility of the bladder neck or urethra"" Overflow incontinence due to either poor bladder contraction or blockage of the urethra Mixed incontinence involving features of different other types Treatments include behavioral therapy, pelvic floor muscle training, bladder training, medication, surgery, and electrical stimulation. Treatments that incorporate behavioral therapy are more likely to improve or cure stress, urge, and mixed incontinence, whereas, there is limited evidence to support the benefit of hormones and periurethral bulking agents. The complications and long-term safety of the treatments is variable."	https://en.wikipedia.org/wiki/Urinary_incontinence
D014550	Urinary Incontinence, Stress		Description not found.	
D014717	Vertigo	Vertigo	Vertigo is a condition in which a person has the sensation that they are moving, or that objects around them are moving, when that is not the case. Often it feels like a spinning or swaying movement. It may be associated with nausea, vomiting, perspiration, or difficulties walking. It is typically worse when the head is moved. Vertigo is the most common type of dizziness. The most common disorders that result in vertigo are benign paroxysmal positional vertigo (BPPV), Ménière's disease, and vestibular neuritis. Less common causes include stroke, brain tumors, brain injury, multiple sclerosis, migraines, trauma, and uneven pressures between the middle ears. Physiologic vertigo may occur following being exposed to motion for a prolonged period such as when on a ship or simply following spinning with the eyes closed. Other causes may include toxin exposures such as to carbon monoxide, alcohol, or aspirin. Vertigo typically indicates a problem in a part of the vestibular system. Other causes of dizziness include presyncope, disequilibrium, and non-specific dizziness. Benign paroxysmal positional vertigo is more likely in someone who gets repeated episodes of vertigo with movement and is otherwise normal between episodes. Benign vertigo episodes generally last less than one minute. The Dix-Hallpike test typically produces a period of rapid eye movements known as nystagmus in this condition. In Ménière's disease, there is often ringing in the ears, hearing loss, and the attacks of vertigo last more than twenty minutes. In vestibular neuritis, the onset of vertigo is sudden, and the nystagmus occurs even when the person has not been moving. In this condition, vertigo can last for days. More severe causes should also be considered, especially if other problems such as weakness, headache, double vision, or numbness occur. Dizziness affects approximately 20–40% of people at some point, while about 7.5–10% have vertigo. About 5% have vertigo in a given year. It becomes more common with age and affects women two to three times more often than men. Vertigo accounts for about 2–3% of emergency department visits in the developed world.	https://en.wikipedia.org/wiki/Vertigo
D014770	Virilism	Virilization	Virilization or masculinization is the biological development of adult male characteristics in young males or females. Most of the changes of virilization are produced by androgens. Virilization is a medical term commonly used in three medical and biology of sex contexts: prenatal biological sexual differentiation, the postnatal changes of typical chromosomal male (46, XY) puberty, and excessive androgen effects in typical chromosomal females (46, XX). It is also the intended result of androgen replacement therapy in males with delayed puberty and low testosterone.	https://en.wikipedia.org/wiki/Virilization
D014786	Vision Disorders		Description not found.	
D014823	Vitreous Hemorrhage	Vitreous hemorrhage	Vitreous hemorrhage is the extravasation, or leakage, of blood into the areas in and around the vitreous humor of the eye. The vitreous humor is the clear gel that fills the space between the lens and the retina of the eye. A variety of conditions can result in blood leaking into the vitreous humor, which can cause impaired vision, floaters, and photopsia.	https://en.wikipedia.org/wiki/Vitreous_hemorrhage
D014826	Vocal Cord Paralysis		Description not found.	
D014832	Voice Disorders		Description not found.	
D014839	Vomiting	Vomiting	Vomiting (scientifically known as emesis, and otherwise known as puking, and throwing up) is the forceful expulsion of the contents of one's stomach through the mouth and sometimes the nose. The vomited contents are known as vomit or vomitus. Vomiting can be the result of ailments such as food poisoning, gastroenteritis, pregnancy, motion sickness, or hangover; or it can be an after effect of diseases such as brain tumors, elevated intracranial pressure, or overexposure to ionizing radiation. The feeling that one is about to vomit is called nausea; it often precedes, but does not always lead to vomiting. Impairment due to alcohol, anesthesia, or other sedatives can cause inhalation of vomit. In severe cases, where dehydration develops, intravenous fluid may be required. Antiemetics are sometimes necessary to suppress nausea and vomiting. Self-induced vomiting can be a component of an eating disorder such as bulimia nervosa, and is itself now classified as an eating disorder on its own, purging disorder.	https://en.wikipedia.org/wiki/Vomiting
D014840	Vomiting, Anticipatory		Description not found.	
D014884	Waterhouse-Friderichsen Syndrome		Description not found.	
D014929	Wolfram Syndrome		Description not found.	
D015160	Hydrops Fetalis	Hydrops fetalis	Hydrops fetalis or hydrops foetalis is a condition in the fetus characterized by an accumulation of fluid, or edema, in at least two fetal compartments. By comparison, hydrops allantois or hydrops amnion is an accumulation of excessive fluid in the allantoic or amniotic space, respectively.	https://en.wikipedia.org/wiki/Hydrops_fetalis
D015325	Pyruvate Dehydrogenase Complex Deficiency Disease		Description not found.	
D015354	Vision, Low		Description not found.	
D015430	Weight Gain	Weight gain	Weight gain is an increase in body weight. This can involve an increase in muscle mass, fat deposits, excess fluids such as water or other factors. Weight gain can be a symptom of a serious medical condition.	https://en.wikipedia.org/wiki/Weight_gain
D015431	Weight Loss	Weight loss	"In medicine, health, or physical fitness, weight loss is a reduction of the total body mass, by a mean loss of fluid, body fat (adipose tissue), or lean mass (namely bone mineral deposits, muscle, tendon, and other connective tissue). Weight loss can either occur unintentionally because of malnourishment or an underlying disease, or from a conscious effort to improve an actual or perceived overweight or obese state.  ""Unexplained"" weight loss that is not caused by reduction in calorific intake or increase in exercise is called cachexia and may be a symptom of a serious medical condition."	https://en.wikipedia.org/wiki/Weight_loss
D015518	Rett Syndrome	Rett syndrome	Rett syndrome (RTT) is a genetic disorder that typically becomes apparent after 6–18 months of age and almost exclusively in girls. Symptoms include impairments in language and coordination, and repetitive movements. Those affected often have slower growth, difficulty walking, and a smaller head size. Complications of Rett syndrome can include seizures, scoliosis, and sleeping problems. The severity of the condition is variable. Rett syndrome is due to a genetic mutation, usually in the MECP2 gene, on the X chromosome.  It almost always occurs as a new mutation, with less than one percent of cases being inherited. It occurs almost exclusively in girls; boys who have a similar mutation typically die shortly after birth. Diagnosis is based on the symptoms and can be confirmed with genetic testing. There is no known cure for Rett syndrome. Treatment is directed at improving symptoms. Anticonvulsants may be used to help with seizures. Special education, physiotherapy, and leg braces may also be useful depending on the needs of the child. Many of those with the condition live into middle age. The condition affects about 1 in 8,500 females.  In 1999, Lebanese-American physician Huda Zoghbi discovered the mutation that causes the condition.	https://en.wikipedia.org/wiki/Rett_syndrome
D015746	Abdominal Pain	Abdominal pain	Abdominal pain, also known as a stomach ache, is a symptom associated with both non-serious and serious medical issues. Since the abdomen contains most of the body's vital organs, it can be an indicator of a wide variety of diseases. Given that, approaching the examination of a person and planning of a differential diagnosis is extremely important.  Common causes of pain in the abdomen include gastroenteritis and irritable bowel syndrome. About 15% of people have a more serious underlying condition such as appendicitis, leaking or ruptured abdominal aortic aneurysm, diverticulitis, or ectopic pregnancy. In a third of cases, the exact cause is unclear.	https://en.wikipedia.org/wiki/Abdominal_pain
D015845	Tonic Pupil		Description not found.	
D015875	Anisocoria	Anisocoria	Anisocoria is a condition characterized by an unequal size of the eyes' pupils. Affecting up to 20% of the population, anisocoria is often entirely harmless, but can be a sign of more serious medical problems.	https://en.wikipedia.org/wiki/Anisocoria
D015877	Miosis	Miosis	Miosis, or myosis (from Ancient Greek  μύειν (múein) 'to close the eyes'), is excessive constriction of the pupil. The opposite condition, mydriasis, is the dilation of the pupil. Anisocoria is the condition of one pupil being more dilated than the other.	https://en.wikipedia.org/wiki/Miosis
D015878	Mydriasis	Mydriasis	Mydriasis is the dilation of the pupil, usually having a non-physiological cause, or sometimes a physiological pupillary response. Non-physiological causes of mydriasis include disease, trauma, or the use of certain types of drugs. It may also be of unknown cause. Normally, as part of the pupillary light reflex, the pupil dilates in the dark and constricts in the light to respectively improve vividity at night and to protect the retina from sunlight damage during the day. A mydriatic pupil will remain excessively large even in a bright environment. The excitation of the radial fibres of the iris which increases the pupillary aperture is referred to as a mydriasis. More generally, mydriasis also refers to the natural dilation of pupils, for instance in low light conditions or under sympathetic stimulation. Mydriasis is frequently induced by drugs for certain ophthalmic examinations and procedures, particularly those requiring visual access to the retina. Fixed, unilateral mydriasis could be a symptom of raised intracranial pressure. The opposite, constriction of the pupil, is referred to as miosis. Both mydriasis and miosis can be physiological. Anisocoria is the condition of one pupil being more dilated than the other.	https://en.wikipedia.org/wiki/Mydriasis
D016532	Mucopolysaccharidosis II	Hunter syndrome	Hunter syndrome, or mucopolysaccharidosis type II (MPS II), is a rare inherited lysosomal storage disease in which large sugar molecules called glycosaminoglycans (or GAGs or mucopolysaccharides) build up in body tissues. Hunter syndrome is caused by a deficiency of the lysosomal enzyme iduronate-2-sulfatase (I2S). The lack of this enzyme causes heparan sulfate and dermatan sulfate to accumulate in all body tissues. Hunter syndrome is the only MPS syndrome to exhibit X-linked recessive inheritance. The symptoms of Hunter syndrome are comparable to those of MPS I. It causes abnormalities in many organs, including the skeleton, heart, and respiratory system. In severe cases, this leads to death during the teenage years. Unlike MPS I, corneal clouding is not associated with this disease.	https://en.wikipedia.org/wiki/Hunter_syndrome
D016534	Cardiac Output, High		Description not found.	
D016553	Purpura, Thrombocytopenic, Idiopathic		Description not found.	
D016857	Hypocapnia	Hypocapnia	Hypocapnia (from the Greek words ὑπό meaning below normal and καπνός kapnós meaning smoke), also known as hypocarbia, sometimes incorrectly called acapnia, is a state of reduced carbon dioxide in the blood. Hypocapnia usually results from deep or rapid breathing, known as hyperventilation. Hypocapnia is the opposite of hypercapnia. Short term hypocapnia does not usually have any adverse effects. It is sometimes used as lifesaving treatment for conditions such as neonatal pulmonary-artery hypertension and for people with severe intracranial hypertension. If the state of hypocapnia persists or is prolonged, adverse outcomes may occur.	https://en.wikipedia.org/wiki/Hypocapnia
D017109	Akathisia, Drug-Induced		Description not found.	
D017116	Low Back Pain		Description not found.	
D017246	Ophthalmoplegia, Chronic Progressive External		Description not found.	
D017288	Pain Threshold		Description not found.	
D017566	Microvascular Angina		Description not found.	
D017593	Kleine-Levin Syndrome	Kleine–Levin syndrome	Kleine–Levin syndrome (KLS) is a rare neurological disorder characterized by persistent episodic hypersomnia accompanied by cognitive and behavioral changes. These changes may include disinhibition (failure to inhibit actions or words), sometimes manifested through hypersexuality, hyperphagia or emotional lability, and other symptoms, such as derealization. Patients generally experience recurrent episodes of the condition for more than a decade, which may return at a later age. Individual episodes generally last more than a week, sometimes lasting for months. The condition greatly affects the personal, professional, and social lives of those with KLS. The severity of symptoms and the course of the syndrome vary between those with KLS. Patients commonly have about 20 episodes over about a decade. Several months may elapse between episodes. The onset of the condition usually follows a viral infection (72% of patients); several different viruses have been observed to trigger KLS.  It is generally only diagnosed after similar conditions have been excluded; MRI, CT scans, lumbar puncture, and toxicology tests are used to rule out other possibilities. The syndrome's mechanism is not known, but the thalamus is thought to possibly play a role. SPECT has shown thalamic hypoperfusion in patients during episodes. KLS is very rare, occurring at a rate of 1 in 500,000, which limits research into genetic factors. The condition primarily affects teenagers (81% of reported patients), with a bias towards males (68-72% of cases), though females can also be affected, and the age of onset varies.  There is no known cure and little evidence supporting drug treatment. Lithium has been reported to have limited effects in case reports, decreasing the length of episodes and increasing the duration between them in some patients. Stimulants have been shown to promote wakefulness during episodes, but they do not counteract cognitive symptoms or decrease the duration of episodes. The condition is named after Willi Kleine and Max Levin, who described cases of the disease in the early 20th century. It was added to the International Classification of Sleep Disorders in 1990.	https://en.wikipedia.org/wiki/Kleine%E2%80%93Levin_syndrome
D017624	WAGR Syndrome		Description not found.	
D017699	Pelvic Pain		Description not found.	
D017827	Machado-Joseph Disease	Machado–Joseph disease	"Machado–Joseph disease (MJD), also known as Machado–Joseph Azorean disease, Machado's disease, Joseph's disease or spinocerebellar ataxia type 3 (SCA3), is a rare autosomal dominantly inherited neurodegenerative disease that causes progressive cerebellar ataxia, which results in a lack of muscle control and coordination of the upper and lower extremities. The symptoms are caused by a genetic mutation that results in an expansion of abnormal ""CAG"" trinucleotide repeats in the ATXN3 gene that results in an abnormal form of the protein ataxin which causes degeneration of cells in the hindbrain. Some symptoms, such as clumsiness and rigidity, make MJD commonly mistaken for drunkenness or Parkinson's disease. Machado–Joseph disease is a type of spinocerebellar ataxia and is the most common cause of autosomal-dominant ataxia. MJD causes ophthalmoplegia and mixed sensory and cerebellar ataxia."	https://en.wikipedia.org/wiki/Machado%E2%80%93Joseph_disease
D018437	Brown-Sequard Syndrome	Brown-Séquard syndrome	Brown-Séquard syndrome (also known as Brown-Séquard's hemiplegia, Brown-Séquard's paralysis, hemiparaplegic syndrome, hemiplegia et hemiparaplegia spinalis, or spinal hemiparaplegia) is a neurological condition caused by damage to one half of the spinal cord. The condition presents clinically with spastic paralysis and loss of fine touch perception, vibratory sensation and proprioception just below the lesion on the same side of the body as the lesion, but with loss of crude touch, pain and temperature sensation on the opposite side and beginning somewhat lower than the lesion. At the level of the lesion, on the same side of the lesion, there is meanwhile a region of flaccid paralysis and complete loss of all sensation. Because injury to a whole half but only one half of the spinal cord only rarely occurs under real-life circumstances, the condition is most often encountered in partial forms. It is named after physiologist Charles-Édouard Brown-Séquard, who first described the condition in 1850.	https://en.wikipedia.org/wiki/Brown-S%C3%A9quard_syndrome
D018458	Persistent Vegetative State	Vegetative state	"A vegetative state (VS)  or post-coma unresponsiveness (PCU) is a disorder of consciousness in which patients with severe brain damage are in a state of partial arousal rather than true awareness. After four weeks in a vegetative state, the patient is classified as being in a persistent vegetative state (PVS). This diagnosis is classified as a permanent vegetative state some months (three in the US and six in the UK) after a non-traumatic brain injury or one year after a traumatic injury. The term unresponsive wakefulness syndrome may be used alternatively, as ""vegetative state"" has some negative connotations among the public. It is occasionally also called Apallic syndrome or Apallisches syndrome, borrowings from German, primarily in European or older sources."	https://en.wikipedia.org/wiki/Vegetative_state
D018476	Hypokinesia	Hypokinesia	Hypokinesia is one of the classifications of movement disorders, and refers to decreased bodily movement. Hypokinesia is characterized by a partial or complete loss of muscle movement due to a disruption in the basal ganglia. Hypokinesia is a symptom of Parkinson's disease shown as muscle rigidity and an inability to produce movement. It is also associated with mental health disorders and prolonged inactivity due to illness, amongst other diseases. The other category of movement disorder is hyperkinesia that features an exaggeration of unwanted movement, such as twitching or writhing in Huntington's disease or Tourette syndrome.	https://en.wikipedia.org/wiki/Hypokinesia
D018489	Space Motion Sickness		Description not found.	
D018496	Hyperoxia	Hyperoxia	Hyperoxia is the state of being exposed to high levels of oxygen; it may refer to organisms, cells and tissues that are experiencing excessive oxygenation, or to an abnormally high oxygen concentration in an environment (e.g. a body of water). In medicine, it refers to excessive oxygen in the lungs or other body tissues, and results from raised alveolar oxygen partial pressure ― that is, alveolar oxygen partial pressure greater than that due to breathing air at normal (sea level) atmospheric pressure.  This can be caused by breathing air at a pressure above normal or by breathing other gas mixtures with a high oxygen fraction, high ambient pressure or both. The body is tolerant of some deviation from normal inspired oxygen partial pressure, but a sufficiently elevated level of hyperoxia can lead to oxygen toxicity over time, with the mechanism related to the partial pressure, and the severity related to the dose. Hyperoxia is the opposite of hypoxia; hyperoxia refers to a state in which oxygen supply to the tissues is excessive, while hypoxia refers to a state in which oxygen supply is insufficient. Supplementary oxygen administration is widely used in emergency and intensive care medicine and can be life-saving in critical conditions, but too much can be harmful and affects a variety of pathophysiological processes. Reactive oxygen species are known problematic by-products of hyperoxia which have an important role in cell signaling pathways. There are a wide range of effects, but when the homeostatic balance is disturbed, reactive oxygen species tend to cause a cycle of tissue injury, with inflammation, cell damage, and cell death.	https://en.wikipedia.org/wiki/Hyperoxia
D018589	Gastroparesis	Gastroparesis	"Gastroparesis (gastro- from Ancient Greek γαστήρ – gaster, ""stomach""; and -paresis, πάρεσις – ""partial paralysis"") is a medical disorder of ineffective neuromuscular contractions (peristalsis) of the stomach, resulting in food and liquid remaining in the stomach for a prolonged period. Stomach contents thus exit more slowly into the duodenum of the digestive tract, a medical sign called delayed gastric emptying. The opposite of this, where stomach contents exit quickly into the duodenum, is called dumping syndrome. Symptoms include nausea, vomiting, abdominal pain, feeling full soon after beginning to eat (early satiety), abdominal bloating, and heartburn. Many or most cases are idiopathic. The most commonly known cause is autonomic neuropathy of the vagus nerve, which innervates the stomach. Uncontrolled diabetes mellitus is a frequent cause of this nerve damage, but trauma to the vagus nerve is also possible. Some cases may be considered post-infectious. Diagnosis is via one or more of the following: barium swallow X-ray, barium beefsteak meal, radioisotope gastric-emptying scan, gastric manometry, esophagogastroduodenoscopy (EGD), and a stable isotope breath test. Complications include malnutrition, fatigue, weight loss, vitamin deficiencies, intestinal obstruction due to bezoars, and small intestinal bacterial overgrowth. There may also be poor glycemic control and irregular absorption of nutrients, particularly in the setting of diabetes. Treatment includes dietary modification, medications to stimulate gastric emptying (including some prokinetic agents), medications to reduce vomiting (including some antiemetics), and surgical approaches. Additionally, gastric electrical stimulation (GES; approved on a humanitarian device exemption) can be used as treatment. Nutrition may be managed variously, ranging from oral dietary modification to jejunostomy feeding tube (if oral intake is inadequate). A gastroparesis diagnosis is associated with poor outcomes, and survival is generally lower among patients than in the general population."	https://en.wikipedia.org/wiki/Gastroparesis
D018614	Sweating Sickness	Sweating sickness	Sweating sickness, also known as the sweats, English sweating sickness, English sweat or sudor anglicus in Latin, was a mysterious and contagious disease that struck England and later continental Europe in a series of epidemics beginning in 1485. Other major outbreaks of the English sweating sickness occurred in 1508, 1517, and 1528, with the last outbreak in 1551, after which the disease apparently vanished. The onset of symptoms was sudden, and death or recovery often occurred within 8–10 hours. Sweating sickness epidemics were unique compared with other disease outbreaks of the time: whereas other epidemics were typically urban and long-lasting, cases of sweating sickness spiked and receded very quickly, significantly affecting rural populations. Its cause remains unknown, although it has been suggested that an unknown species of hantavirus was responsible.	https://en.wikipedia.org/wiki/Sweating_sickness
D018771	Arthralgia	Arthralgia	Arthralgia (from Greek  arthro- 'joint' and  -algos 'pain') literally means 'joint pain'. Specifically, arthralgia is a symptom of injury, infection, illness (in particular arthritis), or an allergic reaction to medication. According to MeSH, the term arthralgia should only be used when the condition is non-inflammatory, and the term arthritis should be used when the condition is inflammatory.	https://en.wikipedia.org/wiki/Arthralgia
D018886	Aphasia, Conduction		Description not found.	
D018888	Aphasia, Primary Progressive		Description not found.	
D018908	Muscle Weakness		Description not found.	
D018980	Williams Syndrome	Williams syndrome	Williams syndrome (WS), also Williams–Beuren syndrome (WBS), is a genetic disorder that affects many parts of the body. Facial features frequently include a broad forehead, underdeveloped chin, short nose, and full cheeks. Mild to moderate intellectual disability is observed, particularly challenges with visual spatial tasks such as drawing. Verbal skills are relatively unaffected. Many people have an outgoing personality, a happy disposition, an openness to engaging with other people, increased empathy and decreased aggression. Medical issues with teeth, heart problems (especially supravalvular aortic stenosis), and periods of high blood calcium are common. Williams syndrome is caused by a genetic abnormality, specifically a deletion of about 27 genes from the long arm of one of the two chromosome 7s. Typically, this occurs as a random event during the formation of the egg or sperm from which a person develops. In a small number of cases, it is inherited from an affected parent in an autosomal dominant manner. The different characteristic features have been linked to the loss of specific genes. The diagnosis is typically suspected based on symptoms and confirmed by genetic testing. Interventions include special education programs and various types of therapy. Surgery may be performed to correct heart problems. Dietary changes or medications may be required for high blood calcium. The syndrome was first described in 1961 by New Zealander John C. P. Williams. Williams syndrome affects between one in 7,500 to 20,000 people at birth. Life expectancy is less than that of the general population, mostly due to the increased rates of heart disease.	https://en.wikipedia.org/wiki/Williams_syndrome
D019080	Cafe-au-Lait Spots		Description not found.	
D019462	Syncope, Vasovagal		Description not found.	
D019547	Neck Pain		Description not found.	
D019569	Hemifacial Spasm	Hemifacial spasm	Hemifacial spasm (HFS) is a rare neuromuscular disease characterized by irregular, involuntary muscle contractions (spasms) on one side (hemi-) of the face (-facial). The facial muscles are controlled by the facial nerve (seventh cranial nerve), which originates at the brainstem and exits the skull below the ear where it separates into five main branches. This disease takes two forms: typical and atypical. In typical form, the twitching usually starts in the lower eyelid in orbicularis oculi muscle. As time progresses, it spreads to the whole lid, then to the orbicularis oris muscle around the lips, and buccinator muscle in the cheekbone area. The reverse process of twitching occurs in atypical hemifacial spasm; twitching starts in orbicularis oris muscle around the lips, and buccinator muscle in the cheekbone area in the lower face, then progresses up to the orbicularis oculi muscle in the eyelid as time progresses. The most common form is the typical form, and atypical form is only seen in about 2–3% of patients with hemifacial spasm. The incidence of hemifacial spasm is approximately 0.8 per 100,000 persons. This disorder occurs in both men and women, although it affects middle-aged or elderly women more frequently. Hemifacial spasm is much more common in some Asian populations. It may be caused by a facial nerve injury, compression by a blood vessel, a tumor, or it may have no apparent cause. Individuals with spasm on both sides of the face are very rare.	https://en.wikipedia.org/wiki/Hemifacial_spasm
D019575	Blindness, Cortical		Description not found.	
D019584	Hot Flashes		Description not found.	
D019588	Aging, Premature		Description not found.	
D019591	Pseudophakia	Intraocular lens	An intraocular lens (IOL) is a lens implanted in the eye usually as part of a treatment for cataracts or for correcting other vision problems such as near-sightedness (myopia) and far-sightedness (hyperopia); a form of refractive surgery. If the natural lens is left in the eye, the IOL is known as phakic, otherwise it is a pseudophakic lens (or false lens). Both kinds of IOLs are designed to provide the same light-focusing function as the natural crystalline lens. This can be an alternative to LASIK, but LASIK is not an alternative to an IOL for treatment of cataracts. IOLs usually consist of a small plastic lens with plastic side struts, called haptics, to hold the lens in place in the capsular bag inside the eye. IOLs were originally made of a rigid material (PMMA), although this has largely been superseded by the use of flexible materials, such as silicone. Most IOLs fitted today are fixed monofocal lenses matched to distance vision. However, other types are available, such as a multifocal intraocular lens that provides multiple-focused vision at far and reading distance, and adaptive IOLs that provide limited visual accommodation.  Multifocal IOLs can also be trifocal IOLs or extended depth of focus (EDOF) lenses. As of 2021, nearly 28 million cataract procedures took place annually worldwide. That is about 75,000 procedures per day globally. The procedure can be done under local or topical anesthesia with the patient awake throughout the operation. The use of a flexible IOL enables the lens to be rolled for insertion into the capsular bag through a very small incision, thus avoiding the need for stitches. This procedure usually takes less than 30 minutes in the hands of an experienced ophthalmologist, and the recovery period is about two to three weeks. After surgery, patients should avoid strenuous exercise or anything else that significantly increases blood pressure. They should visit their ophthalmologists regularly for three weeks to monitor the implants. IOL implantation carries several risks associated with eye surgeries, such as infection, loosening of the lens, lens rotation, inflammation, nighttime halos and retinal detachment. Though IOLs enable many patients to have reduced dependence on glasses, most patients still rely on glasses for certain activities, such as reading. These reading glasses may be avoided in some cases if multifocal IOLs, trifocal IOLs or EDOF lenses are used.	https://en.wikipedia.org/wiki/Intraocular_lens
D019873	Schnitzler Syndrome		Description not found.	
D019954	Neurobehavioral Manifestations		Description not found.	
D020069	Shoulder Pain		Description not found.	
D020078	Neurogenic Inflammation		Description not found.	
D020150	Chorea Gravidarum		Description not found.	
D020177	Hypersomnolence, Idiopathic		Description not found.	
D020178	Sleep Disorders, Circadian Rhythm		Description not found.	
D020179	Jet Lag Syndrome		Description not found.	
D020181	Sleep Apnea, Obstructive		Description not found.	
D020182	Sleep Apnea, Central		Description not found.	
D020183	Nocturnal Paroxysmal Dystonia		Description not found.	
D020184	Night Terrors	Night Terror	Night Terror or Night Terrors may refer to:	https://en.wikipedia.org/wiki/Night_Terror
D020186	Sleep Bruxism		Description not found.	
D020187	REM Sleep Behavior Disorder	Rapid eye movement sleep behavior disorder	Rapid eye movement sleep behavior disorder, or REM sleep behavior disorder (RBD), is a sleep disorder in which people act out their dreams. It involves abnormal behavior during the sleep phase with rapid eye movement (REM) sleep. The major feature of RBD is loss of muscle atonia (i.e., the loss of paralysis) during otherwise intact REM sleep (during which paralysis is not only normal but necessary). The loss of motor inhibition leads to sleep behaviors ranging from simple limb twitches to more complex integrated movements that can be violent or result in injury to either the individual or their bedmates.   RBD is a very strong predictor of progression to a synucleinopathy (usually Parkinson's disease or dementia with Lewy bodies). Melatonin is useful in the treatment of RBD. RBD was first described in 1986.	https://en.wikipedia.org/wiki/Rapid_eye_movement_sleep_behavior_disorder
D020188	Sleep Paralysis	Sleep paralysis	Sleep paralysis is a state, during waking up or falling asleep, in which a person is conscious but in a complete state of paralysis. During an episode, the person may hallucinate (hear, feel, or see things that are not there), which often results in fear. Episodes generally last no more than a few minutes. It can recur multiple times or occur as a single episode. This condition may occur in those who are otherwise healthy or those with narcolepsy, or it may run in families as a result of specific genetic changes. The condition can be triggered by sleep deprivation, psychological stress, or abnormal sleep cycles. The underlying mechanism is believed to involve a dysfunction in REM sleep. Diagnosis is based on a person's description. Other conditions that can present similarly include narcolepsy, atonic seizure, and hypokalemic periodic paralysis. Treatment options for sleep paralysis have been poorly studied. It is recommended that people be reassured that the condition is common and generally not serious. Other efforts that may be tried include sleep hygiene, cognitive behavioral therapy, and antidepressants. Between 8% to 50% of people experience sleep paralysis at some point during their lifetime. About 5% of people have regular episodes. Males and females are affected equally. Sleep paralysis has been described throughout history. It is believed to have played a role in the creation of stories about alien abduction and other paranormal events.	https://en.wikipedia.org/wiki/Sleep_paralysis
D020189	Nocturnal Myoclonus Syndrome		Description not found.	
D020207	Coma, Post-Head Injury		Description not found.	
D020233	Gait Disorders, Neurologic		Description not found.	
D020234	Gait Ataxia		Description not found.	
D020235	Gait Apraxia		Description not found.	
D020236	Amnesia, Transient Global		Description not found.	
D020237	Alexia, Pure		Description not found.	
D020238	Prosopagnosia	Prosopagnosia	Prosopagnosia, also known as face blindness, is a cognitive disorder of face perception in which the ability to recognize familiar faces, including one's own face (self-recognition), is impaired, while other aspects of visual processing (e.g., object discrimination) and intellectual functioning (e.g., decision-making) remain intact. The term originally referred to a condition following acute brain damage (acquired prosopagnosia), but a congenital or developmental form of the disorder also exists, with a prevalence of 2–2.5%. Prosopagnosia should not be confused with prosopometamorphopsia, a disorder characterized by altered perceptions of faces.	https://en.wikipedia.org/wiki/Prosopagnosia
D020240	Apraxia, Ideomotor	Ideomotor apraxia	"Ideomotor Apraxia, often IMA, is a neurological disorder characterized by the inability to correctly imitate hand gestures and voluntarily mime tool use, e.g. pretend to brush one's hair. The ability to spontaneously use tools, such as brushing one's hair in the morning without being instructed to do so, may remain intact, but is often lost.  The general concept of apraxia and the classification of ideomotor apraxia were developed in Germany in the late 19th and early 20th centuries by the work of Hugo Liepmann,  Adolph Kussmaul,  Arnold Pick,  Paul Flechsig, Hermann Munk, Carl Nothnagel, Theodor Meynert,  and linguist Heymann Steinthal, among others. Ideomotor apraxia was classified as ""ideo-kinetic apraxia"" by Liepmann due to the apparent dissociation of the idea of the action with its execution. The classifications of the various subtypes are not well defined at present, however, owing to issues of diagnosis and pathophysiology. Ideomotor apraxia is hypothesized to result from a disruption of the system that relates stored tool use and gesture information with the state of the body to produce the proper motor output. This system is thought to be related to the areas of the brain most often seen to be damaged when ideomotor apraxia is present: the left parietal lobe and the premotor cortex. Little can be done at present to reverse the motor deficit seen in ideomotor apraxia, although the extent of dysfunction it induces is not entirely clear."	https://en.wikipedia.org/wiki/Ideomotor_apraxia
D020250	Postoperative Nausea and Vomiting		Description not found.	
D020270	Alcohol Withdrawal Seizures		Description not found.	
D020323	Tics	Tic	A tic is a sudden and repetitive motor movement or vocalization that is not rhythmic and involves discrete muscle groups. Tics are typically brief and may resemble a normal behavioral characteristic or gesture. Tics can be invisible to the observer, such as abdominal tensing or toe crunching. Common motor and phonic tics are, respectively, eye blinking and throat clearing. Tics must be distinguished from movement disorders such as chorea, dystonia and myoclonus; the compulsions of obsessive–compulsive disorder (OCD) and seizure activity; and movements exhibited in stereotypic movement disorder (stimming).	https://en.wikipedia.org/wiki/Tic
D020324	Amnesia, Anterograde		Description not found.	
D020335	Paraparesis	Paraplegia	"Paraplegia, or paraparesis, is an impairment in motor or sensory function of the lower extremities. The word comes from Ionic Greek (παραπληγίη) ""half-stricken"". It is usually caused by spinal cord injury or a congenital condition that affects the neural (brain) elements of the spinal canal. The area of the spinal canal that is affected in paraplegia is either the thoracic, lumbar, or sacral regions. If four limbs are affected by paralysis, tetraplegia or quadriplegia is the correct term. If only one limb is affected, the correct term is monoplegia. Spastic paraplegia is a form of paraplegia defined by spasticity of the affected muscles, rather than flaccid paralysis. The American Spinal Injury Association classifies spinal cord injury severity in the following manner. ASIA A is the complete loss of sensory function and motor skills below the injury. ASIA B is having some sensory function below the injury, but no motor function. In ASIA C, there is some motor function below the level of injury, but half of the muscles cannot move against gravity. In ASIA D, more than half of the muscles below the level of injury can move against gravity. ASIA E is the restoration of all neurologic function."	https://en.wikipedia.org/wiki/Paraplegia
D020336	Paraparesis, Spastic		Description not found.	
D020385	Myokymia	Myokymia	Myokymia is an involuntary, spontaneous, localized quivering of a few muscles, or bundles within a muscle, but which are insufficient to move a joint. One type is superior oblique myokymia. Myokymia is commonly used to describe an involuntary eyelid muscle contraction, typically involving the lower eyelid or less often the upper eyelid. It occurs in normal individuals and typically starts and disappears spontaneously. However, it can sometimes last up to three weeks. Since the condition typically resolves itself, medical professionals do not consider it to be serious or a cause for concern. In contrast, facial myokymia is a fine rippling of muscles on one side of the face and may reflect an underlying tumor in the brainstem (typically a brainstem glioma), loss of myelin in the brainstem (associated with multiple sclerosis) or in the recovery stage of Miller-Fisher syndrome, a variant of Guillain–Barré syndrome, an inflammatory polyneuropathy that may affect the facial nerve. Myokymia in otherwise unrelated body parts may occur in neuromyotonia.	https://en.wikipedia.org/wiki/Myokymia
D020447	Parasomnias	Parasomnia	Parasomnias are a category of sleep disorders that involve abnormal movements, behaviors, emotions, perceptions, and dreams that occur while falling asleep, sleeping, between sleep stages, or during arousal from sleep. Parasomnias are dissociated sleep states which are partial arousals during the transitions between wakefulness, NREM sleep, and REM sleep, and their combinations.	https://en.wikipedia.org/wiki/Parasomnia
D020567	Fetal Weight		Description not found.	
D020754	Spinocerebellar Ataxias		Description not found.	
D020757	Amaurosis Fugax		Description not found.	
D020795	Photophobia	Photophobia	Photophobia is a medical symptom of abnormal intolerance to visual perception of light. As a medical symptom, photophobia is not a morbid fear or phobia, but an experience of discomfort or pain to the eyes due to light exposure or by presence of actual physical sensitivity of the eyes, though the term is sometimes additionally applied to abnormal or irrational fear of light, such as heliophobia. The term photophobia comes from Greek  φῶς (phōs) 'light' and  φόβος (phóbos) 'fear'.	https://en.wikipedia.org/wiki/Photophobia
D020820	Dyskinesias	Dyskinesia	Dyskinesia is a category of movement disorders that are characterized by involuntary muscle movements, including movements similar to tics or chorea and diminished voluntary movements. Dyskinesia can be anything from a slight tremor of the hands to an uncontrollable movement of the upper body or lower extremities. Discoordination can also occur internally, especially with the respiratory muscles, and it often goes unrecognized. Dyskinesia is a symptom of several medical disorders that are distinguished by their underlying causes.	https://en.wikipedia.org/wiki/Dyskinesia
D020828	Pseudobulbar Palsy		Description not found.	
D020879	Neuromuscular Manifestations		Description not found.	
D020886	Somatosensory Disorders		Description not found.	
D020915	Korsakoff Syndrome	Korsakoff syndrome	Korsakoff syndrome (KS) is a disorder of the central nervous system characterized by amnesia, deficits in explicit memory, and confabulation. This neurological disorder is caused by a deficiency of thiamine (vitamin B1) in the brain, and it is typically associated with and exacerbated by the prolonged, excessive ingestion of alcohol. Korsakoff syndrome is often accompanied by Wernicke encephalopathy; this combination is called Wernicke–Korsakoff syndrome. Korsakoff syndrome is named after Sergei Korsakoff, the Russian neuropsychiatrist who described it during the late 19th century.	https://en.wikipedia.org/wiki/Korsakoff_syndrome
D020919	Sleep Disorders, Intrinsic		Description not found.	
D020920	Dyssomnias	Dyssomnia	Dyssomnias are a broad classification of sleeping disorders involving difficulty getting to sleep, remaining asleep, or of excessive sleepiness. Dyssomnias are primary disorders of initiating or maintaining sleep or of excessive sleepiness and are characterized by a disturbance in the amount, quality, or timing of sleep. Patients may complain of difficulty getting to sleep or staying asleep, intermittent wakefulness during the night, early morning awakening, or combinations of any of these. Transient episodes are usually of little significance. Stress, caffeine, physical discomfort, daytime napping, and early bedtimes are common factors.	https://en.wikipedia.org/wiki/Dyssomnia
D020921	Sleep Arousal Disorders		Description not found.	
D020922	Sleep-Wake Transition Disorders		Description not found.	
D020923	REM Sleep Parasomnias		Description not found.	
D020924	Urological Manifestations		Description not found.	
D021501	Flank Pain		Description not found.	
D023341	Chills	Chills	Chills is a feeling of coldness occurring usually during a high fever but sometimes alone in specific people. It occurs during fever as a result of the release of cytokines and prostaglandins as part of the inflammatory response, which increases the set point for body temperature in the hypothalamus. The increased set point causes the body temperature to rise (pyrexia), but also makes the patient feel chilled until the new set point is reached. The patient will also shiver because their body produces heat during muscle contraction in a physiological attempt to increase body temperature to the new set point. Chills not accompanying a high fever are normally mild.  A scare, especially one of fear, may cause a chill of medium power and short duration; this is commonly interpreted as or confused with trembling. Severe chills with violent shivering are called rigors.	https://en.wikipedia.org/wiki/Chills
D034062	Insomnia, Fatal Familial		Description not found.	
D034381	Hearing Loss	Hearing loss	Hearing loss is either a partial inability to hear, or a total inability termed deafness. Hearing loss may be present at birth or acquired at any time afterwards.  Hearing loss may occur in one or both ears. In children, hearing problems can affect the ability to acquire spoken language. In adults, it can create difficulties with social interaction and at work. Hearing loss can be temporary or permanent. Hearing loss related to age usually affects both ears and is due to cochlear hair cell loss. In some people, particularly older people, hearing loss can result in isolation and loneliness. Hearing loss may be caused by a number of factors, including: genetics, ageing, exposure to noise, some infections, birth complications, trauma to the ear or brain, and certain medications or toxins. A common condition that results in hearing loss is chronic ear infections. Certain infections during pregnancy, such as cytomegalovirus, syphilis and rubella, may also cause hearing loss in the child. Hearing loss is diagnosed when hearing testing finds that a person is unable to hear 25 decibels in at least one ear. Testing for poor hearing is recommended for all newborns. Hearing loss can be categorized as minimal/slight (15 to 25 dB), mild (25 to 40 dB), moderate (41 to 55 dB), moderate-severe (56 to 70 dB), severe (71 to 90 dB), or profound (greater than 90 dB). There are three main types of hearing loss: conductive hearing loss, sensorineural hearing loss, and mixed hearing loss. About half of hearing loss globally is preventable through public health measures. Such practices include immunization, proper care around pregnancy, avoiding loud noise, and avoiding certain medications. The World Health Organization recommends that young people limit exposure to loud sounds and the use of personal audio players to an hour a day to limit noise exposure. Early identification and support are particularly important in children. For many, hearing aids, sign language, cochlear implants and subtitles are useful. Lip reading is another useful skill some develop. Access to hearing aids, however, is limited in many areas of the world.	https://en.wikipedia.org/wiki/Hearing_loss
D037061	Metatarsalgia	Metatarsalgia	"Metatarsalgia, literally 'metatarsal pain' and colloquially known as a stone bruise, is any painful foot condition affecting the metatarsal region of the foot. This is a common problem that can affect the joints and bones of the metatarsals. Metatarsalgia is most often localized to the first metatarsal head – the ball of the foot just behind the big toe.  There are two small sesamoid bones under the first metatarsal head.  The next most frequent site of metatarsal head pain is under the second metatarsal.  This can be due to either too short a first metatarsal bone or to ""hypermobility of the first ray"" – metatarsal bone and medial cuneiform bone behind it – both of which result in excess pressure being transmitted into the second metatarsal head."	https://en.wikipedia.org/wiki/Metatarsalgia
D038901	Mental Retardation, X-Linked		Description not found.	
D038921	Coffin-Lowry Syndrome		Description not found.	
D041781	Jaundice, Obstructive		Description not found.	
D045262	Reticulocytosis	Reticulocytosis	Reticulocytosis is a laboratory finding in which the number of reticulocytes (immature red blood cells) in the bloodstream is elevated. Reticulocytes account for approximately 0.5% to 2.5% of the total red blood cells in healthy adults and 2% to 6% in infants, but in reticulocytosis, this percentage rises. Reticulocytes are produced in the bone marrow and then released into the bloodstream, where they mature into fully developed red blood cells between 1–2 days. Reticulocytosis often reflects the body's response to conditions rather than an independent disease process and can arise from a variety of causes such as blood loss or anemia.	https://en.wikipedia.org/wiki/Reticulocytosis
D046088	Hearing Loss, Unilateral		Description not found.	
D046089	Hearing Loss, Mixed Conductive-Sensorineural		Description not found.	
D046608	Synkinesis	Synkinesis	Synkinesis is a neurological symptom in which a voluntary muscle movement causes the simultaneous involuntary contraction of other muscles. An example might be smiling inducing an involuntary contraction of the eye muscles, causing a person to squint when smiling. Facial and extraocular muscles are affected most often; in rare cases, a person's hands might perform mirror movements. Synkinesis is usually caused by dysfunction of a particular nerve. Potential causes include improper healing after nerve trauma or neurodegeneration, as occurs in Parkinson's disease. In congenital cases, mutations of genes involved in nerve growth, specifically axonal growth have been found. Rarely, it occurs as part of syndromes with neuroendocrine problems, such as Kallman syndrome. The prognosis is usually good with normal intelligence and lifespan. Treatment depends on the cause, but is largely conservative with facial retraining or mime therapy, if needed, while Botox and surgery are used as last resort.	https://en.wikipedia.org/wiki/Synkinesis
D048949	Labor Pain		Description not found.	
D048968	Morning Sickness		Description not found.	
D050177	Overweight	Overweight	Being overweight is having more body fat than is considered healthy. The World Health Organization (WHO) classifies people as overweight when their body mass index (BMI)—a person's weight divided by the square of the person's height—is between 25–30 kg/m2; BMIs above 30 kg/m2 are defined as obese. Being overweight is especially common where food supplies are plentiful and lifestyles are sedentary. As of 2003, high BMIs reached high proportions globally, with more than 1 billion adults being considered overweight or obese. In 2013, this increased to more than 2 billion. Increases have been observed across all age groups. A healthy body requires fat for proper functioning of the hormonal, reproductive, and immune systems, as thermal insulation, as shock absorption for sensitive areas, and as energy for future use; however, the accumulation of too much storage fat can impair movement and flexibility. Some people are naturally heavier and the body positivity movement has worked to reduce body shaming and improve self-confidence amongst heavierset people. At a basic and fundamental level, the treatments called for are diet and exercise. More extensive treatment may involve support groups like Overeaters Anonymous and mental health treatment. The degree to which treatment is necessary varies culturally and with a medical assessment of an unhealthy weight, treatment has been facilitated by weight loss drugs like GLP-1 receptor agonists.	https://en.wikipedia.org/wiki/Overweight
D051346	Mobility Limitation		Description not found.	
D051474	Neuralgia, Postherpetic		Description not found.	
D052120	Glycogen Storage Disease Type IIb		Description not found.	
D052245	Usher Syndromes		Description not found.	
D053158	Nocturia	Nocturia	"Nocturia is defined by the International Continence Society (ICS) as ""the complaint that the individual has to wake at night one or more times for voiding (i.e., to urinate)"". The term is derived from Latin nox – ""night"", and Greek [τα] ούρα – ""urine"". Causes are varied and can be difficult to discern. Although not every patient needs treatment, most people seek treatment for severe nocturia, which is characterized by the person waking up to void more than two or three times per night."	https://en.wikipedia.org/wiki/Nocturia
D053159	Dysuria	Dysuria	Dysuria is a painful or otherwise uncomfortable sensation in the urethra associated with urination. It can be caused by various conditions, such as urinary tract infections. It is one of a constellation of irritative bladder symptoms (also sometimes referred to as lower urinary tract symptoms), which includes nocturia and urinary frequency.	https://en.wikipedia.org/wiki/Dysuria
D053201	Urinary Bladder, Overactive		Description not found.	
D053202	Urinary Incontinence, Urge		Description not found.	
D053448	Prostatism	Lower urinary tract symptoms	Lower urinary tract symptoms (LUTS) are a group of clinical symptoms involving the bladder, urinary sphincter, urethra and, in men, the prostate. The term is more commonly applied to men – over 40% of older men are affected – but lower urinary tract symptoms also affect women. The condition is also termed prostatism in men, but LUTS is preferred.	https://en.wikipedia.org/wiki/Lower_urinary_tract_symptoms
D053565	Hypercalciuria	Hypercalciuria	Hypercalciuria is the condition of elevated calcium in the urine. Chronic hypercalciuria may lead to impairment of renal function, nephrocalcinosis, and chronic kidney disease. Patients with hypercalciuria have kidneys that excrete higher levels of calcium than normal, for which there are many possible causes.  Calcium may come from one of two paths: through the gut where higher than normal levels of calcium are absorbed by the body or mobilized from stores in the bones. After initial 24 hour urine calcium testing and additional lab testing, a bone density scan (DSX) may be performed to determine if the calcium is being obtained from the bones. Hypercalciuria in patients can be due to underlying genetic causes.	https://en.wikipedia.org/wiki/Hypercalciuria
D053578	Opsoclonus-Myoclonus Syndrome		Description not found.	
D053584	Urinoma	Extravasation of urine	Extravasation of urine refers to the condition where an interruption of the urethra leads to a collection of urine in other cavities (extravasation), such as the scrotum or the penis in males. It is sometimes associated with a calculus.	https://en.wikipedia.org/wiki/Extravasation_of_urine
D053591	Pain, Referred		Description not found.	
D053608	Stupor	Stupor	"Stupor is the lack of critical mental function and a level of consciousness, in which an affected person is almost entirely unresponsive and responds only to intense stimuli such as pain. The word derives from the Latin stupor (""numbness, insensibility"")."	https://en.wikipedia.org/wiki/Stupor
D053609	Lethargy	Lethargy	Lethargy is a state of physical or mental weariness, fatigue, sluggishness, or lack of energy. It can be accompanied by depression, decreased motivation, or apathy, but can also present with having a desire, but not the energy to initiate or perform tasks. Lethargy can be a normal response to inadequate sleep, overexertion, overworking, stress, lack of exercise, improper nutrition, drug abuse, boredom, or a symptom of an underlying illness or disorder. It may also be a side effect of medication or caused by an interaction between medications and alcohol. It may also be an altered level of consciousness. When part of a normal response, lethargy often resolves with rest, adequate sleep, decreased stress, physical exercise, and good nutrition. Its symptoms, however, can last days or even months, so it can be a sign of a recent underlying illness or infection if it does not resolve normally.	https://en.wikipedia.org/wiki/Lethargy
D054058	Acute Coronary Syndrome	Acute coronary syndrome	"Acute coronary syndrome (ACS) is a syndrome due to decreased blood flow in the coronary arteries such that part of the heart muscle is unable to function properly or dies. The most common symptom is centrally located pressure-like chest pain, often radiating to the left shoulder or angle of the jaw, and associated with nausea and sweating. Many people with acute coronary syndromes present with symptoms other than chest pain, particularly women, older people, and people with diabetes mellitus. Acute coronary syndrome is subdivided in three scenarios depending primarily on the presence of electrocardiogram (ECG) changes and blood test results (a change in cardiac biomarkers such as troponin levels): ST elevation myocardial infarction (STEMI), non-ST elevation myocardial infarction (NSTEMI), or unstable angina. STEMI is characterized by complete blockage of a coronary artery resulting in necrosis of part of the heart muscle indicated by ST elevation on ECG, NSTEMI is characterized by a partially blocked coronary artery resulting in necrosis of part of the heart muscle that may be indicated by ECG changes, and unstable angina is characterised by ischemia of the heart muscle that does not result in cell injury or necrosis. ACS should be distinguished from stable angina, which develops during physical activity or stress and resolves at rest. In contrast with stable angina, unstable angina occurs suddenly, often at rest or with minimal exertion, or at lesser degrees of exertion than the individual's previous angina (""crescendo angina""). New-onset angina is also considered unstable angina, since it suggests a new problem in a coronary artery."	https://en.wikipedia.org/wiki/Acute_coronary_syndrome
D054062	Deaf-Blind Disorders		Description not found.	
D054068	Livedo Reticularis		Description not found.	
D054078	Mevalonate Kinase Deficiency		Description not found.	
D054160	Systolic Murmurs		Description not found.	
D054221	Classical Lissencephalies and Subcortical Band Heterotopias		Description not found.	
D054546	Neuroacanthocytosis	Neuroacanthocytosis	Neuroacanthocytosis is a label applied to several genetic neurological conditions in which the blood contains misshapen, spiculated red blood cells called acanthocytes. The 'core' neuroacanthocytosis syndromes, in which acanthocytes are a typical feature, are chorea acanthocytosis and McLeod syndrome. Acanthocytes are seen less frequently in other conditions including Huntington's disease-like syndrome 2 (HDL2) and pantothenate kinase-associated neurodegeneration (PKAN). The neuroacanthocytosis syndromes are caused by a range of genetic mutations and produce a variety of clinical features but primarily produce neurodegeneration of the brain, specifically the basal ganglia. The diseases are hereditary but rare.	https://en.wikipedia.org/wiki/Neuroacanthocytosis
D054971	Orthostatic Intolerance		Description not found.	
D054972	Postural Orthostatic Tachycardia Syndrome	Postural orthostatic tachycardia syndrome	Postural orthostatic tachycardia syndrome (POTS) is a condition characterized by an abnormal increase in heart rate upon sitting up or standing. POTS in adults is characterized by a heart rate increase of 30 beats per minute within ten minutes of standing up, accompanied by other symptoms. This increased heart rate should occur in the absence of a significant drop in blood pressure. POTS is a disorder of the autonomic nervous system that can lead to a variety of symptoms. Upon standing, individuals can experience lightheadedness, blurred vision, heart palpitations, weakness and tremor (shaking). In addition, individuals can experience fatigue, headaches, brain fog, exercise intolerance, nausea, difficulty concentrating, chest pain, and shortness of breath.  POTS is thought to be caused by problems in the autonomic nervous system, which controls heart rate and blood flow. These problems may include blood pooling in the legs, reducing blood return to the heart, or the heart beating faster to make up for low blood pressure. It can develop after a viral infection, surgery, trauma, autoimmune disease, or pregnancy. For instance, it can emerge after contracting COVID-19, as part of long COVID, or possibly in rare cases after COVID-19 vaccination, though causative evidence is limited and further study is needed. POTS is more common among people who got infected with SARS-CoV-2 than among those who got vaccinated against COVID-19. Risk factors include a family history of the condition. Treatment may include:  avoiding factors that bring on symptoms, increasing dietary salt and water, small and frequent meals, wearing compression garments, and medication. Medications used may include:  beta blockers, pyridostigmine, midodrine, fludrocortisone, or ivabradine. More than 50% of patients whose condition was triggered by a viral infection get better within five years. About 80% of patients have symptomatic improvement with treatment, while 25% are so disabled they are unable to work. A retrospective study on patients with adolescent-onset has shown that five years after diagnosis, 19% of patients had full resolution of symptoms. An estimated 1–3 million people in the United States have POTS. The average age for POTS onset is 20, and it occurs about five times more frequently in females than in males.	https://en.wikipedia.org/wiki/Postural_orthostatic_tachycardia_syndrome
D055111	Failed Back Surgery Syndrome	Persistent spinal pain syndrome	Persistent spinal pain syndrome (PSPS) is a pain disorder characterized by chronic pain originating in the spine. PSPS is categorized into two primary types:  Type 1 (PSPS-T1): Spinal pain in patients who have not undergone surgery. Type 2 (PSPS-T2): Spinal pain following one or more surgeries. PSPS type 2 replaces the older term failed back surgery syndrome (FBSS), which is now considered medically inadequate and potentially pejorative. While 'post-laminectomy syndrome' is still used by some clinicians, PSPS is the preferred label under ICD-11. Many factors can contribute to the onset or development of FBSS, including residual or recurrent spinal disc herniation, persistent post-operative pressure on a spinal nerve, altered joint mobility, joint hypermobility with instability, scar tissue (fibrosis), depression, anxiety, sleeplessness, spinal muscular deconditioning, and Cutibacterium acnes infection. An individual may be predisposed to the development of FBSS by comorbid systemic diseases, including diabetes, autoimmune diseases, and peripheral vascular disease.	https://en.wikipedia.org/wiki/Persistent_spinal_pain_syndrome
D055154	Dysphonia	Hoarse voice	"A hoarse voice, also known as dysphonia or hoarseness, is when the voice involuntarily sounds breathy, raspy, or strained, or is softer in volume or lower in pitch. A hoarse voice can be associated with a feeling of unease or scratchiness in the throat. Hoarseness is often a symptom of problems in the vocal folds of the larynx. It may be caused by laryngitis, which in turn may be caused by an upper respiratory infection, a cold, or allergies. Cheering at sporting events, speaking loudly in noisy environments, talking for too long without resting one's voice, singing loudly, or speaking with a voice that is too high or too low can also cause temporary hoarseness. Smoking can also contribute to a hoarse voice. A number of other causes for losing one's voice exist, and treatment is generally by resting the voice and treating the underlying cause. If the cause is misuse or overuse of the voice, drinking plenty of water may alleviate the problems. It appears to occur more commonly in females and the elderly. Furthermore, certain occupational groups, such as teachers and singers, are at an increased risk. Long-term hoarseness, or hoarseness that persists over three weeks, especially when not associated with a cold or flu should be assessed by a medical doctor. It is also recommended to see a doctor if hoarseness is associated with coughing up blood, difficulties swallowing, a lump in the neck, pain when speaking or swallowing, difficulty breathing, or complete loss of voice for more than a few days. For voice to be classified as ""dysphonic"", abnormalities must be present in one or more vocal parameters: pitch, loudness, quality, or variability. Perceptually, dysphonia can be characterised by hoarse, breathy, harsh, or rough vocal qualities, but some kind of phonation remains. Dysphonia can be categorized into two broad main types: organic and functional, and classification is based on the underlying pathology. While the causes of dysphonia can be divided into five basic categories, all of them result in an interruption of the ability of the vocal folds to vibrate normally during exhalation, which affects the voice. The assessment and diagnosis of dysphonia is done by a multidisciplinary team and involves the use of a variety of subjective and objective measures, which look at both the quality of the voice as well as the physical state of the larynx. Multiple treatments have been developed to address organic and functional causes of dysphonia. Dysphonia can be targeted through direct therapy, indirect therapy, medical treatments, and surgery. Functional dysphonias may be treated through direct and indirect voice therapies, whereas surgeries are recommended for chronic, organic dysphonias."	https://en.wikipedia.org/wiki/Hoarse_voice
D055665	Purpura Fulminans		Description not found.	
D055948	Sarcopenia	Sarcopenia	Sarcopenia (ICD-10-CM code M62.84) is a type of muscle loss that occurs with aging and/or immobility.  It is characterized by the degenerative loss of skeletal muscle mass, quality, and strength. The rate of muscle loss is dependent on exercise level, co-morbidities, nutrition and other factors. The muscle loss is related to changes in muscle synthesis signalling pathways. It is distinct from cachexia, in which muscle is degraded through cytokine-mediated degradation, although the two conditions may coexist. Sarcopenia is considered a component of frailty syndrome. Sarcopenia can lead to reduced quality of life, falls, fracture, and disability. Sarcopenia is a factor in changing body composition. When associated with aging populations, certain muscle regions are expected to be affected first, specifically the anterior thigh and abdominal muscles. In population studies, body mass index (BMI) is seen to decrease in aging populations while bioelectrical impedance analysis (BIA) shows body fat proportion rising.	https://en.wikipedia.org/wiki/Sarcopenia
D055955	Susac Syndrome		Description not found.	
D055958	Piriformis Muscle Syndrome		Description not found.	
D055964	Alien Hand Syndrome	Alien hand syndrome	"Alien hand syndrome (AHS) or Dr. Strangelove syndrome is a category of conditions in which a person experiences their limbs acting seemingly on their own, without conscious control over the actions. There are a variety of clinical conditions that fall under this category, most commonly affecting the left hand. There are many similar terms for the various forms of the condition, but they are often used inappropriately. The affected person may sometimes reach for objects and manipulate them without wanting to do so, even to the point of having to use the controllable hand to restrain the alien hand.  The occurrence of alien hand syndrome can be usefully conceptualized as a phenomenon reflecting a functional ""disentanglement"" between thought and action. Alien hand syndrome is best documented in cases where a person has had the two hemispheres of their brain surgically separated, a procedure sometimes used to relieve the symptoms of extreme cases of epilepsy and epileptic psychosis, e.g., temporal lobe epilepsy. It also occurs in some cases after brain surgery, stroke, infection, tumor, aneurysm, migraine and specific degenerative brain conditions such as Alzheimer's disease, corticobasal degeneration and Creutzfeldt–Jakob disease. Other areas of the brain that are associated with alien hand syndrome are the frontal, occipital, and parietal lobes."	https://en.wikipedia.org/wiki/Alien_hand_syndrome
D056124	Slit Ventricle Syndrome		Description not found.	
D056128	Obesity, Abdominal		Description not found.	
D056844	Renal Colic		Description not found.	
D056865	Ideal Body Weight		Description not found.	
D057178	Primary Progressive Nonfluent Aphasia		Description not found.	
D057768	Infantile Apparent Life-Threatening Event		Description not found.	
D057774	Post-Exercise Hypotension		Description not found.	
D057896	Striae Distensae		Description not found.	
D058447	Eye Pain		Description not found.	
D058568	Necrolytic Migratory Erythema		Description not found.	
D059226	Nociceptive Pain		Description not found.	
D059245	Transient Tachypnea of the Newborn		Description not found.	
D059246	Tachypnea	Tachypnea	Tachypnea, also spelt tachypnoea, is a respiratory rate greater than normal, resulting in abnormally rapid and shallow breathing.  In adult humans at rest, any respiratory rate of 12–20 per minute is considered clinically normal, with tachypnea being any rate above that. Children have significantly higher resting ventilatory rates, which decline rapidly during the first three years of life and then steadily until around 18 years. Tachypnea can be an early indicator of pneumonia and other lung diseases in children, and is often an outcome of a brain injury.	https://en.wikipedia.org/wiki/Tachypnea
D059265	Visceral Pain		Description not found.	
D059350	Chronic Pain	Chronic pain	Chronic pain is pain that persists or recurs for longer than 3 months. It is also described as burning, electrical, throbbing, or nauseating pain. This type of pain contrasts with acute pain, which is associated with a specific cause, typically resolves when the cause is treated, and decreases over time. Chronic pain can last for years. Persistent pain often serves no apparent useful purpose.  The most common types of chronic pain include back pain, severe headache, migraine, and facial pain.  Chronic pain can lead to severe psychological and physical effects that may persist for a lifetime.  Physical complications can include damage to brain neurons (grey matter loss), insomnia and sleep deprivation, metabolic disorders, chronic stress, obesity, and heart attack. Mental health consequences may include depression and neurocognitive disorders. A wide range of treatments are  used for chronic pain; drug therapy including opioid and non-opioid drugs, cognitive behavioral therapy and physical therapy are the most  common interventions. Medications such as aspirin and ibuprofen are used for mild pain whereas morphine and codeine are prescribed for severe pain.  Non-pharmacological treatments, such as behavioral therapy and physiotherapy, are often used as complementary approaches due to their limited effectiveness when used alone. There is currently no definitive cure for chronic pain, and research continues into new management and therapeutic options, such as nerve blocks and radiation therapy. An average of 8% to 11.2% of people in different countries experience severe chronic pain, with higher incidence in industrialized countries. Epidemiological studies show prevalence in countries varying from 8% to 55.2% (for example 30-40% in the US and 10-20% in Iran and Canada). Chronic pain affects more people than diabetes, cancer, and heart disease. According to the estimates of the American Medical Association, the costs related to chronic pain in the US are about US$560-635b.	https://en.wikipedia.org/wiki/Chronic_pain
D059352	Musculoskeletal Pain		Description not found.	
D059373	Mastodynia	Breast pain	Breast pain is the symptom of discomfort in either one or both breasts. Pain in both breasts is often described as breast tenderness, is usually associated with the  menstrual period and is not serious. Pain that involves only one part of a breast is more concerning, particularly if a hard mass or nipple discharge is also present. Causes may be related to the menstrual cycle, birth control pills, hormone therapy, or psychiatric medication. Pain may also occur in those with large breasts, during menopause, and in early pregnancy. In about 2% of cases, breast pain is related to breast cancer. Diagnosis involves examination, with medical imaging if only a specific part of the breast hurts. In more than 75% of people, the pain resolves without any specific treatment. Otherwise treatments may include paracetamol or NSAIDs. A well fitting bra may also help. In those with severe pain tamoxifen or danazol may be used. About 70% of women have breast pain at some point in time. Breast pain is one of the most common breast symptoms, along with breast masses and nipple discharge.	https://en.wikipedia.org/wiki/Breast_pain
D059388	Pelvic Girdle Pain	Pelvic girdle pain	Pelvic girdle pain (PGP) is a musculoskeletal condition characterized by pain arising from one or more joints of the pelvic girdle, most commonly the pubic symphysis and sacroiliac joints. It is frequently associated with pregnancy and the postpartum period, and may range from mild discomfort to severe functional limitation. PGP can cause pain, instability, and reduced mobility, particularly during weight-bearing activities. The condition has been recognized in medical literature since antiquity, having been mentioned by Hippocrates and later described in detail by Snelling in the nineteenth century.  The affection appears to consist of relaxation of the pelvic articulations, becoming apparent suddenly after parturition or gradually during pregnancy and permitting a degree of mobility of the pelvic bones which effectively hinders locomotion and gives rise to the most peculiar and alarming sensations.	https://en.wikipedia.org/wiki/Pelvic_girdle_pain
D059390	Breakthrough Pain		Description not found.	
D059411	Lower Urinary Tract Symptoms		Description not found.	
D059445	Anhedonia	Anhedonia	Anhedonia is a diverse array of deficits in hedonic function, including reduced motivation or ability to experience pleasure. While earlier definitions emphasized the inability to experience pleasure, anhedonia is currently used by researchers to refer to reduced motivation, reduced anticipatory pleasure (wanting), reduced consummatory pleasure (liking), and deficits in reinforcement learning. In the Diagnostic and Statistical Manual of Mental Disorders, Fifth Edition (DSM-5), anhedonia is a component of depressive disorders, substance-related disorders, psychotic disorders, and personality disorders, where it is defined by either a reduced ability to experience pleasure, or a diminished interest in engaging in previously pleasurable activities. While the ICD-10 does not explicitly mention anhedonia, the depressive symptom analogous to anhedonia as described in the DSM-5 is a loss of interest or pleasure.	https://en.wikipedia.org/wiki/Anhedonia
D059606	Polydipsia	Polydipsia	Polydipsia is excessive thirst or excess drinking. The word derives from Greek  πολυδίψιος (poludípsios) 'very thirsty', which is derived from Ancient Greek  πολύς (polús) 'much, many' and  δίψα (dípsa) 'thirst'.  Polydipsia is a nonspecific symptom in various medical disorders. It also occurs as an abnormal behaviour in some non-human animals, such as in birds.	https://en.wikipedia.org/wiki/Polydipsia
D059607	Polydipsia, Psychogenic		Description not found.	
D059787	Acute Pain		Description not found.	
D060050	Angina, Stable		Description not found.	
D060486	Ophthalmoplegic Migraine		Description not found.	
D060545	Pudendal Neuralgia		Description not found.	
D060705	Dyscalculia	Dyscalculia	"Dyscalculia is a learning disorder, resulting in difficulty learning or comprehending arithmetic, such as difficulty in understanding numbers, numeracy, learning how to manipulate numbers, performing mathematical calculations, and learning facts in mathematics. In the United Kingdom it is classified as a specific learning difficulty. It is sometimes colloquially referred to as ""math dyslexia"", though this analogy can be misleading as they are distinct syndromes. Dyscalculia is associated with dysfunction in the region around the intraparietal sulcus, and potentially also the frontal lobe. Dyscalculia does not reflect a general deficit in cognitive abilities or difficulties with time, measurement, and spatial reasoning. Estimates of the prevalence of dyscalculia range between three and six percent of the population. In 2015, it was established that 11% of children with dyscalculia also have attention deficit hyperactivity disorder (ADHD). Dyscalculia has also been associated with Turner syndrome, Down syndrome, and people who have spina bifida."	https://en.wikipedia.org/wiki/Dyscalculia
D062026	Alice in Wonderland Syndrome	Alice in Wonderland syndrome	Alice in Wonderland Syndrome (AIWS), also known as Todd's syndrome or dysmetropsia, is a neurological disorder that distorts perception. People with this syndrome may experience distortions in their visual perception of objects, such as appearing smaller (micropsia) or larger (macropsia), or appearing to be closer (pelopsia) or farther (teleopsia) than they are. Distortion may also occur for senses other than vision. The cause of Alice in Wonderland Syndrome is unknown, but it is often associated with migraines, head trauma, or viral encephalitis caused by Epstein–Barr Virus Infection. It is also theorized that AIWS can be caused by abnormal cerebral electrical activity, resulting in abnormal blood flow in the parts of the brain that process visual perception and texture. Alice in Wonderland Syndrome is also possible to be experienced temporarily under the use of certain psychoactive drugs. Although Alice in Wonderland Syndrome can occur in both adolescents and adults, it is more commonly seen in children.	https://en.wikipedia.org/wiki/Alice_in_Wonderland_syndrome
D062706	Prodromal Symptoms		Description not found.	
D063766	Pediatric Obesity	Pediatric Obesity	Pediatric Obesity, formerly known as International Journal of Pediatric Obesity is a peer-reviewed medical journal covering research into all aspects of obesity during childhood and adolescence. The editor-in-chief is Michael Goran (Keck School of Medicine, University of Southern California). The journal is one of three journals published by Wiley-Blackwell on behalf of the International Association for the Study of Obesity.	https://en.wikipedia.org/wiki/Pediatric_Obesity
D063806	Myalgia	Myalgia	Myalgia or muscle pain is a painful sensation evolving from muscle tissue. It is a symptom of many diseases. The most common cause of acute myalgia is the overuse of a muscle or group of muscles; another likely cause is viral infection, especially when there has been no injury. Long-lasting myalgia can be caused by metabolic myopathy, some nutritional deficiencies, ME/CFS, fibromyalgia, and amplified musculoskeletal pain syndrome.	https://en.wikipedia.org/wiki/Myalgia
D064250	Hypertriglyceridemic Waist		Description not found.	
D065634	Cerebrospinal Fluid Leak		Description not found.	
D065635	Benign Paroxysmal Positional Vertigo	Benign paroxysmal positional vertigo	"Benign paroxysmal positional vertigo (BPPV), sometimes called ""top shelf vertigo"", is a disorder arising from a problem in the inner ear. Symptoms are repeated, brief periods of vertigo with movement, characterized by a spinning sensation upon changes in the position of the head. This can occur with turning in bed or changing position. Each episode of vertigo typically lasts less than one minute. Nausea is commonly associated. BPPV is one of the most common causes of vertigo. BPPV is a type of balance disorder along with labyrinthitis and Ménière's disease. It can result from a head injury or simply occur among those who are older. Often, a specific cause is not identified. When found, the underlying mechanism typically involves a small calcified otolith moving around loose in the inner ear. Diagnosis is typically made when the Dix–Hallpike test results in nystagmus (a specific movement pattern of the eyes) and other possible causes have been ruled out. In typical cases, medical imaging is not needed. BPPV is easily treated with a number of simple movements such as the Epley maneuver or half somersault maneuver (in case of diagonal/rotational nystagmus), the Lempert maneuver (in case of horizontal nystagmus), the deep head hanging maneuver (in case of vertical nystagmus) or the Brandt–Daroff exercises. Medications, including antihistamines such as meclizine, may be used to help with nausea. There is tentative evidence that betahistine may help with vertigo, but its use is not generally needed. BPPV is not a serious medical condition, but may present serious risks of injury through falling or other spatial disorientation-induced accidents. When untreated, it might resolve in days to months; however, it may recur in some people. One can needlessly suffer from BPPV for years despite there being a simple and very effective cure. Short-term self-resolution of BPPV is unlikely because the effective cure maneuvers induce strong vertigo, which the patient will naturally resist and not accidentally perform. The first medical description of the condition occurred in 1921 by Róbert Bárány. Approximately 2.4% of people are affected at some point in time. Among those who live until their 80s, 10% have been affected. BPPV affects females twice as often as males. Onset is typically in people between the ages of 50 and 70."	https://en.wikipedia.org/wiki/Benign_paroxysmal_positional_vertigo
D065906	Hyperlactatemia	Lactic acidosis	Lactic acidosis refers to the process leading to the production of lactate by anaerobic metabolism. It increases hydrogen ion concentration tending to the state of acidemia or low pH. The result can be detected with high levels of lactate and low levels of bicarbonate. This is usually considered the result of illness but also results from strenuous exercise. The effect on pH is moderated by the presence of respiratory compensation. Lactic acidosis is usually the result of tissue hypoxia which is not the same as arterial hypoxia. Adequate circulation of blood and perfusion of metabolizing tissue to meet demand is necessary to prevent tissue hypoxia. Lactic acidosis can also be the result of illnesses, medications, poisonings or inborn errors of metabolism that interfere directly with oxygen utilization by cells. The symptoms are generally attributable to the underlying cause, but may include nausea, vomiting, shortness of breath, and generalised weakness. The diagnosis is made on biochemical analysis of blood (often initially on arterial blood gas samples), and once confirmed, generally prompts an investigation to establish the underlying cause to treat the acidosis. In some situations, hemofiltration (purification of the blood) is temporarily required. In rare chronic forms of lactic acidosis caused by mitochondrial disease, a specific diet or dichloroacetate may be used. The prognosis of lactic acidosis depends largely on the underlying cause; in some situations (such as severe infections), it indicates an increased risk of death.	https://en.wikipedia.org/wiki/Lactic_acidosis
D066190	Allesthesia	Allochiria	"Allochiria is a neurological disorder in which the patient responds to stimuli presented to one side of their body as if the stimuli had been presented at the opposite side.  It is associated with spatial transpositions, usually symmetrical, of stimuli from one side of the body (or of the space) to the opposite one.  Thus a touch to the left side of the body will be reported as a touch to the right side, which is also known as somatosensory allochiria.   If the auditory or visual senses are affected, sounds (a person's voice for instance) will be reported as being heard on the opposite side to that on which they occur and objects presented visually will be reported as having been presented on the opposite side.  Often patients may express allochiria in their drawing while copying an image.  Allochiria often co-occurs with unilateral neglect and, like hemispatial neglect, the disorder arises commonly from damage to the right parietal lobe. Allochiria is often confused with alloesthesia, also known as false allochiria. True allochiria is a symptom of dyschiria and unilateral neglect. Dyschiria is a disorder in the localization of sensation due to various degrees of dissociation and cause impairment in one side causing the inability to tell which side of the body was touched. The term is from the Greek meaning ""other hand""."	https://en.wikipedia.org/wiki/Allochiria